ppid,clamp_magnitude,baseline_bias,pointer
104274630779,60,-7.93392391204834,Mouse
104274630779,70,12.40481262207031,Mouse
104274630779,80,14.570980834960938,Mouse
104274630779,90,3.7659088134765613,Mouse
108424307545,100,12.806536865234374,Mouse
108424307545,110,18.546047973632813,Mouse
108424307545,120,19.48960676193237,Mouse
108424307545,130,7.06072692871094,Mouse
112768063321,20,2.535775756835926,
112768063321,30,3.250377273559571,
112768063321,40,-7.377291870117188,
112768063321,50,-3.5025405883789005,
114463583799,140,6.253083038330078,Trackpad
114463583799,150,-9.321920776367188,Trackpad
114463583799,160,-2.754159927368165,Trackpad
114463583799,170,3.7591278076171903,Trackpad
115921796998,55,-4.4995269775390625,Mouse
115921796998,65,-7.00944595336914,Mouse
115921796998,75,2.2512298583984376,Mouse
115921796998,85,-6.581576538085935,Mouse
11866547632,60,1.7197994232177742,Trackpad
11866547632,70,-13.253767395019526,Trackpad
11866547632,80,12.148586273193354,Trackpad
11866547632,90,5.158675384521483,Trackpad
119388378225,95,-3.1681079864501944,Trackpad
119388378225,105,-6.210208129882813,Trackpad
119388378225,115,3.4092681884765623,Trackpad
119388378225,125,1.067083740234375,Trackpad
123183469520,2,-0.6134178161621121,Mouse
123183469520,4,2.0044326782226554,Mouse
123183469520,6,-4.12187194824219,Mouse
123183469520,8,8.880197143554682,Mouse
12978613609,2,-16.629551696777348,Mouse
12978613609,4,-14.45126953125,Mouse
12978613609,6,-4.309589767456055,Mouse
12978613609,8,-23.4753059387207,Mouse
131377047859,60,-0.8564186096191385,Trackpad
131377047859,70,2.4178863525390564,Trackpad
131377047859,80,-3.0476615905761717,Trackpad
131377047859,90,-10.077317810058593,Trackpad
132102677831,140,3.950775146484376,Mouse
132102677831,150,-2.9911315917968855,Mouse
132102677831,160,-10.397933197021484,Mouse
132102677831,170,10.090945434570326,Mouse
132109080906,100,10.499172973632813,Mouse
132109080906,110,-7.322405242919919,Mouse
132109080906,120,-6.897760391235353,Mouse
132109080906,130,-9.598115539550786,Mouse
132760789943,60,1.194174575805664,Mouse
132760789943,70,7.335571289062505,Mouse
132760789943,80,0.46872024536132806,Mouse
132760789943,90,-7.053704833984386,Mouse
134751847945,20,0.017168426513670988,Trackpad
134751847945,30,10.995657348632822,Trackpad
134751847945,40,-10.599786376953125,Trackpad
134751847945,50,-16.82648315429687,Trackpad
139654613099,15,-7.808340454101563,Mouse
139654613099,25,-15.636696720123291,Mouse
139654613099,35,-33.53943481445313,Mouse
139654613099,45,-3.920726013183611,Mouse
140384659403,100,-15.832577514648444,Mouse
140384659403,110,-16.375572204589837,Mouse
140384659403,120,5.655288696289051,Mouse
140384659403,130,-6.8793586730957035,Mouse
141351339407,15,-3.4214111328124988,Trackpad
141351339407,25,7.573190307617187,Trackpad
141351339407,35,-0.8421661376953182,Trackpad
141351339407,45,13.757567596435544,Trackpad
141579159069,3,-8.536535644531256,Trackpad
141579159069,5,-6.76557693481445,Trackpad
141579159069,7,-0.768209075927733,Trackpad
141579159069,10,-0.7938796997070401,Trackpad
142243756214,95,5.9011474609375,Trackpad
142243756214,105,6.9889068603515625,Trackpad
142243756214,115,-16.147961807250976,Trackpad
142243756214,125,-20.6308837890625,Trackpad
146859203465,100,8.97948303222655,Trackpad
146859203465,110,7.54293212890625,Trackpad
146859203465,120,-19.379292297363286,Trackpad
146859203465,130,-2.149553298950193,Trackpad
149687730008,55,6.71158504486084,Mouse
149687730008,65,-31.98372802734375,Mouse
149687730008,75,-4.310489654541014,Mouse
149687730008,85,-26.400724792480467,Mouse
154695465695,95,29.943510055541992,Trackpad
154695465695,105,-3.474383544921875,Trackpad
154695465695,115,-16.145764160156247,Trackpad
154695465695,125,15.150848388671857,Trackpad
156593167223,20,-13.872671508789063,Mouse
156593167223,30,0.935536193847662,Mouse
156593167223,40,4.190488052368164,Mouse
156593167223,50,-24.45870018005371,Mouse
157286867732,3,6.378378295898432,Trackpad
157286867732,5,-0.17440948486328053,Trackpad
157286867732,7,-1.3183547973632925,Trackpad
157286867732,10,6.265957641601562,Trackpad
158240405377,15,-6.177819061279294,Mouse
158240405377,25,5.5587818145751955,Mouse
158240405377,35,-3.9150360107421847,Mouse
158240405377,45,-8.9943359375,Mouse
163470105268,60,-8.000729370117188,Trackpad
163470105268,70,-1.0003387451171875,Trackpad
163470105268,80,-1.4596038818359376,Trackpad
163470105268,90,-0.7192245483398381,Trackpad
163796231616,2,-2.2532787322998042,Mouse
163796231616,4,-10.16077270507812,Mouse
163796231616,6,11.304406738281239,Mouse
163796231616,8,-7.425418472290036,Mouse
164780952734,60,-13.91228942871094,Trackpad
164780952734,70,16.152682495117187,Trackpad
164780952734,80,-5.297887802124024,Trackpad
164780952734,90,8.509738159179687,Trackpad
16847613267,140,-3.025662231445312,Mouse
16847613267,150,4.388539123535165,Mouse
16847613267,160,3.7069305419921874,Mouse
16847613267,170,-4.707220458984375,Mouse
170080221025,60,-18.091632843017578,Mouse
170080221025,70,-5.547534942626953,Mouse
170080221025,80,0.9774291992187498,Mouse
170080221025,90,-22.67039184570313,Mouse
1721418462,135,2.4298980712890623,Trackpad
1721418462,145,4.0462158203125,Trackpad
1721418462,155,2.9001144409179687,Trackpad
1721418462,165,-6.386634826660157,Trackpad
172440417576,95,3.72140350341797,Mouse
172440417576,105,-7.483187103271485,Mouse
172440417576,115,0.4937835693359377,Mouse
172440417576,125,-4.06864929199219,Mouse
175094375154,55,-4.313777923583983,Mouse
175094375154,65,11.313235473632806,Mouse
175094375154,75,7.172261810302736,Mouse
175094375154,85,-4.758505249023437,Mouse
177578993607,55,6.772787475585938,Trackpad
177578993607,65,-7.104071044921869,Trackpad
177578993607,75,1.1949249267578115,Trackpad
177578993607,85,3.0786788940429695,Trackpad
183824516134,140,6.150168991088868,Mouse
183824516134,150,-11.180834197998047,Mouse
183824516134,160,15.341622924804682,Mouse
183824516134,170,-23.25860137939453,Mouse
18545178463,3,-34.065066385269155,Trackpad
18545178463,5,9.448302459716796,Trackpad
18545178463,7,-9.740583801269532,Trackpad
18545178463,10,15.403182983398438,Trackpad
186217949958,100,10.21560668945313,Mouse
186217949958,110,4.969261932373047,Mouse
186217949958,120,-7.876336669921867,Mouse
186217949958,130,-2.307263946533203,Mouse
193100401433,15,1.0402709960937506,Mouse
193100401433,25,5.108625793457032,Mouse
193100401433,35,-9.210847854614258,Mouse
193100401433,45,-2.2145675659179718,Mouse
19706308376,55,3.3334175109863295,Mouse
19706308376,65,14.438339233398438,Mouse
19706308376,75,2.0517276763916015,Mouse
19706308376,85,4.906263732910159,Mouse
199718243908,140,-0.989300537109375,Trackpad
199718243908,150,2.0797470092773453,Trackpad
199718243908,160,-4.838517189025879,Trackpad
199718243908,170,-7.346865844726563,Trackpad
204680910799,20,-4.166986083984375,Mouse
204680910799,30,-8.44351501464844,Mouse
204680910799,40,9.905104064941408,Mouse
204680910799,50,-3.0863998413085936,Mouse
205160485114,55,3.265989685058588,Trackpad
205160485114,65,3.675030517578125,Trackpad
205160485114,75,-8.741280746459962,Trackpad
205160485114,85,17.141201782226563,Trackpad
206032965332,95,0.9321929931640653,Trackpad
206032965332,105,-6.117626953125,Trackpad
206032965332,115,17.630201721191412,Trackpad
206032965332,125,10.683673286437989,Trackpad
208917626878,60,1.0741836547851307,Trackpad
208917626878,70,0.6475387573242203,Trackpad
208917626878,80,-2.0361175537109375,Trackpad
208917626878,90,8.120913696289064,Trackpad
211178143741,20,-16.220445251464845,Mouse
211178143741,30,6.135873413085936,Mouse
211178143741,40,4.342398452758789,Mouse
211178143741,50,-2.306793403625489,Mouse
211349502438,20,24.316950988769538,Mouse
211349502438,30,11.900878906250005,Mouse
211349502438,40,8.670072746276855,Mouse
211349502438,50,26.087884521484376,Mouse
211445384891,100,8.588661193847656,Mouse
211445384891,110,1.1627155303955097,Mouse
211445384891,120,0.39645690917968734,Mouse
211445384891,130,3.661251831054682,Mouse
211914503015,140,14.06842651367187,Trackpad
211914503015,150,-8.250259399414062,Trackpad
211914503015,160,-2.5470893859863275,Trackpad
211914503015,170,0.7111511230468863,Trackpad
214060187805,135,-7.493447875976562,Mouse
214060187805,145,-1.094476318359375,Mouse
214060187805,155,-8.98570861816406,Mouse
214060187805,165,-3.0002571105957028,Mouse
219666297547,20,1.5048637390136703,Trackpad
219666297547,30,-3.142074584960929,Trackpad
219666297547,40,-7.521020507812494,Trackpad
219666297547,50,-2.5609294891357424,Trackpad
219942741794,15,2.6513092041015502,Mouse
219942741794,25,-6.208151245117188,Mouse
219942741794,35,-8.212759017944338,Mouse
219942741794,45,5.90208282470703,Mouse
220885766670,100,2.138978576660151,Mouse
220885766670,110,-2.5276527404785125,Mouse
220885766670,120,-1.2388015747070313,Mouse
220885766670,130,-15.17060546875,Mouse
230769543210,135,-1.699835205078125,Mouse
230769543210,145,2.5463935852050787,Mouse
230769543210,155,-11.75965313911438,Mouse
230769543210,165,8.531529235839836,Mouse
230918759014,20,2.522862625122071,Trackpad
230918759014,30,-5.863825988769531,Trackpad
230918759014,40,18.064482116699217,Trackpad
230918759014,50,-10.470880126953125,Trackpad
23243432166,20,7.419328308105472,Mouse
23243432166,30,6.952849388122559,Mouse
23243432166,40,-1.3990646362304673,Mouse
23243432166,50,4.0157653808593805,Mouse
232699431944,55,-0.5746795654296875,Mouse
232699431944,65,-3.742306518554682,Mouse
232699431944,75,-5.101741981506349,Mouse
232699431944,85,17.086032104492197,Mouse
232846173923,60,-5.093931579589849,Trackpad
232846173923,70,2.927942657470703,Trackpad
232846173923,80,11.727426147460937,Trackpad
232846173923,90,-0.9237335205078182,Trackpad
234950867248,55,13.939442443847662,Mouse
234950867248,65,12.610057067871093,Mouse
234950867248,75,-3.7995254516601564,Mouse
234950867248,85,-4.564111328125,Mouse
238396474858,55,-10.380188369750977,Trackpad
238396474858,65,-3.5864257812499942,Trackpad
238396474858,75,-5.024822998046872,Trackpad
238396474858,85,-6.364990234375,Trackpad
239901129854,60,20.10178146362305,Mouse
239901129854,70,-4.706367492675787,Mouse
239901129854,80,-5.97164119631052,Mouse
239901129854,90,-1.543813419342041,Mouse
242302735568,55,10.2436798095703,Mouse
242302735568,65,0.6821636199951178,Mouse
242302735568,75,6.523109436035156,Mouse
242302735568,85,-5.4634887695312475,Mouse
244346351129,3,-25.080230784416198,Mouse
244346351129,5,-4.30936279296875,Mouse
244346351129,7,-10.709793090820312,Mouse
244346351129,10,8.607231903076174,Mouse
244418469024,2,34.441015625,Mouse
244418469024,6,31.705906677246094,Mouse
244418469024,8,33.79936075210571,Mouse
245267280377,55,15.584907531738281,Trackpad
245267280377,65,-20.82114715576172,Trackpad
245267280377,75,13.686671447753909,Trackpad
245267280377,85,-7.914298057556152,Trackpad
245556890498,100,-35.92080993652344,Mouse
245556890498,110,-2.9587564468383905,Mouse
245556890498,120,-4.148593902587891,Mouse
245556890498,130,-16.54090194702148,Mouse
247101632412,135,-12.68929443359375,Mouse
247101632412,145,0.8262460708618165,Mouse
247101632412,155,-0.7035949707031304,Mouse
247101632412,165,-13.721878051757821,Mouse
248674978269,140,-13.560623168945312,Trackpad
248674978269,150,-2.882954025268554,Trackpad
248674978269,160,7.254090118408203,Trackpad
248674978269,170,29.441198730468745,Trackpad
251308053499,100,14.869458007812494,Trackpad
251308053499,110,-15.527262783050537,Trackpad
251308053499,120,6.9227958679199215,Trackpad
251308053499,130,-18.050851440429692,Trackpad
252662312705,140,-1.1698822021484319,Trackpad
252662312705,150,14.123474121093754,Trackpad
252662312705,160,1.2281044006347654,Trackpad
252662312705,170,3.5485870361328127,Trackpad
25723101804,100,2.3272247314453134,Mouse
25723101804,110,3.6241638183593805,Mouse
25723101804,120,1.1406097412109346,Mouse
25723101804,130,17.97176284790039,Mouse
258433481445,95,0.40753517150878926,Trackpad
258433481445,105,-6.6447601318359375,Trackpad
258433481445,115,-0.07334747314453124,Trackpad
258433481445,125,-15.719560241699218,Trackpad
260547727346,100,-6.619404602050778,Trackpad
260547727346,110,-6.082431411743164,Trackpad
260547727346,120,13.451293754577637,Trackpad
260547727346,130,-1.1453269958496093,Trackpad
261405949946,60,8.741305541992187,Mouse
261405949946,70,13.816609191894532,Mouse
261405949946,80,-4.521475791931152,Mouse
261405949946,90,-11.2500701904297,Mouse
263123473152,100,-15.12467041015625,Trackpad
263123473152,110,17.660781860351552,Trackpad
263123473152,120,2.348004913330075,Trackpad
263123473152,130,-1.1722202301025382,Trackpad
263290655799,15,-4.259894180297851,Trackpad
263290655799,25,-2.9960922241210937,Trackpad
263290655799,35,-7.505285644531244,Trackpad
263290655799,45,20.697682571411132,Trackpad
263992263004,2,-4.891421890258789,Mouse
263992263004,4,-5.851455688476568,Mouse
263992263004,6,-14.707185363769534,Mouse
263992263004,8,-7.125987243652347,Mouse
264130884315,100,-17.983063220977783,Mouse
264130884315,110,-29.822415924072267,Mouse
264130884315,120,-15.127279663085943,Mouse
264130884315,130,-28.248683166503906,Mouse
266126640839,2,-4.493910217285159,Mouse
266126640839,4,-6.360070800781256,Mouse
266126640839,6,-9.652343749999996,Mouse
266126640839,8,0.9799655914306664,Mouse
270836319308,95,3.5800872802734376,Trackpad
270836319308,105,-0.5691625595092787,Trackpad
270836319308,115,-4.418376922607424,Trackpad
270836319308,125,17.276747131347665,Trackpad
272993694525,2,-1.5324802398681654,Trackpad
272993694525,4,-7.52052688598633,Trackpad
272993694525,6,3.3279052734375028,Trackpad
272993694525,8,-8.622778320312488,Trackpad
277495261980,100,-8.935690689086915,Mouse
277495261980,110,-4.824659729003898,Mouse
277495261980,120,-10.510150146484374,Mouse
277495261980,130,-4.0602294921875,Mouse
281449537957,3,8.79560546875,Trackpad
281449537957,5,-7.945499420166014,Trackpad
281449537957,7,0.5197662353515625,Trackpad
281449537957,10,-6.188888549804693,Trackpad
283817955758,2,-8.07148284912109,Trackpad
283817955758,4,5.315629577636718,Trackpad
283817955758,6,10.782943725585927,Trackpad
283817955758,8,-9.638563537597657,Trackpad
284887481713,55,-6.767338562011721,Mouse
284887481713,65,6.570245361328136,Mouse
284887481713,75,-0.5902132034301768,Mouse
284887481713,85,10.974561309814453,Mouse
285770176909,60,11.538222885131836,Mouse
285770176909,70,-18.34496765136719,Mouse
285770176909,80,1.9678833007812444,Mouse
285770176909,90,-17.401834106445314,Mouse
286533593898,3,11.946004295349121,Mouse
286533593898,5,1.8253059387207031,Mouse
286533593898,7,10.499603271484366,Mouse
286533593898,10,-4.104943847656239,Mouse
287971476791,15,-6.803089904785148,Mouse
287971476791,25,-14.024694824218766,Mouse
287971476791,35,4.017963790893555,Mouse
287971476791,45,-7.842549896240234,Mouse
288731469074,130,30.344219970703126,Mouse
290626679547,135,-2.7450347900390653,Mouse
290626679547,145,-0.40469093322753763,Mouse
290626679547,155,0.25189208984374983,Mouse
290626679547,165,-5.801498413085935,Mouse
290656034369,135,16.37520141601562,Trackpad
290656034369,145,-7.663594055175787,Trackpad
290656034369,155,10.924606323242182,Trackpad
290656034369,165,15.605552673339844,Trackpad
292629866395,135,0.7257896423339844,Trackpad
292629866395,145,2.436015319824216,Trackpad
292629866395,155,-4.701565551757812,Trackpad
292629866395,165,-6.754100036621095,Trackpad
295092569896,95,-0.06081314086913423,Mouse
295092569896,105,6.618589782714852,Mouse
295092569896,115,29.786717224121098,Mouse
299489942844,2,-12.292462158203126,Mouse
299489942844,4,-13.826628875732421,Mouse
299489942844,6,-8.575794982910159,Mouse
299489942844,8,-10.731913757324218,Mouse
300018938491,95,-0.24216766357421732,Mouse
300018938491,105,-14.837135314941417,Mouse
300018938491,115,2.316534423828125,Mouse
300018938491,125,-1.7021800994873053,Mouse
306810469599,15,-5.901399612426758,Mouse
306810469599,25,-8.173271942138673,Mouse
306810469599,35,10.219970321655273,Mouse
306810469599,45,-12.284773254394537,Mouse
307390059111,3,-6.200459289550784,Mouse
307390059111,5,8.310879516601563,Mouse
307390059111,7,2.2213973999023464,Mouse
307390059111,10,-1.719508552551268,Mouse
311279476853,15,-14.251763916015625,Mouse
311279476853,25,-9.28287353515625,Mouse
311279476853,35,-10.831853580474853,Mouse
311279476853,45,-16.751730346679686,Mouse
311518904287,15,23.19938564300537,Mouse
311518904287,35,8.693118286132812,Mouse
311518904287,45,15.591719055175783,Mouse
312810119008,20,4.350726318359375,Mouse
312810119008,30,1.6171478271484403,Mouse
312810119008,40,9.376295471191408,Mouse
312810119008,50,-11.497033309936523,Mouse
313978052698,135,-16.48509216308593,Trackpad
313978052698,145,8.104285240173338,Trackpad
313978052698,155,-6.330269622802734,Trackpad
313978052698,165,6.5353042602539,Trackpad
314153794897,95,-12.975802040100097,Mouse
314153794897,105,-5.032937622070312,Mouse
314153794897,115,-0.7747688293457043,Mouse
314153794897,125,-21.183230590820312,Mouse
314581190701,135,-0.115576171875,Trackpad
314581190701,145,1.464879608154296,Trackpad
314581190701,155,-6.700416564941409,Trackpad
314581190701,165,-4.73838195800783,Trackpad
314751828555,3,-10.219297790527339,Trackpad
314751828555,5,0.2729442596435532,Trackpad
314751828555,7,1.6159591674804688,Trackpad
314751828555,10,-3.770294189453125,Trackpad
31763185048,60,8.263803100585939,Mouse
31763185048,70,0.23224182128906268,Mouse
31763185048,80,8.075275230407716,Mouse
31763185048,90,7.453990173339849,Mouse
320314205950,65,26.76695537567138,Mouse
320314205950,75,-19.085849004983903,Mouse
326018211431,2,8.304814147949216,Trackpad
326018211431,4,6.963727951049805,Trackpad
326018211431,6,-2.131646728515625,Trackpad
326018211431,8,-3.3731971740722657,Trackpad
326031055534,140,2.4797149658203126,Mouse
326031055534,150,10.765823364257812,Mouse
326031055534,160,11.794505310058597,Mouse
326031055534,170,5.762285041809081,Mouse
326328627765,20,-16.58763732910155,Trackpad
326328627765,30,6.44744567871094,Trackpad
326328627765,40,1.3379241943359368,Trackpad
326328627765,50,-5.863078308105469,Trackpad
329580827848,55,7.711007690429687,Mouse
329580827848,65,18.35348815917969,Mouse
329580827848,75,3.778933715820313,Mouse
329580827848,85,17.922353076934815,Mouse
333479267545,135,-15.51503601074219,Trackpad
333479267545,145,10.787458038330076,Trackpad
333479267545,155,2.3708526611328127,Trackpad
333479267545,165,-12.701893806457518,Trackpad
334186456864,100,4.907798004150391,Mouse
334186456864,110,-0.023263549804684303,Mouse
334186456864,120,1.9761810302734375,Mouse
334186456864,130,9.299417018890379,Mouse
33616929547,135,-8.8683349609375,Mouse
33616929547,145,-10.932034301757813,Mouse
33616929547,155,5.813771057128906,Mouse
33616929547,165,4.308045196533204,Mouse
340447094989,3,23.669552612304688,Mouse
340447094989,5,-3.3739871978759766,Mouse
340447094989,7,-7.22945098876954,Mouse
340447094989,10,8.895397186279297,Mouse
340899273753,140,-5.083253479003915,Trackpad
340899273753,150,-8.949890899658202,Trackpad
340899273753,160,-0.7312225341796873,Trackpad
340899273753,170,9.631440353393554,Trackpad
342998198233,20,-0.5349967956542969,Trackpad
342998198233,30,-4.677672576904297,Trackpad
342998198233,40,-17.590060424804676,Trackpad
342998198233,50,-4.150660705566404,Trackpad
347401194740,140,9.971433258056638,Trackpad
347401194740,150,-7.215394592285156,Trackpad
347401194740,160,5.828881835937497,Trackpad
347401194740,170,-9.191665649414062,Trackpad
349368817172,60,-15.3538330078125,Mouse
349368817172,70,-15.614082336425781,Mouse
349368817172,80,-15.90384521484375,Mouse
349368817172,90,-14.433768463134765,Mouse
3512277966,20,-11.251325988769528,Mouse
3512277966,30,-3.472027587890625,Mouse
3512277966,40,-6.547083473205566,Mouse
3512277966,50,-9.986604309082034,Mouse
353267429629,2,-6.630746459960937,Trackpad
353267429629,4,12.595492553710946,Trackpad
353267429629,6,-8.037649536132813,Trackpad
353267429629,8,0.9758033752441408,Trackpad
353520557284,55,-17.57811279296875,Mouse
353520557284,65,1.6890666961669916,Mouse
353520557284,75,5.20770034790039,Mouse
353520557284,85,8.825036621093739,Mouse
357323471689,140,-2.3934402465820255,Mouse
357323471689,150,-7.868633842468263,Mouse
357323471689,160,-4.558081054687493,Mouse
357323471689,170,10.269660186767577,Mouse
35938706947,100,-2.7048810958862295,Mouse
35938706947,110,8.43591918945312,Mouse
35938706947,120,-4.812721252441417,Mouse
35938706947,130,9.650493621826174,Mouse
363396258093,3,-1.614538192749022,Mouse
363396258093,5,-8.493154907226563,Mouse
363396258093,7,5.285633087158203,Mouse
363396258093,10,-9.4100830078125,Mouse
366712725954,140,8.271473693847657,Mouse
366712725954,150,9.852603149414056,Mouse
366712725954,160,12.15660552978515,Mouse
366712725954,170,-3.1135274887084963,Mouse
366977208759,55,-5.28234558105469,Trackpad
366977208759,65,-2.9550010681152346,Trackpad
366977208759,75,-8.199010848999023,Trackpad
366977208759,85,-6.065097045898439,Trackpad
368230630876,2,12.955892944335933,Trackpad
368230630876,4,-5.49329833984375,Trackpad
368230630876,6,-9.967123413085938,Trackpad
368230630876,8,3.796655273437499,Trackpad
37013057852,15,-5.000846862792969,Mouse
37013057852,25,-0.9071104049682617,Mouse
37013057852,35,-10.151662445068357,Mouse
37013057852,45,-9.79510955810547,Mouse
370640644570,15,-9.69830017089844,Mouse
370640644570,25,1.1198921203613277,Mouse
370640644570,35,15.3677978515625,Mouse
370640644570,45,12.293014907836914,Mouse
372881010640,3,-9.501132202148435,Mouse
372881010640,5,-0.2841903686523436,Mouse
372881010640,7,-2.910140991210926,Mouse
372881010640,10,-2.872374343872073,Mouse
372902434784,95,-21.716621398925785,Mouse
372902434784,105,-28.245059204101562,Mouse
372902434784,115,-11.318966674804699,Mouse
372902434784,125,-26.804675769805907,Mouse
374362493632,95,6.8760101318359315,Trackpad
374362493632,105,24.0130615234375,Trackpad
374362493632,115,-2.64728240966798,Trackpad
374362493632,125,0.5596126556396491,Trackpad
375371629837,20,6.860268402099609,Trackpad
375371629837,30,-1.072949218749994,Trackpad
375371629837,40,8.859844970703127,Trackpad
375371629837,50,3.1904920578002924,Trackpad
376660312758,2,7.711064910888675,Mouse
376660312758,4,10.200283813476569,Mouse
376660312758,6,-10.044443511962891,Mouse
376660312758,8,7.5837890625,Mouse
37822414888,100,-1.053448486328125,Mouse
37822414888,110,9.952253341674805,Mouse
37822414888,120,2.517215383052823,Mouse
37822414888,130,2.610818481445321,Mouse
381056854035,135,-0.1642230987548839,Trackpad
381056854035,145,-7.913035583496094,Trackpad
381056854035,155,2.9616149902343807,Trackpad
381056854035,165,-3.1346069335937385,Trackpad
381467347498,55,8.529592895507804,Mouse
381467347498,65,4.009866333007818,Mouse
381467347498,75,-1.8830543518066434,Mouse
381467347498,85,12.498279953002928,Mouse
383627469185,15,2.234188842773432,Trackpad
383627469185,25,-0.8436569213867131,Trackpad
383627469185,35,34.16566853635013,Trackpad
383627469185,45,25.290980529785156,Trackpad
385475812479,2,-19.007135009765626,Mouse
385475812479,4,33.34506711959838,Mouse
385475812479,6,9.947279357910158,Mouse
385475812479,8,-13.825770664215089,Mouse
38639956153,2,19.23266143798828,Trackpad
38639956153,4,14.973675537109376,Trackpad
38639956153,6,-8.728201293945308,Trackpad
38639956153,8,-7.471675300598145,Trackpad
390771680977,15,2.421099853515622,Trackpad
394487149082,20,7.918176651000977,Trackpad
394487149082,30,-2.7926658630371084,Trackpad
394487149082,40,17.125854492187493,Trackpad
394487149082,50,0.30681304931640624,Trackpad
395056795561,135,5.629917907714841,Trackpad
395056795561,145,1.9621978759765626,Trackpad
395056795561,155,3.2903408050537104,Trackpad
395056795561,165,-10.616195678710938,Trackpad
395156049868,95,-7.487455749511719,Trackpad
395156049868,105,-9.082929992675782,Trackpad
395156049868,115,-1.5713516235351506,Trackpad
395156049868,125,-9.353515625,Trackpad
398109816713,15,-17.101329040527332,Mouse
398109816713,25,-15.725106620788575,Mouse
398109816713,35,-1.1585479736328126,Mouse
398109816713,45,-9.002915954589842,Mouse
399793741991,140,-7.072725677490231,Mouse
399793741991,150,-8.909414863586425,Mouse
399793741991,160,3.888787841796875,Mouse
399793741991,170,-5.682363891601568,Mouse
400006499374,60,4.015257263183597,Trackpad
400006499374,70,14.88927841186523,Trackpad
400006499374,80,1.990618896484375,Trackpad
400006499374,90,-4.313769149780275,Trackpad
401611892739,15,36.044610595703126,Trackpad
401611892739,25,-2.0775617599487335,Trackpad
401611892739,35,10.738894844055176,Trackpad
406984957400,55,15.579405212402344,Mouse
406984957400,65,-0.064029312133788,Mouse
406984957400,75,3.152313232421875,Mouse
406984957400,85,16.960965728759767,Mouse
408276378177,135,-12.206649780273443,Mouse
408276378177,145,-13.606898498535156,Mouse
408276378177,155,-11.760446739196778,Mouse
408276378177,165,-12.13375854492187,Mouse
409510251833,140,-12.641718482971191,Mouse
409510251833,150,-16.445764160156237,Mouse
409510251833,160,-9.70354614257813,Mouse
409510251833,170,-17.43272018432617,Mouse
412116680061,95,-6.312960815429688,Mouse
412116680061,105,-14.94030990600586,Mouse
412116680061,115,-0.7012939453125,Mouse
412116680061,125,9.287658500671387,Mouse
413611575961,3,0.023717498779296874,Trackpad
413611575961,5,-5.044185638427733,Trackpad
413611575961,7,-5.59195404052735,Trackpad
413611575961,10,-1.3188873291015624,Trackpad
415114416275,55,4.885471534729005,Mouse
415114416275,65,9.753187561035173,Mouse
415114416275,75,11.9267822265625,Mouse
415114416275,85,1.6562873840332046,Mouse
416004814207,60,-2.1638946533203125,Mouse
416004814207,70,10.433645629882818,Mouse
416004814207,80,7.4575569152832015,Mouse
416004814207,90,0.4627807617187491,Mouse
418817504309,135,-18.026540565490723,Mouse
418817504309,145,-15.652041625976562,Mouse
418817504309,155,-14.010042572021485,Mouse
418817504309,165,-5.331813049316409,Mouse
42404767125,3,-8.405000305175781,Trackpad
42404767125,5,1.0476745605468742,Trackpad
42404767125,7,-3.351300048828122,Trackpad
42404767125,10,-8.358139038085932,Trackpad
424813729943,3,13.93632431030274,Mouse
424813729943,5,19.33244323730469,Mouse
424813729943,7,24.184215259552005,Mouse
424813729943,10,14.4422607421875,Mouse
426775530911,95,3.302308082580565,Mouse
426775530911,105,8.542981719970703,Mouse
426775530911,115,2.2378692626953125,Mouse
426775530911,125,6.390580749511718,Mouse
427979396888,135,-8.555030059814452,Mouse
427979396888,145,-5.7825439453125,Mouse
427979396888,155,-8.990637207031252,Mouse
427979396888,165,2.103223419189453,Mouse
432379164500,20,-14.241921234130857,Mouse
432379164500,30,0.38900756835937605,Mouse
432379164500,40,0.14610443115233523,Mouse
432379164500,50,-2.5553009033203127,Mouse
435751852346,15,4.312820434570318,Trackpad
435751852346,25,8.18349304199219,Trackpad
435751852346,35,-18.874731063842773,Trackpad
435751852346,45,-1.213507843017577,Trackpad
437488567084,55,6.080921173095703,Mouse
437488567084,65,11.840240478515629,Mouse
437488567084,75,-4.557730102539051,Mouse
437488567084,85,5.579017639160162,Mouse
439513294491,155,36.14770660400391,Trackpad
441084582125,2,3.0444473266601646,Mouse
441084582125,4,-13.269571685791016,Mouse
441084582125,6,5.163819122314453,Mouse
441084582125,8,-8.980334472656262,Mouse
448455020785,60,-11.46148452758789,Mouse
448455020785,70,-12.345869064331055,Mouse
448455020785,80,-19.206048583984376,Mouse
448455020785,90,-6.4462677001953095,Mouse
448933199979,100,-18.922010803222655,Mouse
448933199979,110,9.57577819824218,Mouse
448933199979,120,4.109652328491211,Mouse
448933199979,130,-13.135049438476567,Mouse
450251729693,135,-7.8161437988281275,Mouse
450251729693,145,-20.772906494140624,Mouse
450251729693,155,-14.979653930664066,Mouse
450251729693,165,-7.363544273376465,Mouse
450325436890,3,-16.63342628479004,Mouse
450325436890,5,-10.816693115234381,Mouse
450325436890,7,-2.4460664749145518,Mouse
450325436890,10,-8.553013610839846,Mouse
451075873570,135,0.8197479248046818,Mouse
451075873570,145,-2.1470649719238266,Mouse
451075873570,155,10.038038635253903,Mouse
451075873570,165,1.354336738586427,Mouse
453578034881,3,16.543807983398438,Mouse
453578034881,5,-4.478274726867676,Mouse
453578034881,7,5.525265502929686,Mouse
453578034881,10,16.141933822631835,Mouse
455088283633,3,4.164556884765622,Trackpad
455088283633,5,4.788608741760251,Trackpad
455088283633,7,10.850572204589849,Trackpad
455088283633,10,-4.74808349609375,Trackpad
455411954782,95,7.700933837890624,Mouse
455411954782,105,12.027309799194342,Mouse
455411954782,115,6.199551391601562,Mouse
455411954782,125,6.35985164642334,Mouse
456157590029,15,-0.7720245361328125,Mouse
456157590029,25,5.501980209350586,Mouse
456157590029,35,7.563166904449463,Mouse
456157590029,45,-2.605950927734378,Mouse
460031946655,140,18.887323093414306,Mouse
460031946655,150,8.943096160888674,Mouse
460031946655,160,15.314678955078131,Mouse
460031946655,170,14.728666687011719,Mouse
46445406973,55,22.272528457641595,Mouse
46445406973,65,-14.686174011230468,Mouse
46445406973,75,11.97320957183838,Mouse
46445406973,85,-9.117404174804687,Mouse
466064047068,55,-1.262530517578125,Mouse
466064047068,65,-1.4726091384887698,Mouse
466064047068,75,13.113336181640625,Mouse
466064047068,85,4.419906616210949,Mouse
466178274480,15,-5.160860443115236,Trackpad
466178274480,25,-6.466802978515625,Trackpad
466178274480,35,-7.955361557006836,Trackpad
466178274480,45,-3.0533386230468778,Trackpad
466315876226,20,11.513381195068359,Trackpad
466315876226,30,1.375164794921875,Trackpad
466315876226,40,8.409146118164063,Trackpad
466315876226,50,3.4397689819336024,Trackpad
47219052677,3,-0.7810119628906249,Trackpad
47219052677,5,-4.4991302490234375,Trackpad
47219052677,7,-4.46678352355957,Trackpad
47219052677,10,1.6680847167968835,Trackpad
472660400671,60,16.057829666137696,Mouse
472660400671,70,27.41924743652344,Mouse
472660400671,80,20.423393249511722,Mouse
472660400671,90,12.910903930664062,Mouse
475080016767,2,4.883203124999995,Mouse
475080016767,4,2.0860389709472638,Mouse
475080016767,6,-2.746397018432617,Mouse
475080016767,8,-3.3065368652343694,Mouse
477302741259,140,-1.1575408935546996,Trackpad
477302741259,150,20.7482048034668,Trackpad
477302741259,160,4.623566436767578,Trackpad
477302741259,170,-3.843988037109381,Trackpad
47769424039,100,-12.14794921875,Trackpad
47769424039,110,-2.8065505981445313,Trackpad
47769424039,120,9.836943054199214,Trackpad
47769424039,130,-4.312297439575197,Trackpad
478219331707,140,-1.5927333831787112,Trackpad
478219331707,150,5.727182006835943,Trackpad
478219331707,160,-26.777464276552195,Trackpad
478219331707,170,7.17682342529297,Trackpad
478867326164,2,11.272583007812504,Mouse
478867326164,4,12.878868103027344,Mouse
478867326164,6,-0.9778472900390621,Mouse
478867326164,8,9.482321548461915,Mouse
479103788267,6,-14.738162231445306,Trackpad
479103788267,8,-15.395222473144532,Trackpad
479406978469,135,-1.732492065429689,Mouse
479406978469,145,8.217642211914063,Mouse
479406978469,155,-3.751485061645508,Mouse
479406978469,165,1.4052978515624972,Mouse
479445978766,60,-4.908638381958008,Mouse
479445978766,70,9.073110580444336,Mouse
479445978766,80,11.075099182128904,Mouse
479445978766,90,4.085015869140636,Mouse
482715387130,95,29.248814392089848,Mouse
482715387130,105,26.471827697753906,Mouse
482715387130,115,24.2781005859375,Mouse
482715387130,125,20.5198694229126,Mouse
482947064097,135,-0.930770874023432,Mouse
482947064097,145,1.0678359985351562,Mouse
482947064097,155,-2.2327602386474616,Mouse
482947064097,165,6.7419181823730465,Mouse
484121365239,100,-10.095418548583982,Mouse
484121365239,110,-0.9741973876953125,Mouse
484121365239,120,0.9883329391479485,Mouse
484121365239,130,-6.962528991699221,Mouse
485655207419,3,1.7632858276367156,Mouse
485655207419,5,2.2620689392089846,Mouse
485655207419,7,-7.220022583007807,Mouse
485655207419,10,-5.182711029052735,Mouse
486883807927,60,-27.286087036132812,Mouse
486883807927,70,-22.619543457031252,Mouse
486883807927,80,-21.468772411346436,Mouse
486883807927,90,-14.509640502929694,Mouse
488179284147,135,7.578585624694824,Mouse
488179284147,145,-9.055303955078125,Mouse
488179284147,155,7.8420562744140625,Mouse
488179284147,165,9.64602508544923,Mouse
488543499493,55,5.45120849609375,Mouse
488543499493,65,-5.739775085449219,Mouse
488543499493,75,-4.473699951171881,Mouse
488543499493,85,-8.10431060791016,Mouse
490372725762,3,14.302486801147461,Trackpad
490372725762,5,-7.361477661132807,Trackpad
490372725762,7,15.624432373046869,Trackpad
490372725762,10,-1.9757507324218764,Trackpad
491690849186,95,2.3048919677734374,Trackpad
491690849186,105,-3.056937408447266,Trackpad
491690849186,115,2.534684753417969,Trackpad
491690849186,125,-5.497906494140625,Trackpad
491837100125,140,16.548901367187483,Trackpad
491837100125,150,8.181733703613281,Trackpad
491837100125,160,-3.8009094238281307,Trackpad
491837100125,170,4.922273254394533,Trackpad
49237847328,100,19.289407348632817,Mouse
49237847328,110,18.975038909912108,Mouse
49237847328,120,15.882464981079101,Mouse
49237847328,130,10.462541198730468,Mouse
496473497245,20,6.124101257324219,Trackpad
496473497245,30,5.199187469482419,Trackpad
496473497245,40,-7.656836318969728,Trackpad
496473497245,50,-1.188555908203125,Trackpad
497830706648,3,9.877455139160158,Trackpad
497830706648,5,-31.887986469268792,Trackpad
497830706648,7,20.541991686820985,Trackpad
497830706648,10,-34.54788818359375,Trackpad
498265361879,100,1.3773880004882812,Trackpad
498265361879,110,1.8472446441650383,Trackpad
498265361879,120,-3.4005661010742188,Trackpad
498265361879,130,-10.557888793945313,Trackpad
498719011200,20,-1.0165122985839858,Mouse
498719011200,30,7.610226440429682,Mouse
498719011200,40,-2.4879552841186516,Mouse
498719011200,50,-5.995062255859372,Mouse
499781516147,3,3.558511352539057,Mouse
499781516147,5,7.817920303344726,Mouse
499781516147,7,-6.913046264648443,Mouse
499781516147,10,-7.40891876220703,Mouse
500659405486,95,-11.764022827148438,Trackpad
500659405486,105,8.215695571899413,Trackpad
500659405486,115,12.470532226562497,Trackpad
500659405486,125,2.9774848937988265,Trackpad
501492992509,55,-4.901907348632813,Trackpad
501492992509,65,5.933378982543944,Trackpad
501492992509,75,-24.87389373779296,Trackpad
501492992509,85,0.8692337036132841,Trackpad
503219471313,60,-0.3763458251953097,Mouse
503219471313,70,6.568643951416016,Mouse
503219471313,80,-0.6092647552490218,Mouse
503219471313,90,4.982238769531255,Mouse
507283287821,20,-33.863040161132815,Trackpad
510743529302,15,-4.798683166503906,Trackpad
510743529302,25,6.023144531250006,Trackpad
510743529302,35,-9.416253662109375,Trackpad
510743529302,45,-5.199253463745117,Trackpad
514699809951,3,-1.9443235397338867,Mouse
514699809951,5,8.542008972167967,Mouse
514699809951,7,11.421570587158206,Mouse
514699809951,10,-7.402746582031244,Mouse
515614103525,95,15.287561035156244,Trackpad
515614103525,105,-10.47616424560547,Trackpad
515614103525,115,13.428334045410157,Trackpad
515614103525,125,5.963689041137696,Trackpad
516834058798,60,-10.973908996582034,Trackpad
516834058798,70,2.0667407989501947,Trackpad
516834058798,80,8.632914161682129,Trackpad
516834058798,90,-7.119072723388676,Trackpad
519645490683,15,9.39150447845459,Mouse
519645490683,25,6.7673492431640625,Mouse
519645490683,35,-2.596408081054693,Mouse
519645490683,45,-3.6744720458984377,Mouse
520643238443,60,13.072612762451172,Mouse
520643238443,70,5.153375244140622,Mouse
520643238443,80,9.12387924194336,Mouse
520643238443,90,7.360968017578136,Mouse
52190313348,55,5.98424377441405,Mouse
52190313348,65,6.587811279296875,Mouse
52190313348,75,-4.697979736328113,Mouse
52190313348,85,-5.332598495483399,Mouse
522924106102,60,-3.026335906982422,Mouse
522924106102,70,-0.5179229736328181,Mouse
522924106102,80,1.0148223876953124,Mouse
522924106102,90,-0.6504734039306621,Mouse
524084624601,3,-0.6795562744140625,Mouse
524084624601,5,-1.4989288330078132,Mouse
524084624601,7,16.55115051269532,Mouse
524084624601,10,4.4834976196289205,Mouse
525743780657,100,-5.940039062500003,Mouse
525743780657,110,-2.524969482421875,Mouse
525743780657,120,-13.181984090805054,Mouse
525743780657,130,11.5306396484375,Mouse
526302751153,55,-7.994959163665771,Mouse
526302751153,65,-2.7610580444336024,Mouse
526302751153,75,-32.41311416625977,Mouse
526302751153,85,3.3586504936218207,Mouse
526591815054,3,12.552548217773438,Mouse
526591815054,5,21.143777465820314,Mouse
526591815054,7,-21.186812973022462,Mouse
526591815054,10,2.9351379394531243,Mouse
526791953481,60,-14.244882202148432,Trackpad
526791953481,70,13.45973606109619,Trackpad
526791953481,80,17.422611999511716,Trackpad
526791953481,90,-3.5613380432128907,Trackpad
529103524750,55,8.548861312866212,Trackpad
529103524750,65,8.346748352050781,Trackpad
529103524750,75,3.680941772460943,Trackpad
529103524750,85,-0.3962615966796935,Trackpad
529356644721,95,-8.46899261474609,Mouse
529356644721,105,-8.966024780273443,Mouse
529356644721,115,-9.894774627685546,Mouse
529356644721,125,1.3149600982666017,Mouse
529569773934,140,-32.10879383087158,Mouse
529569773934,150,-16.058439826965333,Mouse
529569773934,160,-7.242050933837892,Mouse
529569773934,170,-4.33919677734375,Mouse
530361538287,100,-16.58576316833496,Trackpad
530361538287,110,15.000436401367187,Trackpad
530361538287,120,3.0192916870117203,Trackpad
530361538287,130,-4.434465026855472,Trackpad
530454018851,135,-7.3650110244750975,Mouse
530454018851,145,10.097964477539062,Mouse
530454018851,155,3.3009735107421876,Mouse
530454018851,165,-5.656492614746099,Mouse
535793054616,140,-2.3345382690429775,Trackpad
535793054616,150,6.669456481933594,Trackpad
535793054616,160,-5.120123291015625,Trackpad
535793054616,170,-6.678309631347656,Trackpad
536445911973,100,-9.202307891845706,Mouse
536445911973,110,4.648531150817871,Mouse
536445911973,120,-12.11589879989624,Mouse
536445911973,130,7.740724182128901,Mouse
537187849171,2,-3.9768157958984376,Trackpad
537187849171,4,3.2696542739868164,Trackpad
537187849171,6,-11.630044555664062,Trackpad
537187849171,8,-12.310044670104977,Trackpad
538891392759,95,-10.360992431640629,Mouse
538891392759,105,-9.07134857177734,Mouse
538891392759,115,-3.0191508829593667,Mouse
538891392759,125,-15.1259033203125,Mouse
542684882646,2,1.9466308593749944,Mouse
542684882646,4,-1.133127212524414,Mouse
542684882646,6,-1.7685729980468736,Mouse
542684882646,8,-10.901502990722662,Mouse
543766975635,100,-11.521213531494142,Trackpad
543766975635,110,-15.629577636718755,Trackpad
543766975635,120,-10.396226501464843,Trackpad
543766975635,130,-7.5274803161621096,Trackpad
549389360938,15,-2.987058067321777,Trackpad
549389360938,25,-4.793489074707028,Trackpad
549389360938,35,0.06823501586914063,Trackpad
549389360938,45,21.959262084960937,Trackpad
549661439377,140,-7.214042663574217,Trackpad
549661439377,150,5.9261260986328095,Trackpad
549661439377,160,6.02518482208252,Trackpad
549661439377,170,-6.296792602539062,Trackpad
554310866631,20,-3.465250396728517,Mouse
554310866631,30,-5.640130615234381,Mouse
554310866631,40,0.6881332397460966,Mouse
554310866631,50,1.6976253509521506,Mouse
554483397398,20,22.346273803710943,Mouse
554483397398,30,11.081132507324218,Mouse
554483397398,40,-1.199180603027345,Mouse
554483397398,50,-7.9732025146484435,Mouse
554783556843,140,-2.2504409790039235,Mouse
554783556843,150,-16.810267639160163,Mouse
554783556843,160,-6.006527709960939,Mouse
554783556843,170,2.146950531005859,Mouse
554797971853,60,4.373057556152344,Trackpad
554797971853,70,1.95326156616211,Trackpad
554797971853,80,-1.3223907470703125,Trackpad
554797971853,90,-6.43657684326173,Trackpad
555482115829,100,-12.36229934692383,Mouse
555482115829,110,-1.7027034759521478,Mouse
555482115829,120,-8.606053161621096,Mouse
555482115829,130,-5.3212890625000115,Mouse
557130941888,2,2.666918945312503,Mouse
557130941888,4,-0.8584663391113277,Mouse
557130941888,6,3.2392120361328125,Mouse
557130941888,8,-2.9208324432373045,Mouse
558537738863,100,-0.1562774658203125,Trackpad
558537738863,110,1.68444061279297,Trackpad
558537738863,120,-10.664421081542974,Trackpad
558537738863,130,21.305618286132812,Trackpad
559884942136,20,-9.746200561523432,Trackpad
559884942136,30,-11.179713439941406,Trackpad
559884942136,40,1.486415100097662,Trackpad
559884942136,50,-1.3953521728515625,Trackpad
560719192726,3,-18.091348266601564,Trackpad
560719192726,5,-13.527731323242188,Trackpad
560719192726,7,10.542889404296883,Trackpad
560719192726,10,16.07059516906738,Trackpad
563003797782,55,-0.6935806274414034,Mouse
563003797782,65,-5.20426025390625,Mouse
563003797782,75,-8.81710205078125,Mouse
563003797782,85,0.6611915588378906,Mouse
564938298193,15,-2.795984458923339,Trackpad
564938298193,25,3.4715057373046876,Trackpad
564938298193,35,-6.328225708007824,Trackpad
564938298193,45,12.05601806640625,Trackpad
56767792906,60,3.5068435668945286,Mouse
56767792906,70,3.8504531860351547,Mouse
56767792906,80,1.6030334472656247,Mouse
56767792906,90,3.241070556640625,Mouse
568911038571,3,-13.09117774963379,Mouse
568911038571,5,-6.336131286621095,Mouse
568911038571,7,-17.813411712646488,Mouse
568911038571,10,6.247478771209717,Mouse
571510386420,3,8.356789207458496,Mouse
571510386420,5,2.8039428710937555,Mouse
571510386420,7,-0.5263900756835938,Mouse
571510386420,10,6.481121826171875,Mouse
572670224355,15,2.554132080078125,Mouse
572670224355,25,7.567447280883789,Mouse
572670224355,35,-15.351171874999997,Mouse
572670224355,45,-0.4049217224121097,Mouse
57334981393,55,-22.25882339477539,Mouse
57334981393,65,-12.863874816894537,Mouse
57334981393,75,-10.314749145507813,Mouse
57334981393,85,-6.99170379638672,Mouse
575425482820,20,9.80917205810547,Mouse
575425482820,30,-4.176577949523926,Mouse
575425482820,40,0.0855194091796875,Mouse
575425482820,50,5.927360534667964,Mouse
577084825607,15,6.082418823242182,Trackpad
577084825607,25,-1.3552101135253922,Trackpad
577084825607,35,-4.846578979492184,Trackpad
577084825607,45,-1.6490558624267577,Trackpad
577336943708,20,-8.06686782836914,Trackpad
577336943708,30,1.8857189178466798,Trackpad
577336943708,40,-6.110784912109361,Trackpad
577336943708,50,-2.302578735351557,Trackpad
587319151731,135,-1.407795715332031,Trackpad
587319151731,145,-3.803690719604493,Trackpad
587319151731,155,9.662774658203125,Trackpad
587319151731,165,-12.193072509765624,Trackpad
58796474477,2,1.185588073730469,Mouse
58796474477,4,-6.685522460937494,Mouse
58796474477,6,14.77947540283203,Mouse
58796474477,8,-20.38600311279297,Mouse
588954061502,95,-13.38060989379883,Mouse
588954061502,105,8.681982421874995,Mouse
588954061502,115,-23.500149536132813,Mouse
588954061502,125,13.98617057800293,Mouse
589106590719,140,-9.091223144531245,Trackpad
589106590719,150,-13.083729553222657,Trackpad
589106590719,160,3.718160057067871,Trackpad
589106590719,170,6.904206848144531,Trackpad
591787668410,15,4.844747924804693,Mouse
591787668410,25,12.807778930664051,Mouse
591787668410,35,-10.584134292602538,Mouse
591787668410,45,6.261143493652344,Mouse
593610742595,55,-3.8636047363281136,Mouse
593610742595,65,-3.454677200317385,Mouse
593610742595,75,-3.797149658203108,Mouse
593610742595,85,-2.1724403381347654,Mouse
594008709769,140,-4.835847473144526,Trackpad
594008709769,150,-2.2986587524414075,Trackpad
594008709769,160,6.486206436157227,Trackpad
594008709769,170,4.949087524414063,Trackpad
595595653867,2,-2.3193866729736348,Mouse
595595653867,4,1.868792724609375,Mouse
595595653867,6,7.671350860595707,Mouse
595595653867,8,7.553771972656259,Mouse
60516332508,20,8.472852325439453,Trackpad
60516332508,30,10.783454895019531,Trackpad
60516332508,40,14.243989562988281,Trackpad
60516332508,50,4.5423614501953065,Trackpad
606417353264,135,11.700477600097656,Trackpad
607190310023,3,1.5655700683593978,Mouse
607190310023,5,-0.24365692138671058,Mouse
607190310023,7,-1.7345939636230476,Mouse
607190310023,10,8.048732757568358,Mouse
607647950528,60,4.441110229492187,Trackpad
607647950528,70,-2.940827941894523,Trackpad
607647950528,80,-0.06621246337890767,Trackpad
607647950528,90,3.9641727447509774,Trackpad
608781518181,2,5.553963279724121,Trackpad
608781518181,4,10.600936889648438,Trackpad
608781518181,6,-8.021278381347653,Trackpad
608781518181,8,10.194677734375,Trackpad
609066119184,20,9.60150146484375,Trackpad
609066119184,30,11.384735107421875,Trackpad
609066119184,40,-5.971172714233397,Trackpad
609066119184,50,-7.546212768554691,Trackpad
610091723036,7,-19.533357334136962,Mouse
610091723036,10,2.089884662628177,Mouse
611182001186,135,-4.771566772460938,Mouse
611182001186,145,-2.4839080810546785,Mouse
611182001186,155,5.757532119750977,Mouse
611182001186,165,-5.6063995361328125,Mouse
616859448142,3,-13.744401550292967,Mouse
616859448142,5,11.120050048828123,Mouse
616859448142,7,14.432050704956055,Mouse
616859448142,10,-16.756895446777342,Mouse
618976041208,55,-10.558477783203124,Mouse
618976041208,65,-2.8117233276367246,Mouse
618976041208,75,-0.7280895233154295,Mouse
618976041208,85,-5.14498901367188,Mouse
6196976173,140,2.618225860595703,Trackpad
6196976173,150,-13.205593872070315,Trackpad
6196976173,160,4.407505798339844,Trackpad
6196976173,170,2.6294677734374945,Trackpad
621998446062,95,3.340322494506836,Trackpad
621998446062,105,-13.042725944519043,Trackpad
621998446062,115,11.112042236328108,Trackpad
621998446062,125,-11.486163330078123,Trackpad
624015980400,15,6.673136901855483,Trackpad
624015980400,25,-12.768048095703113,Trackpad
624015980400,35,-8.387754821777344,Trackpad
624015980400,45,19.14647331237793,Trackpad
624326525488,95,-9.045314025878909,Trackpad
624326525488,105,2.5898666381835938,Trackpad
624326525488,115,14.725098037719727,Trackpad
624326525488,125,0.852740478515625,Trackpad
62472867313,15,5.116836547851574,Mouse
62472867313,25,5.529322814941405,Mouse
62472867313,35,3.9202728271484433,Mouse
62472867313,45,11.055440711975098,Mouse
625553694320,15,6.0543334960937445,Mouse
625553694320,25,3.163563537597656,Mouse
625553694320,35,16.384939575195318,Mouse
625553694320,45,7.074828338623047,Mouse
625957949785,100,-6.662425994873047,Trackpad
625957949785,110,7.5293243408202954,Trackpad
625957949785,120,0.8573196411132813,Trackpad
625957949785,130,-3.1006301879882785,Trackpad
627511081285,140,1.2949321746826186,Trackpad
627511081285,150,-0.4261459350585934,Trackpad
627511081285,160,-0.5144561767578066,Trackpad
627511081285,170,3.9073425292968635,Trackpad
628253346774,2,-10.77404174804687,Trackpad
628253346774,4,-0.073773002624511,Trackpad
628253346774,6,-5.6443359375,Trackpad
628253346774,8,12.24759826660156,Trackpad
630191511008,95,-3.8377454757690415,Mouse
630191511008,105,-0.3552429199218807,Mouse
630191511008,115,-3.8477478027343666,Mouse
630191511008,125,-1.3505859375000013,Mouse
631329533178,135,0.33630065917968766,Mouse
631329533178,145,1.4084373474121097,Mouse
631329533178,155,23.11840209960937,Mouse
631329533178,165,10.142775726318366,Mouse
637138033052,100,-9.996958923339843,Mouse
637138033052,110,12.457351684570309,Mouse
637138033052,120,-4.083968353271482,Mouse
637138033052,130,-7.66897583007813,Mouse
641972036799,2,3.9647857666015627,Trackpad
641972036799,4,6.951203918457028,Trackpad
641972036799,6,-10.326675415039062,Trackpad
641972036799,8,-19.845361328124994,Trackpad
643459252314,20,-0.9275697708129886,Trackpad
643459252314,30,-31.714539337158197,Trackpad
643459252314,40,-2.505283355712892,Trackpad
643459252314,50,19.53694915771484,Trackpad
644298611907,140,0.005559539794920454,Mouse
644298611907,150,4.429441070556642,Mouse
644298611907,160,-1.3167648315429603,Mouse
644298611907,170,21.552420043945325,Mouse
645686800824,2,-4.235237121582034,Mouse
645686800824,4,-11.637148094177245,Mouse
645686800824,6,-11.428683471679694,Mouse
645686800824,8,-18.39677200317383,Mouse
650598146952,95,17.273400878906255,Mouse
650598146952,105,36.424723052978514,Mouse
650598146952,115,4.6139434814453235,Mouse
650598146952,125,2.4107706069946273,Mouse
65172413131,20,1.4560585021972643,Mouse
65172413131,30,5.329263305664074,Mouse
65172413131,40,-3.094168472290039,Mouse
65172413131,50,11.387657165527344,Mouse
653112237341,60,2.015170288085949,Mouse
653112237341,70,-8.375901031494141,Mouse
653112237341,80,2.907438659667974,Mouse
653112237341,90,-0.8369852066040032,Mouse
654411478666,20,14.707305908203136,Mouse
654411478666,30,1.9938858032226592,Mouse
654411478666,40,-5.348967742919923,Mouse
654411478666,50,-4.509768676757804,Mouse
657277573598,15,-14.60077362060547,Trackpad
657277573598,25,-8.419806671142577,Trackpad
657277573598,35,2.405499267578128,Trackpad
657277573598,45,-10.72705688476562,Trackpad
65927738090,140,-3.522253417968744,Mouse
65927738090,150,-2.067980194091797,Mouse
65927738090,160,7.059477233886724,Mouse
65927738090,170,4.2688556671142575,Mouse
660482772393,140,9.776112365722659,Trackpad
660482772393,150,-2.08441162109375,Trackpad
660482772393,160,-3.1917449951171877,Trackpad
660482772393,170,1.9396820068359375,Trackpad
660965892719,20,-0.19456939697266193,Trackpad
660965892719,30,5.261053466796864,Trackpad
660965892719,40,-1.1173599243164063,Trackpad
660965892719,50,2.5322067260742194,Trackpad
662896639900,3,-22.555659484863277,Mouse
662896639900,5,-6.8237190246582005,Mouse
662896639900,7,-14.510480880737305,Mouse
662896639900,10,-1.7582427978515625,Mouse
664917210582,20,-14.060842895507818,Mouse
664917210582,30,2.0190055847167967,Mouse
664917210582,40,-4.867631530761725,Mouse
664917210582,50,-13.914585876464846,Mouse
665972822112,3,12.013041687011718,Mouse
665972822112,5,-18.049546360969543,Mouse
665972822112,7,-7.591533660888672,Mouse
665972822112,10,-32.65397491455078,Mouse
666880505392,2,-19.371030426025392,Mouse
666880505392,4,18.219852447509766,Mouse
666880505392,6,-18.177888488769533,Mouse
666880505392,8,2.315109252929685,Mouse
666909089777,2,-9.917806243896482,Trackpad
666909089777,4,-16.89222793579102,Trackpad
666909089777,6,12.009626007080081,Trackpad
666909089777,8,28.73633575439453,Trackpad
667250633006,20,2.485130310058595,Trackpad
667250633006,30,-2.280426025390639,Trackpad
667250633006,40,-16.230234909057618,Trackpad
667250633006,50,-1.6223754882812504,Trackpad
668861049227,2,0.12865905761718732,Mouse
668861049227,4,-8.678036499023435,Mouse
668861049227,6,3.3415573120117172,Mouse
668861049227,8,-6.624957275390626,Mouse
669404158834,15,-12.388291931152343,Trackpad
669404158834,25,9.340835571289062,Trackpad
669404158834,35,-1.8324134826660157,Trackpad
669404158834,45,-1.7785614013671882,Trackpad
671348925214,2,0.31614227294921016,Mouse
671348925214,4,3.3011028289794937,Mouse
671348925214,6,-3.985787200927734,Mouse
671348925214,8,-3.5312713623046874,Mouse
676818776410,15,-7.361445617675781,Trackpad
676818776410,25,4.13964729309082,Trackpad
676818776410,35,-4.210440063476545,Trackpad
676818776410,45,11.318232727050779,Trackpad
678681607125,105,38.406010437011716,Trackpad
67981741856,100,1.91243896484375,Mouse
67981741856,110,-2.860807800292977,Mouse
67981741856,120,0.40350036621092594,Mouse
67981741856,130,-4.873747253417967,Mouse
679935650900,95,13.249328613281255,Trackpad
679935650900,105,-4.4797119140625,Trackpad
679935650900,115,-18.37250213623047,Trackpad
679935650900,125,-2.3324146270751944,Trackpad
68466946249,30,6.974911499023439,Trackpad
68466946249,40,-17.085266876220704,Trackpad
686622809385,55,11.496646690368653,Mouse
686622809385,65,-5.490663146972645,Mouse
686622809385,75,14.300724792480466,Mouse
686622809385,85,5.399920654296875,Mouse
688420796301,140,-6.467956924438477,Mouse
688420796301,150,-17.306240844726567,Mouse
688420796301,160,-8.812133026123051,Mouse
688420796301,170,-9.710388183593755,Mouse
689640711294,135,5.179132080078125,Mouse
689640711294,145,12.499078369140637,Mouse
689640711294,155,10.572715759277347,Mouse
689640711294,165,16.222860717773436,Mouse
690112326992,60,7.729913330078132,Mouse
690112326992,70,12.265866088867185,Mouse
690112326992,80,10.249167537689209,Mouse
690112326992,90,16.247924041748046,Mouse
69378932239,95,6.19278564453125,Trackpad
69378932239,105,-8.755903625488283,Trackpad
69378932239,115,-2.5184545516967765,Trackpad
69378932239,125,13.040692138671876,Trackpad
694313736399,100,1.6712219238281307,Trackpad
694313736399,110,5.242361450195312,Trackpad
694313736399,120,-9.427301025390625,Trackpad
694313736399,130,4.0175041198730455,Trackpad
698263481259,60,0.03993301391601563,Mouse
698263481259,70,-6.673117065429679,Mouse
698263481259,80,2.377499389648443,Mouse
698263481259,90,14.674958622455597,Mouse
698323606979,60,-2.1261871337890623,Mouse
698323606979,70,-6.416851043701172,Mouse
698323606979,80,3.912220001220703,Mouse
698323606979,90,-3.870208740234361,Mouse
701099609956,2,16.106213378906254,Mouse
701099609956,4,5.9194305419921935,Mouse
701099609956,6,13.674684143066411,Mouse
701099609956,8,12.733524131774901,Mouse
70501195034,60,12.415707397460935,Mouse
70501195034,70,2.2734710693359377,Mouse
70501195034,80,-1.4258705139160142,Mouse
70501195034,90,-2.576830101013182,Mouse
706570674898,3,2.8956295013427726,Trackpad
706570674898,5,-16.143832397460937,Trackpad
706570674898,7,12.301676940917975,Trackpad
706570674898,10,-0.9440017700195298,Trackpad
707165035419,95,17.107694339752197,Trackpad
707165035419,105,0.7525212287902825,Trackpad
707165035419,115,2.0665987968444886,Trackpad
707165035419,125,-27.878032410144804,Trackpad
708731377264,100,-8.941456604003912,Mouse
708731377264,110,3.7531585693359375,Mouse
708731377264,120,10.77301025390625,Mouse
708731377264,130,4.561859130859377,Mouse
709011816186,95,-0.8802810668945227,Trackpad
709011816186,105,-2.7427856445312444,Trackpad
709011816186,115,-0.0882946014404288,Trackpad
709011816186,125,1.0173706054687488,Trackpad
710075415438,95,11.36303882598877,Trackpad
710075415438,105,15.057229614257803,Trackpad
710075415438,115,-2.737593078613281,Trackpad
710075415438,125,-10.713070678710938,Trackpad
711049351608,3,9.618780517578125,Trackpad
711049351608,5,12.680378723144537,Trackpad
711049351608,7,-6.037258911132807,Trackpad
711049351608,10,9.510519218444825,Trackpad
712406286736,2,2.7498718261718693,Mouse
712406286736,4,-15.765164947509763,Mouse
712406286736,6,4.600647735595703,Mouse
712406286736,8,-10.569761657714858,Mouse
712610918562,60,-0.1740570068359432,Mouse
712610918562,70,8.13649253845215,Mouse
712610918562,80,10.73318481445312,Mouse
712610918562,90,-12.015428924560545,Mouse
713283016113,140,26.45971069335938,Mouse
713283016113,150,3.9928054809570312,Mouse
713283016113,160,13.057764434814453,Mouse
713283016113,170,14.625536346435547,Mouse
71419700048,2,-8.485479736328125,Trackpad
71419700048,4,6.824917984008789,Trackpad
71419700048,6,-20.653295898437506,Trackpad
71419700048,8,-3.107116699218751,Trackpad
716171277686,55,-0.05474700927734379,Trackpad
716171277686,65,-6.150238037109375,Trackpad
716171277686,75,0.07860107421874854,Trackpad
716171277686,85,10.581753540039065,Trackpad
720725221093,55,0.9395111083984432,Trackpad
720725221093,65,-4.887351226806641,Trackpad
720725221093,75,-6.678877258300782,Trackpad
720725221093,85,0.3603637695312528,Trackpad
720964792417,60,12.197339248657226,Mouse
720964792417,70,-2.9317382812499972,Mouse
720964792417,80,-23.275253295898438,Mouse
720964792417,90,-12.614395904541007,Mouse
724549951264,100,-1.7383148789405822,Mouse
724549951264,110,-13.80955696105957,Mouse
724549951264,120,7.256845092773451,Mouse
724549951264,130,21.170899200439457,Mouse
72586384601,60,-14.333022308349607,Mouse
72586384601,70,22.307265281677246,Mouse
72586384601,80,8.802742004394535,Mouse
72586384601,90,15.553549194335943,Mouse
726770222419,15,0.161614990234375,Trackpad
726770222419,25,5.680808258056642,Trackpad
726770222419,35,2.027777099609369,Trackpad
726770222419,45,-6.898908996582034,Trackpad
730041648726,140,-2.1866851806640626,Mouse
730041648726,150,8.203768157958985,Mouse
730041648726,160,13.176654052734374,Mouse
730041648726,170,15.644329833984376,Mouse
73180105537,60,2.362806510925293,Mouse
73180105537,70,-3.075033569335943,Mouse
73180105537,80,18.13378601074219,Mouse
73180105537,90,3.029696655273449,Mouse
735366842709,100,-16.852487182617175,Mouse
735366842709,110,29.6022705078125,Mouse
735366842709,120,-2.700058746337885,Mouse
735366842709,130,14.868737888336181,Mouse
737828750163,2,1.4209915161132813,Mouse
737828750163,4,3.0323272705078126,Mouse
737828750163,6,0.42459106445311934,Mouse
737828750163,8,-3.3157386779785143,Mouse
740180686814,55,5.299203109741211,Mouse
740180686814,65,-4.8327392578125,Mouse
740180686814,75,3.221791076660162,Mouse
740180686814,85,-2.5686767578125,Mouse
74249908328,60,-1.632188415527342,Mouse
74249908328,70,-2.8063095092773467,Mouse
74249908328,80,-3.6820795059204103,Mouse
74249908328,90,0.47059326171874416,Mouse
747682140674,3,-17.36438293457032,Trackpad
747682140674,5,-13.993998718261722,Trackpad
747682140674,7,-21.41675643920899,Trackpad
747682140674,10,-8.526841926574708,Trackpad
747798201628,135,-8.594810485839853,Mouse
747798201628,145,10.56976261138916,Mouse
747798201628,155,-5.425975036621092,Mouse
747798201628,165,12.232220458984381,Mouse
748730017803,15,9.35185546875,Mouse
748730017803,25,-3.9256179809570257,Mouse
748730017803,35,6.461872863769533,Mouse
748730017803,45,-16.739540100097656,Mouse
749603402102,140,1.177862548828125,Trackpad
749603402102,150,2.502432250976568,Trackpad
749603402102,160,2.297007751464844,Trackpad
749603402102,170,-13.83441390991211,Trackpad
749614232918,140,6.590180969238281,Mouse
749614232918,150,5.891968154907228,Mouse
749614232918,160,0.8715545654296817,Mouse
749614232918,170,-5.566975402832031,Mouse
750330077949,95,-12.164877319335933,Trackpad
750330077949,105,-0.015493774414065343,Trackpad
750330077949,115,-9.126700973510744,Trackpad
750330077949,125,-11.427273559570311,Trackpad
750626990804,2,-6.806481933593746,Trackpad
750626990804,4,7.9683563232421815,Trackpad
750626990804,6,8.141869735717773,Trackpad
750626990804,8,-7.0126480102539,Trackpad
75201456900,140,1.8922302246093767,Mouse
75201456900,150,7.409684753417983,Mouse
75201456900,160,-2.106338500976562,Mouse
75201456900,170,2.9000514984130854,Mouse
75254959287,3,3.5464309692382754,Trackpad
75254959287,5,-3.3472900390625,Trackpad
75254959287,7,-8.041009521484375,Trackpad
75254959287,10,3.4051082611083983,Trackpad
753638975787,140,-3.1444122314453153,Mouse
753638975787,150,-3.6181182861328116,Mouse
753638975787,160,5.775906372070301,Mouse
753638975787,170,1.0508003234863281,Mouse
754786406643,2,-6.685125732421875,Mouse
754786406643,4,-1.9515689849853513,Mouse
754786406643,6,-5.860643005371083,Mouse
754786406643,8,-5.557748413085937,Mouse
75524589512,55,1.596734619140625,Trackpad
75524589512,65,6.70677490234375,Trackpad
75524589512,75,-0.2367950439453125,Trackpad
75524589512,85,-4.307595825195324,Trackpad
756482156459,2,2.1238861083984433,Trackpad
756482156459,4,5.5015632629394515,Trackpad
756482156459,6,0.41257667541503906,Trackpad
756482156459,8,-3.507646179199219,Trackpad
75729007134,60,-15.603857421874995,Trackpad
75729007134,70,1.0612785339355455,Trackpad
75729007134,80,-3.131692504882807,Trackpad
75729007134,90,-27.391551971435547,Trackpad
758610083023,3,1.7504989624023424,Trackpad
758610083023,5,15.018415832519532,Trackpad
758610083023,7,9.67269287109375,Trackpad
758610083023,10,-4.611665344238279,Trackpad
759023618418,135,8.935360717773431,Trackpad
759023618418,145,-4.748853874206542,Trackpad
759023618418,155,-9.378469848632813,Trackpad
759023618418,165,-1.0251632690429688,Trackpad
760820905212,2,8.691783142089843,Trackpad
760820905212,4,-4.6008636474609315,Trackpad
760820905212,6,-11.104788970947265,Trackpad
760820905212,8,9.249978637695312,Trackpad
761518668150,2,3.5727844238281192,Mouse
761518668150,4,-18.78326873779297,Mouse
761518668150,6,5.278038406372069,Mouse
761518668150,8,9.262547302246094,Mouse
764955634018,3,-2.7020172119140624,Mouse
764955634018,5,-5.360574340820312,Mouse
764955634018,7,-4.162290191650391,Mouse
764955634018,10,-12.576168823242181,Mouse
767939159879,15,10.388827514648437,Mouse
767939159879,25,-9.639516448974609,Mouse
767939159879,35,18.72364807128907,Mouse
767939159879,45,9.281743621826175,Mouse
769001317210,20,17.970772743225094,Mouse
769001317210,30,14.918873596191409,Mouse
769001317210,40,14.788638305664069,Mouse
769001317210,50,18.048291015625,Mouse
774480707012,15,3.418605804443362,Mouse
774480707012,25,-11.164939880371097,Mouse
774480707012,35,-5.902597045898455,Mouse
774480707012,45,-16.341932106018067,Mouse
777654116973,20,-10.049162292480464,Trackpad
777654116973,30,12.205149459838868,Trackpad
777654116973,40,4.687321472167969,Trackpad
777654116973,50,5.150390624999995,Trackpad
780990068335,20,-6.656253051757815,Trackpad
780990068335,30,9.622616577148438,Trackpad
780990068335,40,6.3353271484375,Trackpad
780990068335,50,-7.400283622741698,Trackpad
781632843660,3,20.88621978759765,Mouse
781632843660,5,-8.743122863769539,Mouse
781632843660,7,-6.199578762054443,Mouse
781632843660,10,-11.225506591796876,Mouse
782467008568,55,-0.6640914916992188,Trackpad
782467008568,65,1.3036987304687444,Trackpad
782467008568,75,-5.670852661132821,Trackpad
782467008568,85,3.8434165954589843,Trackpad
785879140021,2,5.239978790283204,Trackpad
785879140021,4,-2.980261230468748,Trackpad
785879140021,6,-3.0765441894531307,Trackpad
785879140021,8,-8.28614196777345,Trackpad
786308519775,100,4.975318908691406,Mouse
786308519775,110,5.108839416503909,Mouse
786308519775,120,3.101487731933594,Mouse
786308519775,130,-11.98411979675293,Mouse
787634621141,15,5.404019165039066,Mouse
787634621141,25,6.023785400390631,Mouse
787634621141,35,-8.539140319824218,Mouse
787634621141,45,18.68962402343751,Mouse
78828420490,140,-18.311698150634765,Mouse
78828420490,150,-5.711367797851568,Mouse
78828420490,160,-1.9242252349853513,Mouse
78828420490,170,-13.18231201171876,Mouse
788534438470,3,-3.177734375,Trackpad
788534438470,5,-13.868756103515626,Trackpad
788534438470,7,14.119630432128906,Trackpad
788534438470,10,-6.939403533935549,Trackpad
789176471764,85,-1.572058868408203,Mouse
794821160379,135,-11.18038024902344,Trackpad
794821160379,145,7.516958618164063,Trackpad
794821160379,155,-6.932048416137694,Trackpad
794821160379,165,2.189080810546875,Trackpad
797606508946,15,9.701182556152347,Mouse
797606508946,25,8.456128692626953,Mouse
797606508946,35,7.450279235839844,Mouse
797606508946,45,6.113803100585938,Mouse
801419172901,140,-0.6130950927734375,Mouse
801419172901,150,4.262258911132813,Mouse
801419172901,160,-0.6471878051757841,Mouse
801419172901,170,-1.5153793334960937,Mouse
801640937104,140,-12.7509033203125,Mouse
801640937104,150,-13.76699523925782,Mouse
801640937104,160,-10.506705474853517,Mouse
801640937104,170,-14.09450855255127,Mouse
802470273105,7,35.506536865234374,Trackpad
803522135131,2,-5.332542991638183,Mouse
803522135131,4,-6.984748840332031,Mouse
803522135131,6,3.426618957519531,Mouse
803522135131,8,3.4147247314453066,Mouse
804624028969,60,1.0395523071289006,Mouse
804624028969,70,-16.313280487060545,Mouse
804624028969,80,8.395809173583988,Mouse
804624028969,90,10.618838500976569,Mouse
804923957446,140,-15.719758224487304,Mouse
804923957446,150,-6.463481521606445,Mouse
804923957446,160,16.954676818847656,Mouse
804923957446,170,-20.629986572265626,Mouse
808518082136,55,-0.9168434143066406,Trackpad
808518082136,65,-13.083251953124995,Trackpad
808518082136,75,12.169754028320316,Trackpad
808518082136,85,6.090142059326171,Trackpad
810153302503,140,11.349124145507812,Trackpad
810153302503,150,1.8502136230468722,Trackpad
810153302503,160,-7.312734985351563,Trackpad
810153302503,170,6.11202735900879,Trackpad
812418627319,60,0.08535766601561931,Mouse
812418627319,70,-7.010019874572755,Mouse
812418627319,80,-1.7178260803222662,Mouse
812418627319,90,-7.640629577636721,Mouse
813273714622,95,9.015572357177735,Mouse
813273714622,105,7.1294311523437655,Mouse
813273714622,115,7.133628273010254,Mouse
813273714622,125,-8.948179626464846,Mouse
81350229447,15,-0.3932586669921818,Trackpad
81350229447,25,-7.684848022460926,Trackpad
81350229447,35,-1.9186531066894545,Trackpad
81350229447,45,-1.072072601318361,Trackpad
814708099700,55,3.9830806732177733,Trackpad
814708099700,65,-14.175225830078125,Trackpad
814708099700,75,-8.305322265625,Trackpad
814708099700,85,9.41480407714844,Trackpad
818668159889,3,1.5822496414184564,Mouse
818668159889,5,-4.556165313720703,Mouse
818668159889,7,-6.7283447265624945,Mouse
818668159889,10,5.717337036132818,Mouse
81991281593,100,-13.370371627807618,Trackpad
81991281593,110,-11.198605346679688,Trackpad
81991281593,120,-15.175613403320312,Trackpad
81991281593,130,8.884713745117187,Trackpad
821109032956,135,17.48057084083557,Mouse
821109032956,145,8.652066040039063,Mouse
821109032956,155,1.485244750976569,Mouse
821109032956,165,34.508304595947266,Mouse
822205019881,2,-4.091012573242187,Mouse
822205019881,4,5.780859375000003,Mouse
822205019881,6,4.800302314758301,Mouse
822205019881,8,-7.801136779785156,Mouse
822554411599,15,2.5758087158203127,Mouse
822554411599,25,2.882133102416992,Mouse
822554411599,35,9.404605102539062,Mouse
822554411599,45,13.402967834472658,Mouse
823657240718,135,12.879071044921876,Trackpad
823657240718,145,-6.842974853515625,Trackpad
823657240718,155,10.80635051727295,Trackpad
823657240718,165,1.595562744140625,Trackpad
825555997667,140,-1.5004425048828067,Mouse
825555997667,150,-0.13246154785156392,Mouse
825555997667,160,-1.9832077026367174,Mouse
825555997667,170,3.888041687011716,Mouse
826551196165,95,6.386204528808593,Mouse
826551196165,105,-4.632606506347654,Mouse
826551196165,115,-9.46783447265625,Mouse
826551196165,125,-1.275401306152344,Mouse
828356987563,135,12.4998291015625,Trackpad
828356987563,145,-21.75386962890625,Trackpad
828356987563,155,15.836711120605468,Trackpad
828356987563,165,-15.512979507446289,Trackpad
830310877645,60,5.7027847290038975,Mouse
830310877645,70,-6.46990966796875,Mouse
830310877645,80,-0.0037639617919920988,Mouse
830310877645,90,-3.2071136474609374,Mouse
830764988902,140,-14.028699493408203,Trackpad
830764988902,150,2.286196899414068,Trackpad
830764988902,160,-1.8451774597167983,Trackpad
830764988902,170,3.3473449707031278,Trackpad
831461226101,135,10.53957824707031,Mouse
831461226101,145,8.456547546386721,Mouse
831461226101,155,1.8159286499023435,Mouse
831461226101,165,-3.7283424377441414,Mouse
836360013578,55,-4.212805175781256,Mouse
836360013578,65,-23.200552678108217,Mouse
836360013578,75,-20.04537363052368,Mouse
836360013578,85,12.634343719482423,Mouse
836667074589,135,-0.4394836425781191,Mouse
836667074589,145,-5.020913696289068,Mouse
836667074589,155,-3.4499885559082015,Mouse
836667074589,165,7.719385528564452,Mouse
836677602492,135,16.816844320297243,Mouse
836677602492,145,3.6555236816406307,Mouse
836677602492,155,19.544161224365233,Mouse
836677602492,165,20.696873474121087,Mouse
837611209368,60,13.864540100097685,Trackpad
837611209368,70,-13.378610229492182,Trackpad
837611209368,80,7.322753906249998,Trackpad
837611209368,90,-6.195797729492187,Trackpad
837816405575,100,13.639959716796875,Trackpad
837816405575,110,-8.613325500488278,Trackpad
837816405575,120,-5.803752136230469,Trackpad
837816405575,130,-1.3960079193115242,Trackpad
841781280934,3,3.636961746215821,Trackpad
841781280934,5,15.247471618652344,Trackpad
841781280934,7,22.579940795898438,Trackpad
841781280934,10,-11.43584747314452,Trackpad
842916191322,135,9.28780212402344,Mouse
842916191322,145,7.951095962524414,Mouse
842916191322,155,-7.448925781249988,Mouse
842916191322,165,2.7287895202636703,Mouse
843157436931,55,-14.768572998046874,Mouse
843157436931,65,-13.299786376953126,Mouse
843157436931,75,-4.666687011718748,Mouse
843157436931,85,-14.987444305419922,Mouse
84703686414,95,29.51434631347656,Mouse
84703686414,105,38.62808256745338,Mouse
84703686414,115,26.351846313476567,Mouse
84703686414,125,5.771141815185549,Mouse
850329221459,95,4.276463317871094,Trackpad
850329221459,105,-8.406327438354491,Trackpad
850329221459,115,-5.79522705078125,Trackpad
850329221459,125,-8.572164916992188,Trackpad
851634270977,95,-18.537254524230956,Mouse
851634270977,105,-3.0604385375976535,Mouse
851634270977,115,6.623204040527341,Mouse
851634270977,125,2.5288711547851532,Mouse
852150209946,95,4.1656768798828185,Mouse
852150209946,105,-0.1588470458984375,Mouse
852150209946,115,-1.6460735321044915,Mouse
852150209946,125,-3.566926574707023,Mouse
852626928128,95,-12.864350891113281,Mouse
852626928128,105,3.0588500976562445,Mouse
852626928128,115,-7.473263549804685,Mouse
852626928128,125,-3.848479461669921,Mouse
853101398795,20,6.606454467773432,Trackpad
853101398795,30,-3.915962219238293,Trackpad
853101398795,40,7.645135498046875,Trackpad
853101398795,50,7.36442756652832,Trackpad
856257066596,3,2.8413055419921873,Trackpad
856257066596,5,2.7909713745117197,Trackpad
856257066596,7,-5.742939758300781,Trackpad
856257066596,10,-0.8776176452636719,Trackpad
857258294243,135,8.583964157104493,Mouse
857258294243,145,10.232603454589853,Mouse
857258294243,155,-9.949011993408202,Mouse
857258294243,165,-14.787313842773433,Mouse
863045202801,135,-12.681159210205069,Mouse
863045202801,145,-9.535047912597653,Mouse
863045202801,155,-7.273657226562506,Mouse
863045202801,165,-16.007405281066895,Mouse
863832141505,55,4.436457824707032,Trackpad
863832141505,65,4.995654296874994,Trackpad
863832141505,75,-3.4797332763671904,Trackpad
863832141505,85,-0.19984588623046867,Trackpad
865611255867,2,3.1708976745605475,Trackpad
865611255867,4,-5.099861145019531,Trackpad
865611255867,6,-1.066604614257807,Trackpad
865611255867,8,8.345222473144531,Trackpad
866262106690,55,-9.803604125976557,Trackpad
866262106690,65,-5.927401733398438,Trackpad
866262106690,75,-0.2289070129394533,Trackpad
866262106690,85,1.6371841430664147,Trackpad
868766423314,140,29.486366271972656,Mouse
868766423314,150,9.528323364257814,Mouse
868766423314,160,-21.7984848022461,Mouse
868766423314,170,35.75708084106445,Mouse
86995724355,20,-3.1149044036865234,Mouse
86995724355,30,5.298709869384763,Mouse
86995724355,40,-1.3731597900390624,Mouse
86995724355,50,-3.707037353515625,Mouse
871067946078,15,-9.948635482788085,Trackpad
871067946078,25,5.702047729492176,Trackpad
871067946078,35,-2.860060119628912,Trackpad
871067946078,45,11.371434020996091,Trackpad
871249367017,140,-0.39138202667236366,Trackpad
871249367017,150,-4.018975830078125,Trackpad
871249367017,160,7.15306396484375,Trackpad
871249367017,170,6.359677124023437,Trackpad
87299142964,135,9.477658081054685,Mouse
87299142964,145,-7.363401794433597,Mouse
87299142964,155,-12.484943008422848,Mouse
87299142964,165,-4.182582092285156,Mouse
875036525540,20,4.789160156249994,Trackpad
875036525540,30,2.048742675781251,Trackpad
875036525540,40,-1.8755386352539063,Trackpad
875036525540,50,-8.330871582031254,Trackpad
876915090018,95,-16.039423370361327,Trackpad
876915090018,105,12.428759002685553,Trackpad
876915090018,115,-16.0660329222679,Trackpad
876915090018,125,0.9160491943359375,Trackpad
879327289061,55,-2.785580444335929,Mouse
879327289061,65,-6.93129425048828,Mouse
879327289061,75,12.055935668945324,Mouse
879327289061,85,-7.025369644165041,Mouse
879490296822,135,-5.191238403320307,Trackpad
879490296822,145,-2.1407455444335937,Trackpad
879490296822,155,4.643544006347651,Trackpad
879490296822,165,-3.5448169708251944,Trackpad
881354056065,100,-10.041804504394532,Trackpad
881354056065,110,8.913206481933596,Trackpad
881354056065,120,9.476734733581543,Trackpad
881354056065,130,-18.060488891601562,Trackpad
881636635866,3,-8.64760055541992,Mouse
881636635866,5,12.422408294677728,Mouse
881636635866,7,-11.097239685058597,Mouse
881636635866,10,-5.1906426429748524,Mouse
883556332206,100,7.1380737304687445,Mouse
883556332206,110,3.1310455322265645,Mouse
883556332206,120,3.479101943969728,Mouse
883556332206,130,0.6583160400390626,Mouse
890093759633,20,0.2529184341430664,Mouse
890093759633,30,-5.6413726806640625,Mouse
890093759633,40,-3.8757431030273466,Mouse
890093759633,50,-0.12112731933593768,Mouse
890450031962,20,-2.9847564697265625,Trackpad
890450031962,30,-1.3005214691162101,Trackpad
890450031962,40,-0.123175048828125,Trackpad
890450031962,50,-5.775332641601565,Trackpad
891532907728,120,-35.62879180908203,Trackpad
894260352710,20,-0.7409561157226549,Trackpad
894260352710,30,-8.83388156890869,Trackpad
894260352710,40,-13.257263183593746,Trackpad
894260352710,50,-7.083377075195318,Trackpad
894596827216,20,0.46072998046875,Mouse
89758134912,140,-18.527401733398445,Mouse
89758134912,150,-22.417910766601565,Mouse
89758134912,160,-15.685239696502686,Mouse
89758134912,170,-14.81177139282227,Mouse
897928518708,100,3.2784622192382806,Mouse
897928518708,110,13.664436340332028,Mouse
897928518708,120,-1.4014205932617188,Mouse
897928518708,130,-6.044091796874994,Mouse
898031750461,100,-7.794949340820315,Trackpad
898031750461,110,-5.095129394531244,Trackpad
898031750461,120,1.286067962646484,Trackpad
898031750461,130,-0.34458923339843683,Trackpad
905631664907,100,-2.248729705810547,Trackpad
905631664907,110,-3.0119747161865242,Trackpad
905631664907,120,10.169529724121086,Trackpad
905631664907,130,-12.177014160156244,Trackpad
906737203476,60,1.9058540344238282,Trackpad
906737203476,70,1.9230484008789062,Trackpad
906737203476,80,0.6183670043945255,Trackpad
906737203476,90,5.27713012695312,Trackpad
911029371665,95,6.260115051269532,Mouse
911029371665,105,2.157424926757801,Mouse
911029371665,115,-0.8506807327270508,Mouse
911029371665,125,-8.383128356933591,Mouse
914010886568,95,-14.220393371582029,Trackpad
914010886568,105,6.3123512268066415,Trackpad
914010886568,115,-2.2428863525390623,Trackpad
914010886568,125,0.48038940429686916,Trackpad
914192695869,25,-2.2291589736938477,Trackpad
91524953255,95,2.423655700683593,Trackpad
91524953255,105,-24.259182739257813,Trackpad
91524953255,115,-12.227452087402344,Trackpad
91524953255,125,12.951704406738278,Trackpad
91531718848,55,11.5384407043457,Mouse
91531718848,65,21.858665466308587,Mouse
91531718848,75,4.643112182617193,Mouse
91531718848,85,11.892526531219483,Mouse
915339582134,95,12.951669311523437,Mouse
915339582134,105,0.273876953125,Mouse
915339582134,115,-12.867837524414062,Mouse
915339582134,125,-6.3336212158203065,Mouse
917476948583,15,12.404162597656244,Trackpad
917476948583,25,3.020531845092775,Trackpad
917476948583,35,2.435015869140611,Trackpad
917476948583,45,9.071908569335937,Trackpad
922666165279,15,9.774322509765625,Trackpad
922666165279,25,-5.439175415039062,Trackpad
922666165279,35,-6.205645561218262,Trackpad
922666165279,45,7.963320922851551,Trackpad
92512405244,20,-3.821771240234375,Trackpad
92512405244,30,-4.273106384277345,Trackpad
92512405244,40,-5.69815063476562,Trackpad
92512405244,50,-5.650661849975586,Trackpad
925397637533,140,5.237769699096679,Mouse
925397637533,150,12.547499084472653,Mouse
925397637533,160,6.060864257812488,Mouse
925397637533,170,3.564809417724611,Mouse
928185260389,3,-2.7298377990722655,Mouse
928185260389,5,2.5000411987304747,Mouse
928185260389,7,1.614666748046875,Mouse
928185260389,10,6.473071670532226,Mouse
928426922298,15,2.248382568359376,Trackpad
928426922298,25,-0.062118530273437146,Trackpad
928426922298,35,4.1050880432128904,Trackpad
928426922298,45,-3.8370803833007896,Trackpad
929164172383,100,9.07865295410156,Mouse
929164172383,110,-7.628065490722655,Mouse
929164172383,120,2.3816467285156255,Mouse
929164172383,130,4.4902099609375,Mouse
93308798968,140,-5.370698547363292,Trackpad
93308798968,150,3.958438110351557,Trackpad
93308798968,160,0.8167972564697262,Trackpad
93308798968,170,7.849815368652344,Trackpad
933626258280,95,-3.3320434570312556,Mouse
933626258280,105,1.9717708587646485,Mouse
933626258280,115,-5.061238861083983,Mouse
933626258280,125,-10.105288696289062,Mouse
934420693200,135,3.5468658447265624,Mouse
934420693200,145,0.6098571777343762,Mouse
934420693200,155,4.750146293640137,Mouse
934420693200,165,-4.753643798828122,Mouse
94212257303,95,18.18699073791504,Mouse
942172447685,20,6.817790222167977,Mouse
942172447685,30,17.808193969726567,Mouse
942172447685,40,9.504962921142575,Mouse
942172447685,50,10.6212797164917,Mouse
942594251362,20,10.851261901855471,Mouse
942594251362,30,-3.2946441650390597,Mouse
942594251362,40,12.032467269897461,Mouse
942594251362,50,-16.5238037109375,Mouse
942895571934,135,-9.408683776855469,Mouse
942895571934,145,-4.220771598815918,Mouse
942895571934,155,-12.446639251708982,Mouse
942895571934,165,-3.659875488281261,Mouse
945312269032,135,8.301194131374361,Mouse
945312269032,145,-27.530818462371826,Mouse
945312269032,155,3.2373888969421385,Mouse
945312269032,165,-5.194396185874939,Mouse
945346587337,2,11.923771667480462,Mouse
945346587337,4,6.143199157714845,Mouse
945346587337,6,-2.507946014404297,Mouse
945346587337,8,-8.944836425781238,Mouse
950401282636,15,4.156431579589844,Mouse
950401282636,25,3.6893630981445256,Mouse
950401282636,35,4.698772430419922,Mouse
950401282636,45,-5.093978881835926,Mouse
952593450434,100,-8.842221069335938,Trackpad
952593450434,110,3.113725280761719,Trackpad
952593450434,120,-3.802816009521486,Trackpad
952593450434,130,16.104718017578126,Trackpad
952949011931,135,6.603404998779297,Mouse
952949011931,145,12.55537109375,Mouse
952949011931,155,-0.879755783081054,Mouse
952949011931,165,-13.524220275878907,Mouse
964304241118,15,1.2875183105468835,Mouse
964304241118,25,-1.2158111572265629,Mouse
964304241118,35,5.78421459197998,Mouse
964304241118,45,5.0585937500000115,Mouse
96435749437,15,2.5032505035400368,Mouse
96435749437,25,-2.30843505859375,Mouse
96435749437,35,-3.2221420288085953,Mouse
96435749437,45,11.232463264465327,Mouse
965587163344,55,-24.181155490875245,Mouse
965587163344,65,-2.6670989990234375,Mouse
968425765400,2,5.031550598144534,Mouse
968425765400,4,-10.968328857421875,Mouse
968425765400,6,-17.623051261901857,Mouse
968425765400,8,5.218793487548828,Mouse
982309131650,3,7.141801071166993,Trackpad
982309131650,5,-3.965617370605469,Trackpad
982309131650,7,0.8266845703125002,Trackpad
982309131650,10,-1.7626647949218808,Trackpad
982415887992,135,-13.165922546386719,Mouse
982415887992,145,-13.257596588134763,Mouse
982415887992,155,-14.800427246093756,Mouse
982415887992,165,-4.2127532958984375,Mouse
986917736241,15,3.3648910522460938,Mouse
986917736241,25,6.165682983398438,Mouse
986917736241,35,7.605398559570318,Mouse
986917736241,45,7.934926986694336,Mouse
993634722428,3,6.5407720565795895,Trackpad
993634722428,5,4.805033874511724,Trackpad
993634722428,7,0.5418121337890625,Trackpad
993634722428,10,-3.9916290283203124,Trackpad
993857921566,20,16.474606323242188,Mouse
993857921566,30,6.280516052246094,Mouse
993857921566,40,-2.615180969238273,Mouse
993857921566,50,10.127012634277344,Mouse
994716872461,60,-1.309494781494142,Trackpad
994716872461,70,4.423855590820312,Trackpad
994716872461,80,-6.41226806640625,Trackpad
994716872461,90,3.8581588745117243,Trackpad
994898098986,55,-9.155178833007806,Trackpad
994898098986,65,18.82424774169922,Trackpad
994898098986,75,1.906979751586914,Trackpad
994898098986,85,18.857468795776366,Trackpad
995622965740,20,-17.88371734619141,Mouse
995622965740,30,-4.0016088485717765,Mouse
995622965740,40,-26.937713623046875,Mouse
995622965740,50,0.3900497436523441,Mouse
996413567103,95,0.32883911132812216,
996413567103,105,1.2467864990234372,
996413567103,115,8.181688690185549,
996413567103,125,-9.530172729492186,
996553590521,2,-1.6591400146484374,Mouse
996553590521,4,2.739529418945318,Mouse
996553590521,6,2.5306945800781273,Mouse
996553590521,8,5.69590606689453,Mouse
998236395651,60,-26.14748916625977,Mouse
998236395651,70,8.208785438537598,Mouse
998236395651,80,-5.3504493713378976,Mouse
998236395651,90,-13.890389761328697,Mouse
99897861946,95,-14.720869445800796,Mouse
99897861946,105,-6.575960171222688,Mouse
99897861946,115,-24.57171325683596,Mouse
99897861946,125,-26.25892944335938,Mouse
