ppid,clamp_magnitude,group,pointer,value
123183469520,2,1,Mouse,9.149811935424804
12978613609,2,1,Mouse,28.333368682861323
163796231616,2,1,Mouse,5.523651432991029
244418469024,2,1,Mouse,40.999066162109386
263992263004,2,1,Mouse,-6.470256555080414
266126640839,2,1,Mouse,22.787125396728513
272993694525,2,1,Trackpad,9.009509468078612
283817955758,2,1,Trackpad,-4.659216690063478
299489942844,2,1,Mouse,131.81395530700684
326018211431,2,1,Trackpad,8.240933990478513
353267429629,2,1,Trackpad,8.493186950683594
368230630876,2,1,Trackpad,16.20968322753907
376660312758,2,1,Mouse,25.552243804931642
385475812479,2,1,Mouse,8.382887268066398
38639956153,2,1,Trackpad,24.353514099121092
441084582125,2,1,Mouse,38.35232086181641
475080016767,2,1,Mouse,22.896532440185545
478867326164,2,1,Mouse,33.507289123535166
479103788267,2,1,Trackpad,-13.900497245788575
537187849171,2,1,Trackpad,20.35315780639649
542684882646,2,1,Mouse,10.36093826293945
557130941888,2,1,Mouse,22.015826416015628
58796474477,2,1,Mouse,14.72729034423828
595595653867,2,1,Mouse,39.65102991759777
608781518181,2,1,Trackpad,33.32640914916992
628253346774,2,1,Trackpad,1.0346450805664062
641972036799,2,1,Trackpad,-0.3413888931274415
645686800824,2,1,Mouse,1.7983314514160171
666880505392,2,1,Mouse,-10.939470291137697
666909089777,2,1,Trackpad,-10.69248176962137
668861049227,2,1,Mouse,5.0222625732421875
671348925214,2,1,Mouse,13.410824584960931
701099609956,2,1,Mouse,51.22811107635498
712406286736,2,1,Mouse,15.597114562988278
71419700048,2,1,Trackpad,-8.030148315429695
737828750163,2,1,Mouse,-14.546821022033692
750626990804,2,1,Trackpad,-15.657340049743652
754786406643,2,1,Mouse,-1.246809005737306
756482156459,2,1,Trackpad,34.25990295410157
760820905212,2,1,Trackpad,16.848231506347652
761518668150,2,1,Mouse,12.311195755004874
785879140021,2,1,Trackpad,4.33033676147461
803522135131,2,1,Mouse,-4.084932804107666
822205019881,2,1,Mouse,18.333291625976564
865611255867,2,1,Trackpad,16.027921962738038
945346587337,2,1,Mouse,38.489382934570315
968425765400,2,1,Mouse,-3.268062639236446
996553590521,2,1,Mouse,16.7060284614563
123183469520,4,1,Mouse,18.93037052154541
12978613609,4,1,Mouse,50.91850296556949
163796231616,4,1,Mouse,10.27254180908202
244418469024,4,1,Mouse,37.107470703125
263992263004,4,1,Mouse,6.263851928710935
266126640839,4,1,Mouse,0.3578002929687443
272993694525,4,1,Trackpad,12.334495544433594
283817955758,4,1,Trackpad,23.043860626220702
299489942844,4,1,Mouse,-51.409197616577146
326018211431,4,1,Trackpad,11.356483745574952
353267429629,4,1,Trackpad,22.133947753906245
368230630876,4,1,Trackpad,31.880711364746098
376660312758,4,1,Mouse,26.826544189453124
385475812479,4,1,Mouse,14.108078002929679
38639956153,4,1,Trackpad,59.81659309267998
441084582125,4,1,Mouse,39.71809310913086
475080016767,4,1,Mouse,28.355031967163086
478867326164,4,1,Mouse,25.434204864501954
479103788267,4,1,Trackpad,40.406730651855476
537187849171,4,1,Trackpad,16.959657239913945
542684882646,4,1,Mouse,14.252064037322999
557130941888,4,1,Mouse,13.659027862548829
58796474477,4,1,Mouse,14.448403167724615
595595653867,4,1,Mouse,-41.467994938790795
608781518181,4,1,Trackpad,0.328147506713868
628253346774,4,1,Trackpad,-12.49229621887207
641972036799,4,1,Trackpad,16.98546524047851
645686800824,4,1,Mouse,6.459729862213135
666880505392,4,1,Mouse,-6.04010648727417
666909089777,4,1,Trackpad,17.16562705412507
668861049227,4,1,Mouse,3.932730960845947
671348925214,4,1,Mouse,27.92550277709961
701099609956,4,1,Mouse,48.5585296869278
712406286736,4,1,Mouse,17.72124824523926
71419700048,4,1,Trackpad,16.655734825134278
737828750163,4,1,Mouse,37.6970932006836
750626990804,4,1,Trackpad,66.93416271209716
754786406643,4,1,Mouse,-32.30803974866867
756482156459,4,1,Trackpad,33.638106155395505
760820905212,4,1,Trackpad,-4.35458526611329
761518668150,4,1,Mouse,10.939517593383789
785879140021,4,1,Trackpad,-2.05931396484375
803522135131,4,1,Mouse,-2.3591186523437444
822205019881,4,1,Mouse,26.956021881103517
865611255867,4,1,Trackpad,-2.9989978790283205
945346587337,4,1,Mouse,34.878542865812776
968425765400,4,1,Mouse,25.578545379638683
996553590521,4,1,Mouse,23.930404663085938
123183469520,6,1,Mouse,15.495919799804682
12978613609,6,1,Mouse,29.173000526428222
163796231616,6,1,Mouse,37.83885536342859
244418469024,6,1,Mouse,52.95613441467285
263992263004,6,1,Mouse,10.027935791015626
266126640839,6,1,Mouse,8.046007156372072
272993694525,6,1,Trackpad,33.961449432373044
283817955758,6,1,Trackpad,28.474572753906237
299489942844,6,1,Mouse,-143.13858222961426
326018211431,6,1,Trackpad,4.395988464355469
353267429629,6,1,Trackpad,37.57249450683594
368230630876,6,1,Trackpad,27.469136810302736
376660312758,6,1,Mouse,36.02248828560114
385475812479,6,1,Mouse,4.860622787475582
38639956153,6,1,Trackpad,-10.43159465789795
441084582125,6,1,Mouse,41.522725677490236
475080016767,6,1,Mouse,26.45572075843811
478867326164,6,1,Mouse,0.5200225830078179
479103788267,6,1,Trackpad,1.576961803436285
537187849171,6,1,Trackpad,22.040580749511722
542684882646,6,1,Mouse,3.4747547149658202
557130941888,6,1,Mouse,17.088366699218746
58796474477,6,1,Mouse,25.316720294952393
595595653867,6,1,Mouse,130.68209510482848
608781518181,6,1,Trackpad,-2.379388046264644
628253346774,6,1,Trackpad,15.289682006835937
641972036799,6,1,Trackpad,8.735966110229493
645686800824,6,1,Mouse,-1.1713470458984403
666880505392,6,1,Mouse,31.186300659179686
666909089777,6,1,Trackpad,-16.548629760742188
668861049227,6,1,Mouse,9.586843490600588
671348925214,6,1,Mouse,9.668711090087891
701099609956,6,1,Mouse,45.350615692138675
712406286736,6,1,Mouse,32.929473114013675
71419700048,6,1,Trackpad,-6.7001626968383805
737828750163,6,1,Mouse,-2.9708793640136717
750626990804,6,1,Trackpad,-56.16195583343506
754786406643,6,1,Mouse,34.25088195800782
756482156459,6,1,Trackpad,38.48539798259735
760820905212,6,1,Trackpad,6.343580150604248
761518668150,6,1,Mouse,6.52034330368042
785879140021,6,1,Trackpad,1.0586074829101562
803522135131,6,1,Mouse,26.66390380859375
822205019881,6,1,Mouse,35.462495774030685
865611255867,6,1,Trackpad,20.030485534667974
945346587337,6,1,Mouse,17.68515892028809
968425765400,6,1,Mouse,13.581405568122864
996553590521,6,1,Mouse,45.06910629272461
123183469520,8,1,Mouse,16.597661590576173
12978613609,8,1,Mouse,51.13325805664063
163796231616,8,1,Mouse,31.175112152099615
244418469024,8,1,Mouse,61.27809074521065
263992263004,8,1,Mouse,21.230123138427732
266126640839,8,1,Mouse,17.45595188140869
272993694525,8,1,Trackpad,25.605885314941418
283817955758,8,1,Trackpad,29.355484771728516
299489942844,8,1,Mouse,41.80972557067871
326018211431,8,1,Trackpad,5.1715221405029315
353267429629,8,1,Trackpad,20.18266358375549
368230630876,8,1,Trackpad,22.024597311019896
376660312758,8,1,Mouse,38.33292999267578
385475812479,8,1,Mouse,5.333404350280762
38639956153,8,1,Trackpad,9.356828308105468
441084582125,8,1,Mouse,25.9689523935318
475080016767,8,1,Mouse,41.67451629638673
478867326164,8,1,Mouse,34.62458049058914
479103788267,8,1,Trackpad,2.418414497375488
537187849171,8,1,Trackpad,33.74875411987305
542684882646,8,1,Mouse,45.15682525634766
557130941888,8,1,Mouse,36.90291290283203
58796474477,8,1,Mouse,16.239533996582033
595595653867,8,1,Mouse,-137.27445023357868
608781518181,8,1,Trackpad,58.08625191450119
628253346774,8,1,Trackpad,20.017096519470215
641972036799,8,1,Trackpad,2.1929977416992217
645686800824,8,1,Mouse,19.042713165283203
666880505392,8,1,Mouse,-27.479054260253907
666909089777,8,1,Trackpad,10.922878265380861
668861049227,8,1,Mouse,26.15117256641388
671348925214,8,1,Mouse,23.656068420410154
701099609956,8,1,Mouse,39.992258954048154
712406286736,8,1,Mouse,41.166986083984376
71419700048,8,1,Trackpad,20.694648361206056
737828750163,8,1,Mouse,40.7854507446289
750626990804,8,1,Trackpad,43.230799865722645
754786406643,8,1,Mouse,59.552364349365234
756482156459,8,1,Trackpad,45.250109100341795
760820905212,8,1,Trackpad,28.02224565148353
761518668150,8,1,Mouse,25.980280685424805
785879140021,8,1,Trackpad,-4.591098785400396
803522135131,8,1,Mouse,19.866297912597652
822205019881,8,1,Mouse,30.741901302337645
865611255867,8,1,Trackpad,22.06441497802735
945346587337,8,1,Mouse,3.5999710083007814
968425765400,8,1,Mouse,17.51985969543457
996553590521,8,1,Mouse,20.187698745727538
141579159069,3,2,Trackpad,7.155714416503903
157286867732,3,2,Trackpad,38.38641652166843
18545178463,3,2,Trackpad,-7.624256896972653
244346351129,3,2,Mouse,-18.272865945100786
281449537957,3,2,Trackpad,28.547634887695303
286533593898,3,2,Mouse,29.93945598602295
307390059111,3,2,Mouse,27.319750213623045
314751828555,3,2,Trackpad,46.18689575195312
340447094989,3,2,Mouse,32.34061660766602
363396258093,3,2,Mouse,-0.3696219444274901
372881010640,3,2,Mouse,-0.09420471191406535
413611575961,3,2,Trackpad,63.207750701904295
42404767125,3,2,Trackpad,14.664049530029297
424813729943,3,2,Mouse,51.18073755502701
450325436890,3,2,Mouse,-8.16288948059082
453578034881,3,2,Mouse,10.876694869995116
455088283633,3,2,Trackpad,28.93152847290039
47219052677,3,2,Trackpad,20.377285766601567
485655207419,3,2,Mouse,19.57357254028321
490372725762,3,2,Trackpad,35.14334220886231
497830706648,3,2,Trackpad,-21.70290222167969
499781516147,3,2,Mouse,37.570396423339844
514699809951,3,2,Mouse,26.570029067993165
524084624601,3,2,Mouse,40.599189567565915
526591815054,3,2,Mouse,21.25188446044922
560719192726,3,2,Trackpad,-1.3140293121337892
568911038571,3,2,Mouse,19.031438207626344
571510386420,3,2,Mouse,21.177979135513304
607190310023,3,2,Mouse,42.33007507324219
610091723036,3,2,Mouse,22.481078720092775
616859448142,3,2,Mouse,9.788949584960937
662896639900,3,2,Mouse,65.36668775081634
665972822112,3,2,Mouse,8.804197692871096
706570674898,3,2,Trackpad,16.840439128875733
711049351608,3,2,Trackpad,17.448137283325195
747682140674,3,2,Trackpad,9.323072814941407
75254959287,3,2,Trackpad,30.679055786132817
758610083023,3,2,Trackpad,6.920925140380862
764955634018,3,2,Mouse,40.1034912109375
781632843660,3,2,Mouse,-67.82333656549454
788534438470,3,2,Trackpad,4.9415807723999
802470273105,3,2,Trackpad,-95.6780758857727
818668159889,3,2,Mouse,35.7701804459095
841781280934,3,2,Trackpad,23.916703605651854
856257066596,3,2,Trackpad,62.312526455521585
881636635866,3,2,Mouse,35.487572479248044
928185260389,3,2,Mouse,16.456515502929687
982309131650,3,2,Trackpad,-1.8101491928100581
993634722428,3,2,Trackpad,39.306716591119766
141579159069,5,2,Trackpad,11.711305618286133
157286867732,5,2,Trackpad,52.430566024780276
18545178463,5,2,Trackpad,9.902198600769044
244346351129,5,2,Mouse,4.1398309707641605
281449537957,5,2,Trackpad,12.953620910644531
286533593898,5,2,Mouse,3.70426139831543
307390059111,5,2,Mouse,-5.1663116455078155
314751828555,5,2,Trackpad,52.05354881286621
340447094989,5,2,Mouse,25.35589771270752
363396258093,5,2,Mouse,26.956595420837395
372881010640,5,2,Mouse,31.576069259643553
413611575961,5,2,Trackpad,38.97545318603515
42404767125,5,2,Trackpad,21.29500880241394
424813729943,5,2,Mouse,-40.53768236637116
450325436890,5,2,Mouse,-1.2883483886718754
453578034881,5,2,Mouse,3.47927188873291
455088283633,5,2,Trackpad,36.47240419387818
47219052677,5,2,Trackpad,23.643583679199224
485655207419,5,2,Mouse,34.074420580267905
490372725762,5,2,Trackpad,31.49217414855957
497830706648,5,2,Trackpad,6.621537590026854
499781516147,5,2,Mouse,31.982393074035645
514699809951,5,2,Mouse,27.684651184082032
524084624601,5,2,Mouse,28.667648208141326
526591815054,5,2,Mouse,15.07568550109863
560719192726,5,2,Trackpad,17.752577209472662
568911038571,5,2,Mouse,-23.00255432128906
571510386420,5,2,Mouse,4.877459716796883
607190310023,5,2,Mouse,40.92959060668946
610091723036,5,2,Mouse,5.4855545043945275
616859448142,5,2,Mouse,27.665033721923823
662896639900,5,2,Mouse,-65.7925222247839
665972822112,5,2,Mouse,13.258795166015627
706570674898,5,2,Trackpad,13.255630493164062
711049351608,5,2,Trackpad,39.0939437866211
747682140674,5,2,Trackpad,25.27761764526366
75254959287,5,2,Trackpad,2.375360107421881
758610083023,5,2,Trackpad,16.85933837890625
764955634018,5,2,Mouse,-0.015147018432615057
781632843660,5,2,Mouse,64.30029239654542
788534438470,5,2,Trackpad,7.6896041870117156
802470273105,5,2,Trackpad,0.47708854675292917
818668159889,5,2,Mouse,26.657407966256148
841781280934,5,2,Trackpad,31.302425384521484
856257066596,5,2,Trackpad,47.80993423461914
881636635866,5,2,Mouse,33.40927415341139
928185260389,5,2,Mouse,22.469996643066402
982309131650,5,2,Trackpad,4.152331161499022
993634722428,5,2,Trackpad,36.47248153686524
141579159069,7,2,Trackpad,34.355525970458984
157286867732,7,2,Trackpad,48.42826690673828
18545178463,7,2,Trackpad,2.11083869934082
244346351129,7,2,Mouse,13.506944465637208
281449537957,7,2,Trackpad,20.31936721801758
286533593898,7,2,Mouse,34.37709197998047
307390059111,7,2,Mouse,21.731991577148438
314751828555,7,2,Trackpad,56.34280853271484
340447094989,7,2,Mouse,-2.361566925048831
363396258093,7,2,Mouse,39.701757812500006
372881010640,7,2,Mouse,32.23143463134765
413611575961,7,2,Trackpad,52.438489532470705
42404767125,7,2,Trackpad,17.269204711914064
424813729943,7,2,Mouse,0.5231013059616142
450325436890,7,2,Mouse,-6.322681522369384
453578034881,7,2,Mouse,5.369483184814444
455088283633,7,2,Trackpad,22.837332534790043
47219052677,7,2,Trackpad,29.45641632080078
485655207419,7,2,Mouse,4.964984130859378
490372725762,7,2,Trackpad,33.66574666798114
497830706648,7,2,Trackpad,-29.11629276275635
499781516147,7,2,Mouse,30.17016448974608
514699809951,7,2,Mouse,34.51618270874023
524084624601,7,2,Mouse,26.26112213134767
526591815054,7,2,Mouse,-7.618490600585941
560719192726,7,2,Trackpad,21.872254180908207
568911038571,7,2,Mouse,31.555525875091554
571510386420,7,2,Mouse,22.636463165283203
607190310023,7,2,Mouse,48.37378742694855
610091723036,7,2,Mouse,47.15798110961914
616859448142,7,2,Mouse,14.156725025177002
662896639900,7,2,Mouse,-26.021645855903625
665972822112,7,2,Mouse,3.513264369964598
706570674898,7,2,Trackpad,13.300724792480477
711049351608,7,2,Trackpad,32.09949188232422
747682140674,7,2,Trackpad,20.64057502746582
75254959287,7,2,Trackpad,17.685840606689453
758610083023,7,2,Trackpad,29.138668650388716
764955634018,7,2,Mouse,41.422886261343955
781632843660,7,2,Mouse,16.048447751998896
788534438470,7,2,Trackpad,-1.833155059814453
802470273105,7,2,Trackpad,-52.73483772277832
818668159889,7,2,Mouse,33.044646316766745
841781280934,7,2,Trackpad,29.868164503574366
856257066596,7,2,Trackpad,37.673024749755854
881636635866,7,2,Mouse,24.45572633743286
928185260389,7,2,Mouse,32.326174926757815
982309131650,7,2,Trackpad,-12.68510284423829
993634722428,7,2,Trackpad,39.6727767944336
141579159069,10,2,Trackpad,33.52135848999022
157286867732,10,2,Trackpad,50.53369979858398
18545178463,10,2,Trackpad,30.426651000976562
244346351129,10,2,Mouse,-6.842254066467288
281449537957,10,2,Trackpad,13.9357307434082
286533593898,10,2,Mouse,8.030125427246094
307390059111,10,2,Mouse,27.551587677001955
314751828555,10,2,Trackpad,73.89036536216736
340447094989,10,2,Mouse,16.609683990478516
363396258093,10,2,Mouse,52.35222396850586
372881010640,10,2,Mouse,10.02540988922119
413611575961,10,2,Trackpad,81.47478513717651
42404767125,10,2,Trackpad,31.332957458496093
424813729943,10,2,Mouse,-23.83285651206969
450325436890,10,2,Mouse,5.804408264160152
453578034881,10,2,Mouse,1.5280639648437444
455088283633,10,2,Trackpad,10.712776184082031
47219052677,10,2,Trackpad,28.702172851562505
485655207419,10,2,Mouse,26.19986915588379
490372725762,10,2,Trackpad,49.30557250976562
497830706648,10,2,Trackpad,10.682124090194705
499781516147,10,2,Mouse,61.24325408935547
514699809951,10,2,Mouse,44.211105346679695
524084624601,10,2,Mouse,32.657419586181646
526591815054,10,2,Mouse,12.888654518127442
560719192726,10,2,Trackpad,7.806405067443848
568911038571,10,2,Mouse,-2.940927839279177
571510386420,10,2,Mouse,32.56593399047851
607190310023,10,2,Mouse,46.20358867645264
610091723036,10,2,Mouse,48.84179882854224
616859448142,10,2,Mouse,32.658151626586914
662896639900,10,2,Mouse,42.11959284543991
665972822112,10,2,Mouse,42.590660284459595
706570674898,10,2,Trackpad,18.95642776489258
711049351608,10,2,Trackpad,32.76063816100359
747682140674,10,2,Trackpad,31.989556884765626
75254959287,10,2,Trackpad,7.710230541229248
758610083023,10,2,Trackpad,14.537531852722168
764955634018,10,2,Mouse,3.884135437011719
781632843660,10,2,Mouse,-0.7621728658676155
788534438470,10,2,Trackpad,10.983445739746093
802470273105,10,2,Trackpad,57.17877197265625
818668159889,10,2,Mouse,36.425617218017585
841781280934,10,2,Trackpad,52.183267211914064
856257066596,10,2,Trackpad,35.8705436706543
881636635866,10,2,Mouse,32.58852691650391
928185260389,10,2,Mouse,37.01263160705567
982309131650,10,2,Trackpad,7.019023132324219
993634722428,10,2,Trackpad,36.34908599853516
139654613099,15,3,Mouse,37.99931900501251
141351339407,15,3,Trackpad,45.58946914672852
158240405377,15,3,Mouse,33.31885681152344
193100401433,15,3,Mouse,-4.299386596679687
219942741794,15,3,Mouse,17.521525573730464
263290655799,15,3,Trackpad,23.889492493867873
287971476791,15,3,Mouse,16.871992279501516
306810469599,15,3,Mouse,4.359578323364259
311279476853,15,3,Mouse,38.53726959228515
311518904287,15,3,Mouse,51.35598543137313
37013057852,15,3,Mouse,12.275882720947271
370640644570,15,3,Mouse,19.128999972343443
383627469185,15,3,Trackpad,-9.364589691162113
390771680977,15,3,Trackpad,-34.09551830291748
398109816713,15,3,Mouse,73.3784775108099
401611892739,15,3,Trackpad,65.45162811279297
435751852346,15,3,Trackpad,20.380166435241698
456157590029,15,3,Mouse,28.095456695556642
466178274480,15,3,Trackpad,29.546977233886718
510743529302,15,3,Trackpad,19.16272392272949
519645490683,15,3,Mouse,14.358861216902735
549389360938,15,3,Trackpad,17.27736873626709
564938298193,15,3,Trackpad,14.78336296081543
572670224355,15,3,Mouse,16.078790229558955
577084825607,15,3,Trackpad,53.613428539037706
591787668410,15,3,Mouse,44.21671795248985
624015980400,15,3,Trackpad,33.58978805541993
62472867313,15,3,Mouse,47.334728240966804
625553694320,15,3,Mouse,29.11072540283203
657277573598,15,3,Trackpad,6.6766585350036625
669404158834,15,3,Trackpad,25.574197387695307
676818776410,15,3,Trackpad,12.986444473266598
726770222419,15,3,Trackpad,28.671401596069337
748730017803,15,3,Mouse,51.71899871826173
767939159879,15,3,Mouse,49.605796813964844
774480707012,15,3,Mouse,40.559121704101564
787634621141,15,3,Mouse,1.4063438415527327
797606508946,15,3,Mouse,32.27872686386108
81350229447,15,3,Trackpad,3.315189361572267
822554411599,15,3,Mouse,60.89866943359375
871067946078,15,3,Trackpad,-13.094150161743164
914192695869,15,3,Trackpad,6.498990631103513
917476948583,15,3,Trackpad,31.924425935745234
922666165279,15,3,Trackpad,15.21832046508789
924573419382,15,3,Trackpad,132.2570373535156
928426922298,15,3,Trackpad,72.54369888305663
950401282636,15,3,Mouse,34.604861450195315
964304241118,15,3,Mouse,4.910952758789071
96435749437,15,3,Mouse,66.43612999692559
986917736241,15,3,Mouse,24.7767936706543
139654613099,25,3,Mouse,42.83549880981445
141351339407,25,3,Trackpad,43.41954142302274
158240405377,25,3,Mouse,34.52907018661499
193100401433,25,3,Mouse,12.27327995300293
219942741794,25,3,Mouse,33.35758590698242
263290655799,25,3,Trackpad,17.013736724853516
287971476791,25,3,Mouse,31.682255781359142
306810469599,25,3,Mouse,39.99576034545898
311279476853,25,3,Mouse,47.01195526123047
311518904287,25,3,Mouse,56.98709335327148
37013057852,25,3,Mouse,11.406761932373048
370640644570,25,3,Mouse,27.34793436527253
383627469185,25,3,Trackpad,1.2319686889648385
390771680977,25,3,Trackpad,-15.168391227722163
398109816713,25,3,Mouse,67.0330753326416
401611892739,25,3,Trackpad,108.03876056671143
435751852346,25,3,Trackpad,-5.6153297424316335
456157590029,25,3,Mouse,41.00480308532715
466178274480,25,3,Trackpad,36.098140430450435
510743529302,25,3,Trackpad,23.016329193115237
519645490683,25,3,Mouse,57.22449116706848
549389360938,25,3,Trackpad,40.1327651977539
564938298193,25,3,Trackpad,27.245689392089844
572670224355,25,3,Mouse,28.665308970212937
577084825607,25,3,Trackpad,37.21912841796875
591787668410,25,3,Mouse,-13.969685500860214
624015980400,25,3,Trackpad,14.143266296386722
62472867313,25,3,Mouse,51.21019439697265
625553694320,25,3,Mouse,23.85049934387207
657277573598,25,3,Trackpad,11.492247390747071
669404158834,25,3,Trackpad,49.127983945608136
676818776410,25,3,Trackpad,-2.067197418212891
726770222419,25,3,Trackpad,33.66926670074463
748730017803,25,3,Mouse,45.523729705810545
767939159879,25,3,Mouse,49.22851691246033
774480707012,25,3,Mouse,45.2581901550293
787634621141,25,3,Mouse,18.981413269042967
797606508946,25,3,Mouse,9.023250198364257
81350229447,25,3,Trackpad,37.31671905517579
822554411599,25,3,Mouse,52.121124267578125
871067946078,25,3,Trackpad,2.6385169982910157
914192695869,25,3,Trackpad,26.29825210571289
917476948583,25,3,Trackpad,3.259287881851197
922666165279,25,3,Trackpad,-3.1046676635742143
924573419382,25,3,Trackpad,-28.555058670043945
928426922298,25,3,Trackpad,81.64022159576416
950401282636,25,3,Mouse,29.38854370117188
964304241118,25,3,Mouse,27.112454414367676
96435749437,25,3,Mouse,45.095951080322266
986917736241,25,3,Mouse,41.411701965332036
139654613099,35,3,Mouse,72.53050918579102
141351339407,35,3,Trackpad,29.95987014770508
158240405377,35,3,Mouse,31.742592048645015
193100401433,35,3,Mouse,7.802353477478029
219942741794,35,3,Mouse,32.62588405609131
263290655799,35,3,Trackpad,41.88247070312501
287971476791,35,3,Mouse,-5.874105341294232
306810469599,35,3,Mouse,28.40367379784584
311279476853,35,3,Mouse,30.55053844451904
311518904287,35,3,Mouse,34.95805130004884
37013057852,35,3,Mouse,2.818070220947265
370640644570,35,3,Mouse,-52.9223137140274
383627469185,35,3,Trackpad,26.38325138092041
390771680977,35,3,Trackpad,-21.307799053192138
398109816713,35,3,Mouse,-19.470538187026982
401611892739,35,3,Trackpad,132.6511001586914
435751852346,35,3,Trackpad,40.35286340713501
456157590029,35,3,Mouse,64.54043366909028
466178274480,35,3,Trackpad,16.94281921386719
510743529302,35,3,Trackpad,10.94726715087891
519645490683,35,3,Mouse,-9.25946971103549
549389360938,35,3,Trackpad,41.82625274658202
564938298193,35,3,Trackpad,20.371128845214844
572670224355,35,3,Mouse,33.80541915893555
577084825607,35,3,Trackpad,44.46696166992187
591787668410,35,3,Mouse,-11.386014580726629
624015980400,35,3,Trackpad,28.71510009765625
62472867313,35,3,Mouse,43.88738174438477
625553694320,35,3,Mouse,28.09723358154297
657277573598,35,3,Trackpad,14.54223175048829
669404158834,35,3,Trackpad,29.00191798210144
676818776410,35,3,Trackpad,19.736116027832033
726770222419,35,3,Trackpad,54.49936009645462
748730017803,35,3,Mouse,51.659440231323245
767939159879,35,3,Mouse,47.76680526733399
774480707012,35,3,Mouse,47.71004488170147
787634621141,35,3,Mouse,28.70926426649094
797606508946,35,3,Mouse,32.9386447429657
81350229447,35,3,Trackpad,15.740174746513366
822554411599,35,3,Mouse,47.54849472045898
871067946078,35,3,Trackpad,20.19328904151916
914192695869,35,3,Trackpad,-3.743141937255859
917476948583,35,3,Trackpad,18.51193771362305
922666165279,35,3,Trackpad,-11.377952194213867
924573419382,35,3,Trackpad,42.51536636352539
928426922298,35,3,Trackpad,69.25494613647462
950401282636,35,3,Mouse,31.217027378082275
964304241118,35,3,Mouse,35.82886320352554
96435749437,35,3,Mouse,67.90242290496826
986917736241,35,3,Mouse,48.84176254272461
139654613099,45,3,Mouse,46.604726409912104
141351339407,45,3,Trackpad,42.98970184326172
158240405377,45,3,Mouse,31.430550657212727
193100401433,45,3,Mouse,-4.803162384033206
219942741794,45,3,Mouse,44.294333648681636
263290655799,45,3,Trackpad,36.86027450561524
287971476791,45,3,Mouse,-2.119145112879136
306810469599,45,3,Mouse,13.99324111938476
311279476853,45,3,Mouse,46.508136987034234
311518904287,45,3,Mouse,58.59705715179443
37013057852,45,3,Mouse,34.61176164150238
370640644570,45,3,Mouse,71.66217010021208
383627469185,45,3,Trackpad,23.24074020385742
390771680977,45,3,Trackpad,-31.24325523376465
398109816713,45,3,Mouse,27.446327471733092
401611892739,45,3,Trackpad,48.00251808166504
435751852346,45,3,Trackpad,2.181885528564454
456157590029,45,3,Mouse,32.201636505126956
466178274480,45,3,Trackpad,27.627622222900392
510743529302,45,3,Trackpad,0.7192462921142575
519645490683,45,3,Mouse,15.940101146697998
549389360938,45,3,Trackpad,50.56971586495638
564938298193,45,3,Trackpad,46.39814643859863
572670224355,45,3,Mouse,48.39917049407959
577084825607,45,3,Trackpad,30.78204002380371
591787668410,45,3,Mouse,-25.999265080690385
624015980400,45,3,Trackpad,30.765186309814453
62472867313,45,3,Mouse,38.31339940130711
625553694320,45,3,Mouse,11.841151905059814
657277573598,45,3,Trackpad,7.523110961914066
669404158834,45,3,Trackpad,55.243069076538085
676818776410,45,3,Trackpad,0.8682655334472715
726770222419,45,3,Trackpad,43.53502578735351
748730017803,45,3,Mouse,35.96046331822872
767939159879,45,3,Mouse,38.78980751037598
774480707012,45,3,Mouse,40.37050323486328
787634621141,45,3,Mouse,57.412887001037596
797606508946,45,3,Mouse,6.671583414077761
81350229447,45,3,Trackpad,20.255404663085937
822554411599,45,3,Mouse,52.983055114746094
871067946078,45,3,Trackpad,32.19860153198242
914192695869,45,3,Trackpad,13.725874900817868
917476948583,45,3,Trackpad,1.7231134414672855
922666165279,45,3,Trackpad,3.6886383056640595
924573419382,45,3,Trackpad,-122.32219161987305
928426922298,45,3,Trackpad,64.93995666503906
950401282636,45,3,Mouse,15.822503662109378
964304241118,45,3,Mouse,29.681954956054692
96435749437,45,3,Mouse,78.62461547851562
986917736241,45,3,Mouse,38.853611695766446
112768063321,20,4,,42.87064131498337
134751847945,20,4,Trackpad,2.350523567199705
156593167223,20,4,Mouse,39.5877326965332
204680910799,20,4,Mouse,44.234261739253995
211178143741,20,4,Mouse,39.30471791420132
211349502438,20,4,Mouse,53.29778060913086
219666297547,20,4,Trackpad,-20.832298278808594
230918759014,20,4,Trackpad,31.752529275417327
23243432166,20,4,Mouse,35.86849250793456
312810119008,20,4,Mouse,42.191279602050784
326328627765,20,4,Trackpad,-0.6280944824218693
342998198233,20,4,Trackpad,23.040195083618165
3512277966,20,4,Mouse,25.75095138549804
375371629837,20,4,Trackpad,16.59023590087891
394487149082,20,4,Trackpad,54.75919609069824
425971333170,20,4,Trackpad,36.12340488433838
432379164500,20,4,Mouse,29.84643440246582
466315876226,20,4,Trackpad,7.810142517089844
496473497245,20,4,Trackpad,30.254640960693358
498719011200,20,4,Mouse,33.58534622192383
507283287821,20,4,Trackpad,-10.28443489074707
554310866631,20,4,Mouse,41.08287048339844
554483397398,20,4,Mouse,37.16102430555556
559884942136,20,4,Trackpad,31.420420837402343
575425482820,20,4,Mouse,37.64746589660645
577336943708,20,4,Trackpad,-23.950027465820312
60516332508,20,4,Trackpad,43.71973133087158
609066119184,20,4,Trackpad,44.190085938572885
643459252314,20,4,Trackpad,41.36233138816898
65172413131,20,4,Mouse,27.801763916015624
654411478666,20,4,Mouse,35.68449630737305
660965892719,20,4,Trackpad,23.048392486572258
664917210582,20,4,Mouse,57.17237605452537
667250633006,20,4,Trackpad,34.15065460205078
68466946249,20,4,Trackpad,9.435831236839295
769001317210,20,4,Mouse,35.84914400577545
777654116973,20,4,Trackpad,6.48336563110352
780990068335,20,4,Trackpad,-4.3416450500488235
853101398795,20,4,Trackpad,21.212960815429675
86995724355,20,4,Mouse,27.4359751701355
875036525540,20,4,Trackpad,9.846560668945312
890093759633,20,4,Mouse,43.16515693664551
890450031962,20,4,Trackpad,10.9046630859375
894260352710,20,4,Trackpad,6.577577209472656
894596827216,20,4,Mouse,72.09441776275635
92512405244,20,4,Trackpad,13.233784484863282
942172447685,20,4,Mouse,47.62970657348633
942594251362,20,4,Mouse,61.30770416259766
993857921566,20,4,Mouse,25.422586059570317
995622965740,20,4,Mouse,35.20128402709961
112768063321,30,4,,51.80932846069336
134751847945,30,4,Trackpad,17.3792236328125
156593167223,30,4,Mouse,39.05059318542481
204680910799,30,4,Mouse,17.00325241088867
211178143741,30,4,Mouse,28.56315803527832
211349502438,30,4,Mouse,25.70338430404663
219666297547,30,4,Trackpad,14.576680755615234
230918759014,30,4,Trackpad,15.567924499511719
23243432166,30,4,Mouse,10.12325918674469
312810119008,30,4,Mouse,48.630313873291016
326328627765,30,4,Trackpad,-3.1840415954589787
342998198233,30,4,Trackpad,16.96673240661621
3512277966,30,4,Mouse,43.431173944473265
375371629837,30,4,Trackpad,12.309439086914072
394487149082,30,4,Trackpad,28.149948120117188
425971333170,30,4,Trackpad,33.60997085571289
432379164500,30,4,Mouse,24.693726348876954
466315876226,30,4,Trackpad,14.238052368164057
496473497245,30,4,Trackpad,51.98423957824707
498719011200,30,4,Mouse,32.4413178820163
507283287821,30,4,Trackpad,20.968236374855042
554310866631,30,4,Mouse,26.395584106445312
554483397398,30,4,Mouse,51.2164798312717
559884942136,30,4,Trackpad,12.299060440063474
575425482820,30,4,Mouse,42.31705942749978
577336943708,30,4,Trackpad,5.998457574844361
60516332508,30,4,Trackpad,23.615178680419916
609066119184,30,4,Trackpad,39.20927505493164
643459252314,30,4,Trackpad,26.710198974609376
65172413131,30,4,Mouse,27.065538024902345
654411478666,30,4,Mouse,35.77357743754983
660965892719,30,4,Trackpad,14.603439331054684
664917210582,30,4,Mouse,34.669525909423825
667250633006,30,4,Trackpad,41.235330200195314
68466946249,30,4,Trackpad,6.79344367980957
769001317210,30,4,Mouse,50.14711914062501
777654116973,30,4,Trackpad,11.40097179412842
780990068335,30,4,Trackpad,13.393849945068359
853101398795,30,4,Trackpad,-1.7826576232910143
86995724355,30,4,Mouse,40.120051574707034
875036525540,30,4,Trackpad,-3.4181175231933585
890093759633,30,4,Mouse,29.910762929916377
890450031962,30,4,Trackpad,43.997426986694336
894260352710,30,4,Trackpad,11.681138992309572
894596827216,30,4,Mouse,164.64988327026367
92512405244,30,4,Trackpad,-9.906838989257812
942172447685,30,4,Mouse,42.71504058837891
942594251362,30,4,Mouse,83.79282684326172
993857921566,30,4,Mouse,23.718490219116212
995622965740,30,4,Mouse,40.56965103149414
112768063321,40,4,,42.74825439453125
134751847945,40,4,Trackpad,-5.97576904296875
156593167223,40,4,Mouse,44.40979055166245
204680910799,40,4,Mouse,14.819193840026855
211178143741,40,4,Mouse,73.211314868927
211349502438,40,4,Mouse,36.46610895395279
219666297547,40,4,Trackpad,-12.189219665527341
230918759014,40,4,Trackpad,27.88945770263673
23243432166,40,4,Mouse,-6.257079315185544
312810119008,40,4,Mouse,26.076344299316407
326328627765,40,4,Trackpad,-2.017929840087891
342998198233,40,4,Trackpad,12.14445700645447
3512277966,40,4,Mouse,19.259338665008546
375371629837,40,4,Trackpad,16.332860565185538
394487149082,40,4,Trackpad,62.947040748596194
425971333170,40,4,Trackpad,79.76049485206605
432379164500,40,4,Mouse,32.28184204101562
466315876226,40,4,Trackpad,11.35594482421875
496473497245,40,4,Trackpad,25.113573002815247
498719011200,40,4,Mouse,42.059143567085265
507283287821,40,4,Trackpad,50.82964382171632
554310866631,40,4,Mouse,24.79674377441406
554483397398,40,4,Mouse,40.82652452256944
559884942136,40,4,Trackpad,32.33525161743164
575425482820,40,4,Mouse,33.79713439941407
577336943708,40,4,Trackpad,17.702622222900395
60516332508,40,4,Trackpad,40.278255462646484
609066119184,40,4,Trackpad,27.38096923828125
643459252314,40,4,Trackpad,33.74046287536621
65172413131,40,4,Mouse,44.39377080798149
654411478666,40,4,Mouse,16.73126564025879
660965892719,40,4,Trackpad,8.017646408081054
664917210582,40,4,Mouse,38.40790100097656
667250633006,40,4,Trackpad,45.711927795410155
68466946249,40,4,Trackpad,24.697192943096162
769001317210,40,4,Mouse,44.9736557006836
777654116973,40,4,Trackpad,32.75114059448242
780990068335,40,4,Trackpad,10.729034423828125
853101398795,40,4,Trackpad,16.31918869018555
86995724355,40,4,Mouse,31.905854797363283
875036525540,40,4,Trackpad,2.5701374053955073
890093759633,40,4,Mouse,33.20453414916991
890450031962,40,4,Trackpad,37.20318171521649
894260352710,40,4,Trackpad,3.1804412841796887
894596827216,40,4,Mouse,146.65048484802247
92512405244,40,4,Trackpad,-3.591886901855463
942172447685,40,4,Mouse,42.770049285888675
942594251362,40,4,Mouse,40.44815673828125
993857921566,40,4,Mouse,3.846144866943362
995622965740,40,4,Mouse,38.55995185300708
112768063321,50,4,,30.405557250976564
134751847945,50,4,Trackpad,9.807823181152344
156593167223,50,4,Mouse,23.102870941162113
204680910799,50,4,Mouse,49.078260040283205
211178143741,50,4,Mouse,1.399485182762146
211349502438,50,4,Mouse,47.98060150146485
219666297547,50,4,Trackpad,16.34989004135132
230918759014,50,4,Trackpad,7.778312683105478
23243432166,50,4,Mouse,1.028795146942138
312810119008,50,4,Mouse,29.46778953075409
326328627765,50,4,Trackpad,-3.7608722686767555
342998198233,50,4,Trackpad,29.59932174682617
3512277966,50,4,Mouse,32.909066390991214
375371629837,50,4,Trackpad,17.448852443695067
394487149082,50,4,Trackpad,26.352763366699218
425971333170,50,4,Trackpad,22.62233657836914
432379164500,50,4,Mouse,11.971078491210935
466315876226,50,4,Trackpad,-0.010177612304693006
496473497245,50,4,Trackpad,32.77143096923829
498719011200,50,4,Mouse,17.05454025268554
507283287821,50,4,Trackpad,22.3434965133667
554310866631,50,4,Mouse,24.72285327911377
554483397398,50,4,Mouse,46.47314707438151
559884942136,50,4,Trackpad,24.010084915161134
575425482820,50,4,Mouse,44.07804298400879
577336943708,50,4,Trackpad,-22.21938524246216
60516332508,50,4,Trackpad,35.60220379829406
609066119184,50,4,Trackpad,8.070351409912112
643459252314,50,4,Trackpad,51.16491088867188
65172413131,50,4,Mouse,45.17904815673829
654411478666,50,4,Mouse,47.73555946350098
660965892719,50,4,Trackpad,23.559142684936525
664917210582,50,4,Mouse,46.977877044677726
667250633006,50,4,Trackpad,61.094409954547885
68466946249,50,4,Trackpad,41.66443138122558
769001317210,50,4,Mouse,41.684979629516604
777654116973,50,4,Trackpad,47.50070548057556
780990068335,50,4,Trackpad,-3.1016408920288088
853101398795,50,4,Trackpad,10.815972518920898
86995724355,50,4,Mouse,42.41977996826173
875036525540,50,4,Trackpad,1.5003349304199234
890093759633,50,4,Mouse,27.731593322753906
890450031962,50,4,Trackpad,22.97051162719726
894260352710,50,4,Trackpad,-4.283920288085943
894596827216,50,4,Mouse,146.5557746887207
92512405244,50,4,Trackpad,-1.4407051086425782
942172447685,50,4,Mouse,45.96734957881273
942594251362,50,4,Mouse,69.6677670955658
993857921566,50,4,Mouse,-0.1497650146484379
995622965740,50,4,Mouse,44.57618255615235
115921796998,55,5,Mouse,15.131906107068062
149687730008,55,5,Mouse,28.370283317565917
175094375154,55,5,Mouse,-1.3158384323120105
177578993607,55,5,Trackpad,23.440602111816407
19706308376,55,5,Mouse,60.20360717773436
205160485114,55,5,Trackpad,3.234296417236325
232699431944,55,5,Mouse,69.28652291297912
234950867248,55,5,Mouse,19.24086685180664
238396474858,55,5,Trackpad,27.200924825668334
242302735568,55,5,Mouse,40.78215248733759
245267280377,55,5,Trackpad,32.50932159423828
284887481713,55,5,Mouse,66.80977630615234
320314205950,55,5,Mouse,-40.11248626708984
329580827848,55,5,Mouse,-2.051485443115233
353520557284,55,5,Mouse,22.169376373291012
366977208759,55,5,Trackpad,34.40824813842774
381467347498,55,5,Mouse,43.95852127075195
406984957400,55,5,Mouse,-7.087142181396482
415114416275,55,5,Mouse,43.92832039818168
437488567084,55,5,Mouse,33.61698818206787
46445406973,55,5,Mouse,12.525643920898437
466064047068,55,5,Mouse,27.25705642700195
488543499493,55,5,Mouse,30.752354431152344
501492992509,55,5,Trackpad,24.544130325317386
52190313348,55,5,Mouse,58.77183012962341
526302751153,55,5,Mouse,-8.98766796588898
529103524750,55,5,Trackpad,-6.414949893951416
563003797782,55,5,Mouse,30.226059722900384
57334981393,55,5,Mouse,54.18374786376953
593610742595,55,5,Mouse,7.0388206481933535
618976041208,55,5,Mouse,-10.189390945434571
686622809385,55,5,Mouse,32.17193953692913
716171277686,55,5,Trackpad,-1.4732475280761719
720725221093,55,5,Trackpad,25.543951416015624
740180686814,55,5,Mouse,23.525818824768066
75524589512,55,5,Trackpad,4.6335371971130375
782467008568,55,5,Trackpad,13.98111801147461
789176471764,55,5,Mouse,134.77950057983398
808518082136,55,5,Trackpad,17.338092041015624
814708099700,55,5,Trackpad,14.477997207641602
836360013578,55,5,Mouse,53.993892669677734
843157436931,55,5,Mouse,-26.38757877349854
863832141505,55,5,Trackpad,35.67544651031494
866262106690,55,5,Trackpad,31.423176574707032
879327289061,55,5,Mouse,-3.3180541992187544
91531718848,55,5,Mouse,51.58592205047607
965587163344,55,5,Mouse,35.455968683958055
994898098986,55,5,Trackpad,-14.257652282714838
115921796998,65,5,Mouse,35.64571743011474
149687730008,65,5,Mouse,43.44334205985069
175094375154,65,5,Mouse,21.118986129760735
177578993607,65,5,Trackpad,1.0634952545165988
19706308376,65,5,Mouse,49.2985357299447
205160485114,65,5,Trackpad,-11.848265075683596
232699431944,65,5,Mouse,37.9143726348877
234950867248,65,5,Mouse,13.446065711975098
238396474858,65,5,Trackpad,31.782052612304692
242302735568,65,5,Mouse,38.1423942565918
245267280377,65,5,Trackpad,32.559719467163085
284887481713,65,5,Mouse,42.42900390625
320314205950,65,5,Mouse,-125.48857192993164
329580827848,65,5,Mouse,10.0484489440918
353520557284,65,5,Mouse,19.593771171569824
366977208759,65,5,Trackpad,23.59266242980957
381467347498,65,5,Mouse,19.51824188232423
406984957400,65,5,Mouse,19.49022958278656
415114416275,65,5,Mouse,49.41891632080078
437488567084,65,5,Mouse,20.980664443969726
46445406973,65,5,Mouse,47.25414352416992
466064047068,65,5,Mouse,53.57094141356648
488543499493,65,5,Mouse,22.78138313293457
501492992509,65,5,Trackpad,-16.42191963195801
52190313348,65,5,Mouse,45.989722442626956
526302751153,65,5,Mouse,-44.54268956184387
529103524750,65,5,Trackpad,4.054843521118164
563003797782,65,5,Mouse,34.43379364013672
57334981393,65,5,Mouse,53.74765319824219
593610742595,65,5,Mouse,32.44414710998535
618976041208,65,5,Mouse,25.124777221679686
686622809385,65,5,Mouse,31.119474226236342
716171277686,65,5,Trackpad,5.23239288330079
720725221093,65,5,Trackpad,14.07013635635376
740180686814,65,5,Mouse,13.866530513763427
75524589512,65,5,Trackpad,16.195152282714844
782467008568,65,5,Trackpad,26.913682556152345
789176471764,65,5,Mouse,145.21856307983398
808518082136,65,5,Trackpad,12.392687988281262
814708099700,65,5,Trackpad,3.5914031982421903
836360013578,65,5,Mouse,27.1862051486969
843157436931,65,5,Mouse,17.19084214568138
863832141505,65,5,Trackpad,61.0891838312149
866262106690,65,5,Trackpad,28.33441734313965
879327289061,65,5,Mouse,-6.184366607666016
91531718848,65,5,Mouse,39.98788366317749
965587163344,65,5,Mouse,-28.91064571738243
994898098986,65,5,Trackpad,22.740893554687503
115921796998,75,5,Mouse,37.02263145446777
149687730008,75,5,Mouse,28.42058410644531
175094375154,75,5,Mouse,38.410691833496095
177578993607,75,5,Trackpad,-11.31899299621582
19706308376,75,5,Mouse,23.692325401306153
205160485114,75,5,Trackpad,4.097000122070314
232699431944,75,5,Mouse,48.69825726747513
234950867248,75,5,Mouse,0.9083766937255853
238396474858,75,5,Trackpad,29.44092407226562
242302735568,75,5,Mouse,25.803955078125
245267280377,75,5,Trackpad,40.87574462890625
284887481713,75,5,Mouse,37.84138780832291
320314205950,75,5,Mouse,125.75993919372559
329580827848,75,5,Mouse,-20.96277160644531
353520557284,75,5,Mouse,12.399671936035157
366977208759,75,5,Trackpad,32.23537836074829
381467347498,75,5,Mouse,38.95714340209961
406984957400,75,5,Mouse,17.75619735717774
415114416275,75,5,Mouse,50.061525726318365
437488567084,75,5,Mouse,0.7196426391601645
46445406973,75,5,Mouse,20.903666973114014
466064047068,75,5,Mouse,44.75921478271484
488543499493,75,5,Mouse,27.9041519165039
501492992509,75,5,Trackpad,25.364390563964854
52190313348,75,5,Mouse,34.36038513183594
526302751153,75,5,Mouse,18.67439969480038
529103524750,75,5,Trackpad,6.177507495880123
563003797782,75,5,Mouse,17.786252593994142
57334981393,75,5,Mouse,56.294431389681996
593610742595,75,5,Mouse,23.845524597167973
618976041208,75,5,Mouse,12.043029594421387
686622809385,75,5,Mouse,31.352872467041017
716171277686,75,5,Trackpad,5.978300094604491
720725221093,75,5,Trackpad,9.973873138427734
740180686814,75,5,Mouse,7.57646288871765
75524589512,75,5,Trackpad,32.10965577960014
782467008568,75,5,Trackpad,10.893730163574208
789176471764,75,5,Mouse,110.89900480508804
808518082136,75,5,Trackpad,22.155821990966796
814708099700,75,5,Trackpad,2.2363456726074213
836360013578,75,5,Mouse,23.997871398925774
843157436931,75,5,Mouse,-1.0052000999450672
863832141505,75,5,Trackpad,32.872068786621085
866262106690,75,5,Trackpad,28.650857001543045
879327289061,75,5,Mouse,0.7374984741210966
91531718848,75,5,Mouse,71.22083053588867
965587163344,75,5,Mouse,-12.54318782091141
994898098986,75,5,Trackpad,6.261571025848388
115921796998,85,5,Mouse,14.759942507743835
149687730008,85,5,Mouse,5.941823577880856
175094375154,85,5,Mouse,8.301890563964841
177578993607,85,5,Trackpad,22.280015182495116
19706308376,85,5,Mouse,49.871351623535155
205160485114,85,5,Trackpad,10.933366394042963
232699431944,85,5,Mouse,50.978440856933595
234950867248,85,5,Mouse,9.204843139648442
238396474858,85,5,Trackpad,25.81804313659668
242302735568,85,5,Mouse,31.18200073242187
245267280377,85,5,Trackpad,31.68321797847748
284887481713,85,5,Mouse,35.007911300659174
320314205950,85,5,Mouse,48.62013683319092
329580827848,85,5,Mouse,-1.315130233764648
353520557284,85,5,Mouse,24.444366455078118
366977208759,85,5,Trackpad,37.58828887939454
381467347498,85,5,Mouse,23.927271127700806
406984957400,85,5,Mouse,-1.1573654174804688
415114416275,85,5,Mouse,42.16081352233887
437488567084,85,5,Mouse,15.777480769157416
46445406973,85,5,Mouse,8.40252227783203
466064047068,85,5,Mouse,24.142546081542967
488543499493,85,5,Mouse,13.415666961669924
501492992509,85,5,Trackpad,-30.01072311401368
52190313348,85,5,Mouse,34.06716957092285
526302751153,85,5,Mouse,56.64827303886413
529103524750,85,5,Trackpad,7.587570190429685
563003797782,85,5,Mouse,20.350372505187988
57334981393,85,5,Mouse,45.181776428222655
593610742595,85,5,Mouse,12.629588317871095
618976041208,85,5,Mouse,2.567776489257804
686622809385,85,5,Mouse,22.15687713623047
716171277686,85,5,Trackpad,14.774826812744143
720725221093,85,5,Trackpad,18.113086700439446
740180686814,85,5,Mouse,9.038484191894536
75524589512,85,5,Trackpad,-16.509768676757805
782467008568,85,5,Trackpad,17.85064525604248
789176471764,85,5,Mouse,147.58065071105958
808518082136,85,5,Trackpad,13.987741184234618
814708099700,85,5,Trackpad,11.070705413818365
836360013578,85,5,Mouse,22.003240966796874
843157436931,85,5,Mouse,-4.397674179077149
863832141505,85,5,Trackpad,41.69161682128906
866262106690,85,5,Trackpad,23.707295227050775
879327289061,85,5,Mouse,-2.6547517776489262
91531718848,85,5,Mouse,49.550051742047074
965587163344,85,5,Mouse,42.89551267623901
994898098986,85,5,Trackpad,-9.17002182006836
104274630779,60,6,Mouse,29.499286657571794
11866547632,60,6,Trackpad,31.33616976737976
131377047859,60,6,Trackpad,26.903873634338378
132760789943,60,6,Mouse,22.9585901260376
163470105268,60,6,Trackpad,-11.789053344726563
164780952734,60,6,Trackpad,-17.649027252197268
170080221025,60,6,Mouse,21.49919090270996
208917626878,60,6,Trackpad,0.74039306640625
232846173923,60,6,Trackpad,16.756288909912097
239901129854,60,6,Mouse,-105.39190716445447
261405949946,60,6,Mouse,28.379986572265626
285770176909,60,6,Mouse,22.27517375946045
31763185048,60,6,Mouse,9.732384872436526
349368817172,60,6,Mouse,47.97359829545021
400006499374,60,6,Trackpad,29.23628997802735
416004814207,60,6,Mouse,3.378427124023446
448455020785,60,6,Mouse,-6.345787811279297
472660400671,60,6,Mouse,48.082657812535764
479445978766,60,6,Mouse,7.2541193962097195
486883807927,60,6,Mouse,15.898171997070307
503219471313,60,6,Mouse,62.89248199462891
516834058798,60,6,Trackpad,11.706129455566407
520643238443,60,6,Mouse,22.433573532104493
522924106102,60,6,Mouse,18.622048950195314
526791953481,60,6,Trackpad,-9.396089172363272
554797971853,60,6,Trackpad,8.541229248046875
56767792906,60,6,Mouse,35.88783493041992
607647950528,60,6,Trackpad,89.26419429779052
653112237341,60,6,Mouse,0.1783126831054716
690112326992,60,6,Mouse,37.07868118286133
698263481259,60,6,Mouse,33.91414260864258
698323606979,60,6,Mouse,14.769996643066412
70501195034,60,6,Mouse,25.582202148437503
712610918562,60,6,Mouse,24.768991088867185
720964792417,60,6,Mouse,10.085055923461914
72586384601,60,6,Mouse,46.99777088165283
73180105537,60,6,Mouse,72.95067670345307
74249908328,60,6,Mouse,38.72964019775391
75729007134,60,6,Trackpad,18.683548545837404
804624028969,60,6,Mouse,32.067151880264284
812418627319,60,6,Mouse,-3.2370529174804803
830310877645,60,6,Mouse,-12.919328308105468
837611209368,60,6,Trackpad,20.471168518066413
906737203476,60,6,Trackpad,6.492567253112793
994716872461,60,6,Trackpad,19.120113468170167
998236395651,60,6,Mouse,-9.339251232147216
104274630779,70,6,Mouse,39.19443740844728
11866547632,70,6,Trackpad,17.941151428222657
131377047859,70,6,Trackpad,18.03511047363281
132760789943,70,6,Mouse,-11.445980834960931
163470105268,70,6,Trackpad,16.628699684143065
164780952734,70,6,Trackpad,20.78588104248047
170080221025,70,6,Mouse,12.282161235809326
208917626878,70,6,Trackpad,21.250743103027343
232846173923,70,6,Trackpad,16.922564697265624
239901129854,70,6,Mouse,-6.145780446380376
261405949946,70,6,Mouse,28.250466918945314
285770176909,70,6,Mouse,32.94866695404052
31763185048,70,6,Mouse,17.42408599853516
349368817172,70,6,Mouse,38.68776321411133
400006499374,70,6,Trackpad,30.334320449829107
416004814207,70,6,Mouse,23.666434478759765
448455020785,70,6,Mouse,-11.314267158508303
472660400671,70,6,Mouse,45.72180633544922
479445978766,70,6,Mouse,23.491668891906734
486883807927,70,6,Mouse,16.886717987060543
503219471313,70,6,Mouse,38.153341674804686
516834058798,70,6,Trackpad,18.45878620147705
520643238443,70,6,Mouse,55.74744415283203
522924106102,70,6,Mouse,19.03934478759765
526791953481,70,6,Trackpad,20.99890375137329
554797971853,70,6,Trackpad,10.061183166503907
56767792906,70,6,Mouse,39.85231793820858
607647950528,70,6,Trackpad,-11.287395858764645
653112237341,70,6,Mouse,-9.58742904663086
690112326992,70,6,Mouse,47.88259582519531
698263481259,70,6,Mouse,68.05376358032227
698323606979,70,6,Mouse,8.407883453369141
70501195034,70,6,Mouse,25.25874896049499
712610918562,70,6,Mouse,33.939596557617186
720964792417,70,6,Mouse,-13.606107330322269
72586384601,70,6,Mouse,48.2910540625453
73180105537,70,6,Mouse,40.77864761352539
74249908328,70,6,Mouse,62.13204803466797
75729007134,70,6,Trackpad,12.367824935913086
804624028969,70,6,Mouse,23.962596917152403
812418627319,70,6,Mouse,37.60427446365357
830310877645,70,6,Mouse,-15.210623741149902
837611209368,70,6,Trackpad,-5.303843688964844
906737203476,70,6,Trackpad,19.569931030273438
994716872461,70,6,Trackpad,13.021810531616211
998236395651,70,6,Mouse,-1.4921127319335965
104274630779,80,6,Mouse,39.026648712158206
11866547632,80,6,Trackpad,38.61176884397864
131377047859,80,6,Trackpad,12.19307861328125
132760789943,80,6,Mouse,-14.175188446044922
163470105268,80,6,Trackpad,-1.5342067718505858
164780952734,80,6,Trackpad,-0.8091913223266601
170080221025,80,6,Mouse,6.075882720947265
208917626878,80,6,Trackpad,-5.0224039316177365
232846173923,80,6,Trackpad,25.415403747558592
239901129854,80,6,Mouse,3.1917738199233994
261405949946,80,6,Mouse,-1.9135502815246568
285770176909,80,6,Mouse,20.723271179199216
31763185048,80,6,Mouse,33.0471996486187
349368817172,80,6,Mouse,23.042864227294928
400006499374,80,6,Trackpad,27.18810577392578
416004814207,80,6,Mouse,1.2626918792724608
448455020785,80,6,Mouse,-9.776321411132809
472660400671,80,6,Mouse,30.180500793457025
479445978766,80,6,Mouse,3.4413017272949262
486883807927,80,6,Mouse,14.379149246215821
503219471313,80,6,Mouse,34.62535207793117
516834058798,80,6,Trackpad,38.387017047405244
520643238443,80,6,Mouse,5.815127944946288
522924106102,80,6,Mouse,43.896117401123036
526791953481,80,6,Trackpad,22.483124542236332
554797971853,80,6,Trackpad,5.501483154296875
56767792906,80,6,Mouse,32.50056304931641
607647950528,80,6,Trackpad,2.029766082763672
653112237341,80,6,Mouse,21.28989028930664
690112326992,80,6,Mouse,37.72549983859062
698263481259,80,6,Mouse,34.05540390014649
698323606979,80,6,Mouse,23.0342809677124
70501195034,80,6,Mouse,32.563246154785155
712610918562,80,6,Mouse,32.42759628295899
720964792417,80,6,Mouse,-30.27266082763672
72586384601,80,6,Mouse,39.49549865722656
73180105537,80,6,Mouse,53.24176073074341
74249908328,80,6,Mouse,48.33264846801758
75729007134,80,6,Trackpad,-4.753448772430415
804624028969,80,6,Mouse,23.005858993530275
812418627319,80,6,Mouse,-8.18411636352539
830310877645,80,6,Mouse,-19.85808148384094
837611209368,80,6,Trackpad,6.223488616943358
906737203476,80,6,Trackpad,12.917883300781252
994716872461,80,6,Trackpad,15.237033140659332
998236395651,80,6,Mouse,-28.610451686382294
104274630779,90,6,Mouse,45.09622850418091
11866547632,90,6,Trackpad,17.362122344970704
131377047859,90,6,Trackpad,4.198450469970699
132760789943,90,6,Mouse,17.3068344116211
163470105268,90,6,Trackpad,6.506897735595705
164780952734,90,6,Trackpad,7.183615493774414
170080221025,90,6,Mouse,14.745034790039053
208917626878,90,6,Trackpad,3.1628272533416757
232846173923,90,6,Trackpad,14.964996337890625
239901129854,90,6,Mouse,76.70816872715949
261405949946,90,6,Mouse,-1.8917404174804702
285770176909,90,6,Mouse,-1.8804920196533204
31763185048,90,6,Mouse,26.39079818725586
349368817172,90,6,Mouse,22.107060432434082
400006499374,90,6,Trackpad,11.98876075744629
416004814207,90,6,Mouse,10.717377853393554
448455020785,90,6,Mouse,-0.724790191650392
472660400671,90,6,Mouse,49.27205924987793
479445978766,90,6,Mouse,28.508155059814452
486883807927,90,6,Mouse,18.719684600830078
503219471313,90,6,Mouse,38.281130981445315
516834058798,90,6,Trackpad,17.025892639160155
520643238443,90,6,Mouse,34.08962707519531
522924106102,90,6,Mouse,15.265533638000488
526791953481,90,6,Trackpad,-6.6113207817077635
554797971853,90,6,Trackpad,-1.4301223754882926
56767792906,90,6,Mouse,38.70883560180664
607647950528,90,6,Trackpad,-2.0327144622802726
653112237341,90,6,Mouse,15.803287458419799
690112326992,90,6,Mouse,55.97200584411621
698263481259,90,6,Mouse,22.391832685470582
698323606979,90,6,Mouse,18.40361480712891
70501195034,90,6,Mouse,15.04334888458252
712610918562,90,6,Mouse,6.399596405029297
720964792417,90,6,Mouse,4.313955688476558
72586384601,90,6,Mouse,29.493782806396485
73180105537,90,6,Mouse,47.59205093383789
74249908328,90,6,Mouse,33.92326247692108
75729007134,90,6,Trackpad,14.498964881896972
804624028969,90,6,Mouse,21.983551025390625
812418627319,90,6,Mouse,24.77328643798828
830310877645,90,6,Mouse,-19.366972351074217
837611209368,90,6,Trackpad,-6.70999755859375
906737203476,90,6,Trackpad,18.460111999511717
994716872461,90,6,Trackpad,20.755584716796882
998236395651,90,6,Mouse,26.196566116809844
119388378225,95,7,Trackpad,-2.2618116378784174
142243756214,95,7,Trackpad,3.190824890136716
154695465695,95,7,Trackpad,12.725684928894044
172440417576,95,7,Mouse,8.720160484313965
206032965332,95,7,Trackpad,10.32991371154785
258433481445,95,7,Trackpad,-18.064358520507813
270836319308,95,7,Trackpad,-5.938015713915223
295092569896,95,7,Mouse,39.18429870605469
300018938491,95,7,Mouse,39.55607223510742
314153794897,95,7,Mouse,42.50189361572266
372902434784,95,7,Mouse,-19.42837600708008
374362493632,95,7,Trackpad,27.3541051864624
395156049868,95,7,Trackpad,3.263709449768065
412116680061,95,7,Mouse,10.474564361572261
426775530911,95,7,Mouse,2.975418472290038
455411954782,95,7,Mouse,34.62344818115234
482715387130,95,7,Mouse,40.367623901367196
491690849186,95,7,Trackpad,14.142995452880864
500659405486,95,7,Trackpad,-13.561424255371094
515614103525,95,7,Trackpad,26.250274658203125
529356644721,95,7,Mouse,-5.14416198730469
538891392759,95,7,Mouse,23.015668243169777
588954061502,95,7,Mouse,-9.558389472961425
621998446062,95,7,Trackpad,11.111988830566407
624326525488,95,7,Trackpad,29.90720977783203
630191511008,95,7,Mouse,5.330467796325683
650598146952,95,7,Mouse,12.37785272598267
678681607125,95,7,Trackpad,156.3905090942979
679935650900,95,7,Trackpad,27.64396286010743
69378932239,95,7,Trackpad,13.51920166015625
707165035419,95,7,Trackpad,-15.588970947265626
709011816186,95,7,Trackpad,31.109342193603517
710075415438,95,7,Trackpad,7.443387603759765
750330077949,95,7,Trackpad,9.570806884765627
813273714622,95,7,Mouse,17.831573486328125
826551196165,95,7,Mouse,11.959929466247559
84703686414,95,7,Mouse,28.90357360839844
850329221459,95,7,Trackpad,8.950757598876955
851634270977,95,7,Mouse,3.4380563497543335
852150209946,95,7,Mouse,7.846412658691409
852626928128,95,7,Mouse,10.079398345947265
876915090018,95,7,Trackpad,-31.74099998474121
911029371665,95,7,Mouse,13.21624526977539
914010886568,95,7,Trackpad,4.718423461914066
91524953255,95,7,Trackpad,6.737507152557373
915339582134,95,7,Mouse,10.292386627197263
933626258280,95,7,Mouse,12.773884582519532
94212257303,95,7,Mouse,95.68532295227051
996413567103,95,7,,13.698122024536135
99897861946,95,7,Mouse,-5.8567268371582015
119388378225,105,7,Trackpad,-2.6233238220214927
142243756214,105,7,Trackpad,11.342855072021484
154695465695,105,7,Trackpad,13.991914367675781
172440417576,105,7,Mouse,-11.579895782470704
206032965332,105,7,Trackpad,4.9092727661132844
258433481445,105,7,Trackpad,26.850832366943358
270836319308,105,7,Trackpad,-0.6155670166015632
295092569896,105,7,Mouse,38.45643844604492
300018938491,105,7,Mouse,51.66313171386719
314153794897,105,7,Mouse,40.31199264526367
372902434784,105,7,Mouse,-21.426975631713866
374362493632,105,7,Trackpad,15.979142761230467
395156049868,105,7,Trackpad,17.934484481811523
412116680061,105,7,Mouse,6.786150741577147
426775530911,105,7,Mouse,1.8458616256713867
455411954782,105,7,Mouse,39.28857803344727
482715387130,105,7,Mouse,39.77188224792481
491690849186,105,7,Trackpad,-1.8139297485351555
500659405486,105,7,Trackpad,9.2419864654541
515614103525,105,7,Trackpad,25.762832641601562
529356644721,105,7,Mouse,9.440002441406246
538891392759,105,7,Mouse,18.033419799804687
588954061502,105,7,Mouse,6.852555847167966
621998446062,105,7,Trackpad,-6.079237651824951
624326525488,105,7,Trackpad,2.5899522781372064
630191511008,105,7,Mouse,11.959306335449217
650598146952,105,7,Mouse,13.822179412841802
678681607125,105,7,Trackpad,156.27158813476564
679935650900,105,7,Trackpad,10.651235961914065
69378932239,105,7,Trackpad,-3.434339141845706
707165035419,105,7,Trackpad,13.419497680664062
709011816186,105,7,Trackpad,15.23064727783204
710075415438,105,7,Trackpad,16.727688598632817
750330077949,105,7,Trackpad,26.87761993408203
813273714622,105,7,Mouse,-4.553683471679688
826551196165,105,7,Mouse,23.55594711303711
84703686414,105,7,Mouse,25.781067371368408
850329221459,105,7,Trackpad,15.877826118469239
851634270977,105,7,Mouse,25.08387470245361
852150209946,105,7,Mouse,9.041782760620118
852626928128,105,7,Mouse,12.90488586425781
876915090018,105,7,Trackpad,52.31857671737671
911029371665,105,7,Mouse,6.330351257324219
914010886568,105,7,Trackpad,20.584946823120116
91524953255,105,7,Trackpad,4.198067474365237
915339582134,105,7,Mouse,9.281420898437498
933626258280,105,7,Mouse,13.565020179748535
94212257303,105,7,Mouse,5.729645919799806
996413567103,105,7,,6.386647542317716
99897861946,105,7,Mouse,-12.74726984500885
119388378225,115,7,Trackpad,3.5524932861328096
142243756214,115,7,Trackpad,-10.426694583892822
154695465695,115,7,Trackpad,-0.8049041748046875
172440417576,115,7,Mouse,4.813484191894529
206032965332,115,7,Trackpad,23.465446472167972
258433481445,115,7,Trackpad,14.398114776611326
270836319308,115,7,Trackpad,-7.5457908630371096
295092569896,115,7,Mouse,32.59162940979004
300018938491,115,7,Mouse,33.22756042480468
314153794897,115,7,Mouse,34.45816497802734
372902434784,115,7,Mouse,6.501153564453119
374362493632,115,7,Trackpad,3.882641220092772
395156049868,115,7,Trackpad,2.686995697021487
412116680061,115,7,Mouse,19.37424488067627
426775530911,115,7,Mouse,17.48381042480469
455411954782,115,7,Mouse,20.38029937744141
482715387130,115,7,Mouse,39.249813842773456
491690849186,115,7,Trackpad,0.1904586791992176
500659405486,115,7,Trackpad,18.345634460449226
515614103525,115,7,Trackpad,20.81392593383789
529356644721,115,7,Mouse,-4.784788131713867
538891392759,115,7,Mouse,-13.36563982963562
588954061502,115,7,Mouse,15.680718231201173
621998446062,115,7,Trackpad,19.022653198242182
624326525488,115,7,Trackpad,-6.623288726806642
630191511008,115,7,Mouse,12.642964172363284
650598146952,115,7,Mouse,26.87814559936523
678681607125,115,7,Trackpad,149.2871871948242
679935650900,115,7,Trackpad,13.166875839233398
69378932239,115,7,Trackpad,-0.6161919593811034
707165035419,115,7,Trackpad,5.70606079101564
709011816186,115,7,Trackpad,2.256104278564453
710075415438,115,7,Trackpad,15.6456787109375
750330077949,115,7,Trackpad,-0.6425300598144537
813273714622,115,7,Mouse,17.559971714019774
826551196165,115,7,Mouse,-5.175955200195307
84703686414,115,7,Mouse,13.665769958496096
850329221459,115,7,Trackpad,10.472095489501957
851634270977,115,7,Mouse,11.481745147705078
852150209946,115,7,Mouse,-3.3802608489990233
852626928128,115,7,Mouse,3.637210845947263
876915090018,115,7,Trackpad,4.179475498199463
911029371665,115,7,Mouse,-2.8692071437835693
914010886568,115,7,Trackpad,26.18877258300781
91524953255,115,7,Trackpad,-4.634498214721679
915339582134,115,7,Mouse,4.08916130065918
933626258280,115,7,Mouse,13.40326385498047
94212257303,115,7,Mouse,-83.9405927658081
996413567103,115,7,,-4.0718943277994795
99897861946,115,7,Mouse,-21.304144287109377
119388378225,125,7,Trackpad,2.3440017700195304
142243756214,125,7,Trackpad,-16.121743774414057
154695465695,125,7,Trackpad,12.855821228027338
172440417576,125,7,Mouse,-3.8573448181152417
206032965332,125,7,Trackpad,11.235000228881836
258433481445,125,7,Trackpad,-14.974977111816406
270836319308,125,7,Trackpad,19.07329330444336
295092569896,125,7,Mouse,18.617269659042357
300018938491,125,7,Mouse,33.90728397369385
314153794897,125,7,Mouse,42.86049850657582
372902434784,125,7,Mouse,-18.087985849380495
374362493632,125,7,Trackpad,-15.078977203369144
395156049868,125,7,Trackpad,9.669506835937506
412116680061,125,7,Mouse,14.56331634521484
426775530911,125,7,Mouse,-0.4548782348632855
455411954782,125,7,Mouse,34.34919213056564
482715387130,125,7,Mouse,35.308754563331604
491690849186,125,7,Trackpad,-0.9729009628295842
500659405486,125,7,Trackpad,-9.278421020507812
515614103525,125,7,Trackpad,16.930810928344727
529356644721,125,7,Mouse,-2.2585229635238653
538891392759,125,7,Mouse,1.0885929107666008
588954061502,125,7,Mouse,0.29445800781250087
621998446062,125,7,Trackpad,-19.77590103149414
624326525488,125,7,Trackpad,24.589439105987545
630191511008,125,7,Mouse,7.110577011108397
650598146952,125,7,Mouse,-5.205882263183594
678681607125,125,7,Trackpad,139.91265869140625
679935650900,125,7,Trackpad,3.006770515441894
69378932239,125,7,Trackpad,14.953833007812495
707165035419,125,7,Trackpad,-3.72530364990234
709011816186,125,7,Trackpad,3.2764732360839846
710075415438,125,7,Trackpad,-11.170053672790527
750330077949,125,7,Trackpad,-3.7998138427734376
813273714622,125,7,Mouse,1.594134521484395
826551196165,125,7,Mouse,15.874029159545895
84703686414,125,7,Mouse,2.432271194458006
850329221459,125,7,Trackpad,15.523367309570315
851634270977,125,7,Mouse,35.38077621459961
852150209946,125,7,Mouse,-3.7384208679199147
852626928128,125,7,Mouse,3.3661993980407714
876915090018,125,7,Trackpad,-34.91788883209229
911029371665,125,7,Mouse,6.780633544921874
914010886568,125,7,Trackpad,34.95823266506194
91524953255,125,7,Trackpad,5.305602264404295
915339582134,125,7,Mouse,-8.4453384399414
933626258280,125,7,Mouse,17.918042755126955
94212257303,125,7,Mouse,-82.89096164703369
996413567103,125,7,,-7.498780822753906
99897861946,125,7,Mouse,-19.75222854614258
108424307545,100,8,Mouse,18.433758544921876
132109080906,100,8,Mouse,33.65433721821755
140384659403,100,8,Mouse,-3.59718475341797
146859203465,100,8,Trackpad,12.010362243652342
186217949958,100,8,Mouse,17.242294311523445
211445384891,100,8,Mouse,25.575664520263672
220885766670,100,8,Mouse,3.664556884765619
245556890498,100,8,Mouse,30.61259087324142
251308053499,100,8,Trackpad,21.503860473632805
25723101804,100,8,Mouse,33.373231971263884
260547727346,100,8,Trackpad,-5.806643676757813
263123473152,100,8,Trackpad,14.959048461914055
264130884315,100,8,Mouse,13.280758285522461
277495261980,100,8,Mouse,0.7680173873901364
288731469074,100,8,Mouse,40.08258819580078
334186456864,100,8,Mouse,17.67729721069336
35938706947,100,8,Mouse,22.14595832824707
37822414888,100,8,Mouse,25.187382507324223
448933199979,100,8,Mouse,20.935586166381835
47769424039,100,8,Trackpad,-1.0619911193847655
484121365239,100,8,Mouse,2.6051218986511193
49237847328,100,8,Mouse,23.73565368652344
498265361879,100,8,Trackpad,24.966951751708987
525743780657,100,8,Mouse,22.341240692138673
530361538287,100,8,Trackpad,-6.0446533203125
536445911973,100,8,Mouse,26.395940399169923
543766975635,100,8,Trackpad,-7.886528396606446
549097653944,100,8,Mouse,144.2484893798828
555482115829,100,8,Mouse,6.541278076171875
558537738863,100,8,Trackpad,19.32842960357666
625957949785,100,8,Trackpad,-15.353018283843994
637138033052,100,8,Mouse,8.215674781799317
67981741856,100,8,Mouse,20.112812042236328
694313736399,100,8,Trackpad,2.3652038574218777
708731377264,100,8,Mouse,16.64479064941407
724549951264,100,8,Mouse,-42.63633880615235
735366842709,100,8,Mouse,34.580615234375
786308519775,100,8,Mouse,-11.487171220779416
81991281593,100,8,Trackpad,-3.3099445343017586
837816405575,100,8,Trackpad,36.67857407927512
881354056065,100,8,Trackpad,-5.101220703125
883556332206,100,8,Mouse,20.3392204284668
891532907728,100,8,Trackpad,6.076748085021974
897928518708,100,8,Mouse,20.825989151000975
898031750461,100,8,Trackpad,7.5735763549804656
905631664907,100,8,Trackpad,4.5705204010009775
929164172383,100,8,Mouse,27.85077819824219
952593450434,100,8,Trackpad,7.796382141113281
108424307545,110,8,Mouse,26.553631591796876
132109080906,110,8,Mouse,7.423970794677734
140384659403,110,8,Mouse,1.7285037994384773
146859203465,110,8,Trackpad,19.4590576171875
186217949958,110,8,Mouse,23.95274634361267
211445384891,110,8,Mouse,6.507794189453125
220885766670,110,8,Mouse,5.603961563110351
245556890498,110,8,Mouse,24.181034088134762
251308053499,110,8,Trackpad,-14.29473876953125
25723101804,110,8,Mouse,22.347076416015632
260547727346,110,8,Trackpad,-1.1152853012084958
263123473152,110,8,Trackpad,6.192771911621093
264130884315,110,8,Mouse,5.525741577148437
277495261980,110,8,Mouse,6.563121795654304
288731469074,110,8,Mouse,13.630204772949218
334186456864,110,8,Mouse,-17.785835266113274
35938706947,110,8,Mouse,17.507392883300778
37822414888,110,8,Mouse,20.36334626674652
448933199979,110,8,Mouse,44.018043518066406
47769424039,110,8,Trackpad,0.21090431213378896
484121365239,110,8,Mouse,31.389107704162598
49237847328,110,8,Mouse,20.101564788818358
498265361879,110,8,Trackpad,16.80767688751221
525743780657,110,8,Mouse,-2.9251708984375
530361538287,110,8,Trackpad,27.31957244873047
536445911973,110,8,Mouse,21.040635871887208
543766975635,110,8,Trackpad,-8.931036376953134
549097653944,110,8,Mouse,145.57626571655274
555482115829,110,8,Mouse,21.92483024597168
558537738863,110,8,Trackpad,2.091741943359375
625957949785,110,8,Trackpad,15.80111846923828
637138033052,110,8,Mouse,17.171813964843754
67981741856,110,8,Mouse,-9.041977691650395
694313736399,110,8,Trackpad,12.117883491516114
708731377264,110,8,Mouse,11.372822570800787
724549951264,110,8,Mouse,-29.485080003738403
735366842709,110,8,Mouse,42.88548812866212
786308519775,110,8,Mouse,16.88365859985352
81991281593,110,8,Trackpad,-5.187031555175781
837816405575,110,8,Trackpad,14.474945068359375
881354056065,110,8,Trackpad,15.402004241943365
883556332206,110,8,Mouse,9.480864334106444
891532907728,110,8,Trackpad,-1.5643058776855483
897928518708,110,8,Mouse,17.626215362548827
898031750461,110,8,Trackpad,24.158279418945316
905631664907,110,8,Trackpad,9.65265598297119
929164172383,110,8,Mouse,38.47874145507812
952593450434,110,8,Trackpad,14.720059013366699
108424307545,120,8,Mouse,8.679283046722412
132109080906,120,8,Mouse,13.41182662844658
140384659403,120,8,Mouse,11.114585876464844
146859203465,120,8,Trackpad,-10.223538208007819
186217949958,120,8,Mouse,18.89923858642579
211445384891,120,8,Mouse,-10.680047607421878
220885766670,120,8,Mouse,2.753738021850588
245556890498,120,8,Mouse,21.62269115447998
251308053499,120,8,Trackpad,24.031704330444335
25723101804,120,8,Mouse,21.153111267089844
260547727346,120,8,Trackpad,6.413022232055655
263123473152,120,8,Trackpad,-2.1538665771484373
264130884315,120,8,Mouse,12.523674774169923
277495261980,120,8,Mouse,-11.223324584960935
288731469074,120,8,Mouse,16.026367282867433
334186456864,120,8,Mouse,14.439479064941413
35938706947,120,8,Mouse,26.347158050537104
37822414888,120,8,Mouse,16.100179290771486
448933199979,120,8,Mouse,24.96859245300293
47769424039,120,8,Trackpad,-4.871945190429682
484121365239,120,8,Mouse,36.80428478717804
49237847328,120,8,Mouse,25.225270056724547
498265361879,120,8,Trackpad,7.357315444946289
525743780657,120,8,Mouse,7.742574882507324
530361538287,120,8,Trackpad,12.088875579833982
536445911973,120,8,Mouse,13.035337829589853
543766975635,120,8,Trackpad,-14.487253189086909
549097653944,120,8,Mouse,156.22413597106933
555482115829,120,8,Mouse,14.3461181640625
558537738863,120,8,Trackpad,-17.79650917053223
625957949785,120,8,Trackpad,7.112064361572266
637138033052,120,8,Mouse,-0.903792953491212
67981741856,120,8,Mouse,6.735202026367179
694313736399,120,8,Trackpad,9.398542785644542
708731377264,120,8,Mouse,24.84448084831238
724549951264,120,8,Mouse,-44.76810073852539
735366842709,120,8,Mouse,51.05834884643555
786308519775,120,8,Mouse,43.69007244110107
81991281593,120,8,Trackpad,-0.38254394531249974
837816405575,120,8,Trackpad,24.38294906616211
881354056065,120,8,Trackpad,5.612145805358887
883556332206,120,8,Mouse,10.605128860473632
891532907728,120,8,Trackpad,17.047955322265622
897928518708,120,8,Mouse,32.68597640991211
898031750461,120,8,Trackpad,21.65749664306641
905631664907,120,8,Trackpad,13.675799560546874
929164172383,120,8,Mouse,20.349664306640626
952593450434,120,8,Trackpad,16.72612533569336
108424307545,130,8,Mouse,-10.083771514892584
132109080906,130,8,Mouse,-18.90663070678711
140384659403,130,8,Mouse,-3.934986400604248
146859203465,130,8,Trackpad,-10.089634370803832
186217949958,130,8,Mouse,8.490759277343747
211445384891,130,8,Mouse,-1.2996810913085926
220885766670,130,8,Mouse,-1.2028594970703181
245556890498,130,8,Mouse,31.51658477783203
251308053499,130,8,Trackpad,-19.792414093017577
25723101804,130,8,Mouse,13.599135208129884
260547727346,130,8,Trackpad,-5.42912368774414
263123473152,130,8,Trackpad,6.8576658248901365
264130884315,130,8,Mouse,9.699678039550776
277495261980,130,8,Mouse,6.998595809936523
288731469074,130,8,Mouse,14.165774536132812
334186456864,130,8,Mouse,-17.928353309631348
35938706947,130,8,Mouse,-2.1722034454345702
37822414888,130,8,Mouse,9.612322998046885
448933199979,130,8,Mouse,21.424984222650522
47769424039,130,8,Trackpad,-3.2421663284301756
484121365239,130,8,Mouse,18.021940612792967
49237847328,130,8,Mouse,29.934840393066402
498265361879,130,8,Trackpad,-2.520497131347656
525743780657,130,8,Mouse,-9.382289123535156
530361538287,130,8,Trackpad,-6.04484863281249
536445911973,130,8,Mouse,14.925122833251951
543766975635,130,8,Trackpad,10.177669143676757
549097653944,130,8,Mouse,153.89329147338867
555482115829,130,8,Mouse,-1.8582138061523494
558537738863,130,8,Trackpad,32.58053319454193
625957949785,130,8,Trackpad,-18.95787048339844
637138033052,130,8,Mouse,4.485227966308594
67981741856,130,8,Mouse,-0.907425308227538
694313736399,130,8,Trackpad,-12.741658020019532
708731377264,130,8,Mouse,16.49492301940918
724549951264,130,8,Mouse,-33.382560348510744
735366842709,130,8,Mouse,18.55279421806335
786308519775,130,8,Mouse,-8.592597484588621
81991281593,130,8,Trackpad,8.942098999023443
837816405575,130,8,Trackpad,-2.452718925476073
881354056065,130,8,Trackpad,-7.00006408691406
883556332206,130,8,Mouse,-10.120531129837028
891532907728,130,8,Trackpad,-2.6375377655029295
897928518708,130,8,Mouse,35.594494628906254
898031750461,130,8,Trackpad,14.425712203979492
905631664907,130,8,Trackpad,-13.625872802734369
929164172383,130,8,Mouse,20.321499633789067
952593450434,130,8,Trackpad,26.64414978027343
1721418462,135,9,Trackpad,13.84953231811524
214060187805,135,9,Mouse,-5.06360788345337
230769543210,135,9,Mouse,8.455348205566404
247101632412,135,9,Mouse,-3.7272354125976555
290626679547,135,9,Mouse,1.0243095397949218
290656034369,135,9,Trackpad,-11.213818264007568
292629866395,135,9,Trackpad,7.026578903198242
313978052698,135,9,Trackpad,-14.397181701660154
314581190701,135,9,Trackpad,6.318566131591797
333479267545,135,9,Trackpad,-15.122453308105467
33616929547,135,9,Mouse,13.858318233489987
381056854035,135,9,Trackpad,-11.75710096359253
395056795561,135,9,Trackpad,21.18427429199219
408276378177,135,9,Mouse,1.2405334472656215
418817504309,135,9,Mouse,-19.46228819489479
427979396888,135,9,Mouse,-75.5190669298172
439513294491,135,9,Trackpad,8.694003295898437
450251729693,135,9,Mouse,16.553003692626945
451075873570,135,9,Mouse,8.042491149902338
479406978469,135,9,Mouse,-1.8490737915039062
482947064097,135,9,Mouse,0.6565597534179688
488179284147,135,9,Mouse,-12.074235153198241
530454018851,135,9,Mouse,14.091397094726565
587319151731,135,9,Trackpad,5.596507263183594
606417353264,135,9,Trackpad,57.45098533630371
611182001186,135,9,Mouse,-0.7923995971679746
631329533178,135,9,Mouse,7.248415613174442
672964076977,135,9,Trackpad,14.622289276123047
689640711294,135,9,Mouse,11.241047763824463
747798201628,135,9,Mouse,-2.379303741455083
759023618418,135,9,Trackpad,-11.536604309082037
794821160379,135,9,Trackpad,-8.380312347412113
821109032956,135,9,Mouse,25.8882399559021
823657240718,135,9,Trackpad,16.265309906005864
828356987563,135,9,Trackpad,-11.199860763549804
831461226101,135,9,Mouse,1.748659324645996
836667074589,135,9,Mouse,7.518033599853503
836677602492,135,9,Mouse,21.922568845748902
842916191322,135,9,Mouse,-1.937359619140625
857258294243,135,9,Mouse,13.111485147476197
863045202801,135,9,Mouse,2.492816925048828
87299142964,135,9,Mouse,15.86272735595703
879490296822,135,9,Trackpad,-20.48332977294922
934420693200,135,9,Mouse,6.116831970214847
942895571934,135,9,Mouse,4.480448150634764
945312269032,135,9,Mouse,-7.705680465698242
952949011931,135,9,Mouse,-13.731387329101562
982415887992,135,9,Mouse,-10.610177135467529
1721418462,145,9,Trackpad,3.699189758300787
214060187805,145,9,Mouse,-6.681446838378915
230769543210,145,9,Mouse,0.9999955177307143
247101632412,145,9,Mouse,-0.9872598648071286
290626679547,145,9,Mouse,-3.0418332099914545
290656034369,145,9,Trackpad,-14.704577636718764
292629866395,145,9,Trackpad,2.1649009704589943
313978052698,145,9,Trackpad,16.752758026123047
314581190701,145,9,Trackpad,3.408697891235353
333479267545,145,9,Trackpad,19.869670867919922
33616929547,145,9,Mouse,-24.71037216186523
381056854035,145,9,Trackpad,-8.54664669036865
395056795561,145,9,Trackpad,5.015510559082034
408276378177,145,9,Mouse,0.6898307800292978
418817504309,145,9,Mouse,-7.634528732299808
427979396888,145,9,Mouse,41.79640507698059
439513294491,145,9,Trackpad,7.119461822509761
450251729693,145,9,Mouse,-9.653388786315919
451075873570,145,9,Mouse,-10.029881286621094
479406978469,145,9,Mouse,5.163955688476571
482947064097,145,9,Mouse,8.617442321777345
488179284147,145,9,Mouse,-25.006351470947266
530454018851,145,9,Mouse,-3.090937042236328
587319151731,145,9,Trackpad,-9.694100379943848
606417353264,145,9,Trackpad,6.6742416381835925
611182001186,145,9,Mouse,-9.12608947753906
631329533178,145,9,Mouse,3.8589550018310548
672964076977,145,9,Trackpad,-4.664533233642572
689640711294,145,9,Mouse,18.536082458496097
747798201628,145,9,Mouse,-5.871027946472166
759023618418,145,9,Trackpad,-0.07012839317321777
794821160379,145,9,Trackpad,3.6323638916015626
821109032956,145,9,Mouse,1.580595493316656
823657240718,145,9,Trackpad,-6.346358489990234
828356987563,145,9,Trackpad,3.497331237792969
831461226101,145,9,Mouse,-1.8521217346191292
836667074589,145,9,Mouse,1.8120620727539063
836677602492,145,9,Mouse,33.94703826904297
842916191322,145,9,Mouse,10.539612293243408
857258294243,145,9,Mouse,-0.014081573486323906
863045202801,145,9,Mouse,-26.258383178710943
87299142964,145,9,Mouse,-7.321503448486325
879490296822,145,9,Trackpad,-21.98600616455078
934420693200,145,9,Mouse,3.1407470703125013
942895571934,145,9,Mouse,-10.190862536430359
945312269032,145,9,Mouse,0.4083343505859419
952949011931,145,9,Mouse,11.665394592285148
982415887992,145,9,Mouse,-31.63741569519043
1721418462,155,9,Trackpad,13.36502151489258
214060187805,155,9,Mouse,-8.322576904296877
230769543210,155,9,Mouse,4.1637321472167965
247101632412,155,9,Mouse,-3.981410217285165
290626679547,155,9,Mouse,-3.7083526611328153
290656034369,155,9,Trackpad,17.679028320312494
292629866395,155,9,Trackpad,-5.079048156738272
313978052698,155,9,Trackpad,-26.955044555664063
314581190701,155,9,Trackpad,-9.328931427001956
333479267545,155,9,Trackpad,1.1406097412109288
33616929547,155,9,Mouse,16.375605010986327
381056854035,155,9,Trackpad,11.16921768188476
395056795561,155,9,Trackpad,-5.3029343605041515
408276378177,155,9,Mouse,21.099566745758057
418817504309,155,9,Mouse,-16.93639888763428
427979396888,155,9,Mouse,35.330646276474
439513294491,155,9,Trackpad,12.007177352905275
450251729693,155,9,Mouse,5.83188819885254
451075873570,155,9,Mouse,3.150503540039061
479406978469,155,9,Mouse,-7.531461620330811
482947064097,155,9,Mouse,-6.85812931060791
488179284147,155,9,Mouse,-20.823110961914058
530454018851,155,9,Mouse,11.853935241699219
587319151731,155,9,Trackpad,1.2782119750976604
606417353264,155,9,Trackpad,-117.00888900756836
611182001186,155,9,Mouse,-13.189954566955567
631329533178,155,9,Mouse,-9.199401473999018
672964076977,155,9,Trackpad,17.791576385498047
689640711294,155,9,Mouse,6.821233367919925
747798201628,155,9,Mouse,-1.1280628204345704
759023618418,155,9,Trackpad,-2.6567687988281237
794821160379,155,9,Trackpad,-6.146904802322387
821109032956,155,9,Mouse,-3.848917818069455
823657240718,155,9,Trackpad,6.555980110168457
828356987563,155,9,Trackpad,10.262392425537106
831461226101,155,9,Mouse,-5.300139999389648
836667074589,155,9,Mouse,-7.681566333770753
836677602492,155,9,Mouse,28.512142181396484
842916191322,155,9,Mouse,-1.1457611083984347
857258294243,155,9,Mouse,-20.857803344726562
863045202801,155,9,Mouse,9.07575812488794
87299142964,155,9,Mouse,5.102409362792971
879490296822,155,9,Trackpad,3.941774749755858
934420693200,155,9,Mouse,9.318951606750488
942895571934,155,9,Mouse,-17.57363243103027
945312269032,155,9,Mouse,0.7884361743926995
952949011931,155,9,Mouse,-0.9391276359558107
982415887992,155,9,Mouse,-29.247202301025396
1721418462,165,9,Trackpad,1.351275253295898
214060187805,165,9,Mouse,-12.175591278076174
230769543210,165,9,Mouse,9.12788848876953
247101632412,165,9,Mouse,-18.442445373535158
290626679547,165,9,Mouse,-10.85936279296875
290656034369,165,9,Trackpad,20.599580383300783
292629866395,165,9,Trackpad,-6.984646034240724
313978052698,165,9,Trackpad,17.047444915771486
314581190701,165,9,Trackpad,0.8604904174804687
333479267545,165,9,Trackpad,-3.8994526863098145
33616929547,165,9,Mouse,-11.51384687423706
381056854035,165,9,Trackpad,19.704974657297136
395056795561,165,9,Trackpad,-11.191435241699219
408276378177,165,9,Mouse,6.646090698242183
418817504309,165,9,Mouse,-16.066033935546876
427979396888,165,9,Mouse,1.0338850922882554
439513294491,165,9,Trackpad,3.6273208618164063
450251729693,165,9,Mouse,-5.2943600654602045
451075873570,165,9,Mouse,-8.229196166992187
479406978469,165,9,Mouse,-9.381092834472652
482947064097,165,9,Mouse,2.465090179443358
488179284147,165,9,Mouse,-10.406913757324217
530454018851,165,9,Mouse,-10.368506813049311
587319151731,165,9,Trackpad,-18.09327392578124
606417353264,165,9,Trackpad,-48.335996818542476
611182001186,165,9,Mouse,-7.063928222656249
631329533178,165,9,Mouse,-7.779438781738281
672964076977,165,9,Trackpad,-1.9737068176269594
689640711294,165,9,Mouse,27.282036972045905
747798201628,165,9,Mouse,-6.326303100585932
759023618418,165,9,Trackpad,5.61727828979492
794821160379,165,9,Trackpad,6.546505737304685
821109032956,165,9,Mouse,18.213956165313725
823657240718,165,9,Trackpad,-5.889163208007813
828356987563,165,9,Trackpad,8.47193365097046
831461226101,165,9,Mouse,-7.272157287597656
836667074589,165,9,Mouse,4.3586784362792965
836677602492,165,9,Mouse,43.89575424194337
842916191322,165,9,Mouse,17.97082443237305
857258294243,165,9,Mouse,-21.880259704589836
863045202801,165,9,Mouse,-14.404109716415405
87299142964,165,9,Mouse,-9.182009887695312
879490296822,165,9,Trackpad,-5.160221099853516
934420693200,165,9,Mouse,-9.19693908691406
942895571934,165,9,Mouse,-9.269010925292974
945312269032,165,9,Mouse,-8.371983337402337
952949011931,165,9,Mouse,-28.659788513183592
982415887992,165,9,Mouse,-29.95677947998047
114463583799,140,10,Trackpad,8.635198974609377
132102677831,140,10,Mouse,-3.8623550415039047
16847613267,140,10,Mouse,6.232206249237061
183824516134,140,10,Mouse,-8.672092247009276
199718243908,140,10,Trackpad,3.5363662719726534
211914503015,140,10,Trackpad,15.955512237548835
248674978269,140,10,Trackpad,14.980298995971676
252662312705,140,10,Trackpad,-4.715180969238278
326031055534,140,10,Mouse,7.666065216064456
340899273753,140,10,Trackpad,3.7927703857421866
347401194740,140,10,Trackpad,2.8094048500061026
357323471689,140,10,Mouse,-11.68199615478515
366712725954,140,10,Mouse,-16.488576889038086
399793741991,140,10,Mouse,-11.655280303955077
409510251833,140,10,Mouse,43.761801147460936
460031946655,140,10,Mouse,29.049518585205078
477302741259,140,10,Trackpad,2.246665191650385
478219331707,140,10,Trackpad,-5.976028251647951
491837100125,140,10,Trackpad,5.532342529296875
529569773934,140,10,Mouse,28.051063537597656
535793054616,140,10,Trackpad,12.743338775634768
549661439377,140,10,Trackpad,-32.961717224121095
554783556843,140,10,Mouse,-0.5086143493652385
589106590719,140,10,Trackpad,-15.658131408691398
594008709769,140,10,Trackpad,5.912605285644534
6196976173,140,10,Trackpad,-5.080730056762695
627511081285,140,10,Trackpad,16.05578193664551
644298611907,140,10,Mouse,25.600951385498046
65927738090,140,10,Mouse,-3.497411346435544
660482772393,140,10,Trackpad,0.48586120605470323
688420796301,140,10,Mouse,-4.133445072174071
713283016113,140,10,Mouse,11.381834411621094
730041648726,140,10,Mouse,-5.618967437744141
749603402102,140,10,Trackpad,2.0644275665283205
749614232918,140,10,Mouse,2.7208980560302742
75201456900,140,10,Mouse,-16.125021362304686
753638975787,140,10,Mouse,-8.170251464843755
78828420490,140,10,Mouse,-8.2594352722168
801419172901,140,10,Mouse,7.480430603027344
801640937104,140,10,Mouse,-23.046037292480474
804923957446,140,10,Mouse,7.084036922454835
810153302503,140,10,Trackpad,6.515480804443359
825555997667,140,10,Mouse,0.7253402709960995
830764988902,140,10,Trackpad,-12.746261978149416
868766423314,140,10,Mouse,2.971467304229735
871249367017,140,10,Trackpad,-4.147296142578126
89758134912,140,10,Mouse,-8.912020874023446
925397637533,140,10,Mouse,30.517902374267578
93308798968,140,10,Trackpad,-11.862178039550782
114463583799,150,10,Trackpad,-12.634178161621094
132102677831,150,10,Mouse,0.44457092285155675
16847613267,150,10,Mouse,6.312676239013676
183824516134,150,10,Mouse,7.6527210235595735
199718243908,150,10,Trackpad,11.562519073486328
211914503015,150,10,Trackpad,-9.473727416992187
248674978269,150,10,Trackpad,-2.2461929321289054
252662312705,150,10,Trackpad,11.670129394531251
326031055534,150,10,Mouse,23.844796752929692
340899273753,150,10,Trackpad,-27.49251708984375
347401194740,150,10,Trackpad,-11.76309814453125
357323471689,150,10,Mouse,-20.741266632080077
366712725954,150,10,Mouse,-14.217994689941412
399793741991,150,10,Mouse,-17.948551082611083
409510251833,150,10,Mouse,34.892354965209954
460031946655,150,10,Mouse,-2.7828742980957015
477302741259,150,10,Trackpad,9.071268463134766
478219331707,150,10,Trackpad,10.994687652587894
491837100125,150,10,Trackpad,10.66554946899414
529569773934,150,10,Mouse,11.154924035072328
535793054616,150,10,Trackpad,-2.3543682098388663
549661439377,150,10,Trackpad,1.4055114746093806
554783556843,150,10,Mouse,-16.92448120117188
589106590719,150,10,Trackpad,-19.394965362548827
594008709769,150,10,Trackpad,-5.102901458740235
6196976173,150,10,Trackpad,-24.007816314697266
627511081285,150,10,Trackpad,0.6479141235351561
644298611907,150,10,Mouse,-1.5851621627807622
65927738090,150,10,Mouse,8.25124626159668
660482772393,150,10,Trackpad,-16.320822143554686
688420796301,150,10,Mouse,-18.247712707519533
713283016113,150,10,Mouse,19.380175781249996
730041648726,150,10,Mouse,13.659753894805908
749603402102,150,10,Trackpad,0.7021392822265711
749614232918,150,10,Mouse,-3.6938507080078127
75201456900,150,10,Mouse,24.75984268188477
753638975787,150,10,Mouse,-11.401931810379029
78828420490,150,10,Mouse,-10.14676561355591
801419172901,150,10,Mouse,-4.564534187316894
801640937104,150,10,Mouse,-22.452156829833985
804923957446,150,10,Mouse,24.334591940045357
810153302503,150,10,Trackpad,10.613893890380854
825555997667,150,10,Mouse,1.9383419036865228
830764988902,150,10,Trackpad,7.5691741943359405
868766423314,150,10,Mouse,4.399956417083739
871249367017,150,10,Trackpad,-9.017610168457031
89758134912,150,10,Mouse,-19.458883666992193
925397637533,150,10,Mouse,34.235871124267575
93308798968,150,10,Trackpad,15.743017578125
114463583799,160,10,Trackpad,-10.637816238403321
132102677831,160,10,Mouse,5.332966995239259
16847613267,160,10,Mouse,13.615499496459961
183824516134,160,10,Mouse,31.752224731445306
199718243908,160,10,Trackpad,1.8527210235595724
211914503015,160,10,Trackpad,-14.572428512573243
248674978269,160,10,Trackpad,-2.734296417236328
252662312705,160,10,Trackpad,-10.061502838134766
326031055534,160,10,Mouse,12.500363540649417
340899273753,160,10,Trackpad,-19.770046997070317
347401194740,160,10,Trackpad,22.865286254882815
357323471689,160,10,Mouse,-11.020429992675778
366712725954,160,10,Mouse,-26.939069366455083
399793741991,160,10,Mouse,2.0224266052246094
409510251833,160,10,Mouse,36.47678645551205
460031946655,160,10,Mouse,-12.495070648193359
477302741259,160,10,Trackpad,11.404880905151368
478219331707,160,10,Trackpad,-14.449325561523434
491837100125,160,10,Trackpad,-7.083491516113286
529569773934,160,10,Mouse,-1.3658008575439453
535793054616,160,10,Trackpad,-22.63189363479614
549661439377,160,10,Trackpad,12.525105190277099
554783556843,160,10,Mouse,-6.183593368530273
589106590719,160,10,Trackpad,1.4722770690917968
594008709769,160,10,Trackpad,14.599052810668946
6196976173,160,10,Trackpad,-8.795093441009522
627511081285,160,10,Trackpad,-17.4517921447754
644298611907,160,10,Mouse,2.830070877075194
65927738090,160,10,Mouse,22.753651428222657
660482772393,160,10,Trackpad,-11.905005073547363
688420796301,160,10,Mouse,-17.959817123413085
713283016113,160,10,Mouse,8.165474319458006
730041648726,160,10,Mouse,15.22904205322266
749603402102,160,10,Trackpad,11.245482254028321
749614232918,160,10,Mouse,-3.48161315917969
75201456900,160,10,Mouse,-27.891648024320602
753638975787,160,10,Mouse,-6.831681823730472
78828420490,160,10,Mouse,-14.067004585266114
801419172901,160,10,Mouse,-1.7366127014160297
801640937104,160,10,Mouse,-21.646468734741212
804923957446,160,10,Mouse,-10.723719787597657
810153302503,160,10,Trackpad,-0.9732879638671903
825555997667,160,10,Mouse,-4.456824493408202
830764988902,160,10,Trackpad,-0.14127960205078124
868766423314,160,10,Mouse,-28.34917945861817
871249367017,160,10,Trackpad,-1.8397766113281278
89758134912,160,10,Mouse,-10.06779270172119
925397637533,160,10,Mouse,30.07519874572754
93308798968,160,10,Trackpad,-7.490652275085448
114463583799,170,10,Trackpad,-4.098377227783203
132102677831,170,10,Mouse,0.791531372070311
16847613267,170,10,Mouse,6.187030029296875
183824516134,170,10,Mouse,-37.79997863769532
199718243908,170,10,Trackpad,-1.934239959716797
211914503015,170,10,Trackpad,6.292266845703128
248674978269,170,10,Trackpad,13.77366027832031
252662312705,170,10,Trackpad,-1.8376876831054687
326031055534,170,10,Mouse,-9.04158706665039
340899273753,170,10,Trackpad,13.2626501083374
347401194740,170,10,Trackpad,-20.5408203125
357323471689,170,10,Mouse,6.2136379241943365
366712725954,170,10,Mouse,-3.5486102104187
399793741991,170,10,Mouse,-23.582707214355473
409510251833,170,10,Mouse,35.05112533569336
460031946655,170,10,Mouse,6.426799774169932
477302741259,170,10,Trackpad,-11.023748016357427
478219331707,170,10,Trackpad,-3.5592010498046873
491837100125,170,10,Trackpad,2.1746538162231444
529569773934,170,10,Mouse,5.676766967773441
535793054616,170,10,Trackpad,0.9161236763000478
549661439377,170,10,Trackpad,-14.816848754882809
554783556843,170,10,Mouse,-7.804996919631958
589106590719,170,10,Trackpad,0.48454818725585935
594008709769,170,10,Trackpad,0.4479507446289032
6196976173,170,10,Trackpad,4.525149536132813
627511081285,170,10,Trackpad,27.764138793945307
644298611907,170,10,Mouse,18.79251526594162
65927738090,170,10,Mouse,11.735436296463012
660482772393,170,10,Trackpad,-2.593993377685547
688420796301,170,10,Mouse,-22.065563964843758
713283016113,170,10,Mouse,15.52966947555542
730041648726,170,10,Mouse,0.46600112915038905
749603402102,170,10,Trackpad,-16.815861892700195
749614232918,170,10,Mouse,-0.23836135864257463
75201456900,170,10,Mouse,9.147588288784027
753638975787,170,10,Mouse,-9.47149543762207
78828420490,170,10,Mouse,-22.74196891784668
801419172901,170,10,Mouse,-0.5562656402587899
801640937104,170,10,Mouse,-5.296427631378173
804923957446,170,10,Mouse,-14.164066696166993
810153302503,170,10,Trackpad,1.238167572021484
825555997667,170,10,Mouse,16.35105514526368
830764988902,170,10,Trackpad,-1.8024833679199233
868766423314,170,10,Mouse,-10.989536094665533
871249367017,170,10,Trackpad,3.743395614624023
89758134912,170,10,Mouse,-12.831624460220336
925397637533,170,10,Mouse,24.653723907470702
93308798968,170,10,Trackpad,23.703618621826173
