ppid,Baseline,Late adaptation,late_minus_baseline
114463583799,-1.3879819869995085,-4.68379316329956,-3.2958111763000515
132102677831,-4.438086700439454,0.6766785621643054,5.114765262603759
16847613267,-0.3706230163574161,8.086853003501894,8.45747601985931
1721418462,3.2361175537109417,8.066254711151126,4.830137157440184
183824516134,-2.4529376983642575,-1.7667812824249296,0.6861564159393279
199718243908,0.5155179977416957,3.7543416023254395,3.238823604583744
211914503015,-0.5992036819458013,-0.4495942115783673,0.149609470367434
214060187805,1.4097368240356432,-8.060805726051335,-9.470542550086979
230769543210,-0.45272235870361155,5.6867410898208615,6.139463448524473
247101632412,0.9126090049743654,-6.784587717056278,-7.697196722030643
248674978269,-1.2819316864013683,5.943367481231688,7.225299167633056
252662312705,1.2061555862426758,-1.2360605239868154,-2.4422161102294915
290626679547,-2.921451759338379,-4.146309781074525,-1.2248580217361456
290656034369,-4.566223716735844,3.0900532007217363,7.65627691745758
292629866395,0.9804426193237304,-0.7180535793304399,-1.6984961986541705
313978052698,-2.1206512451171875,-1.8880058288574206,0.23264541625976687
314581190701,0.1418458938598603,0.3147057533264156,0.1728598594665553
326031055534,1.0335483551025366,8.742409610748293,7.708861255645757
333479267545,-0.056324195861817694,0.4970936536788908,0.5534178495407085
33616929547,-2.855186843872073,-1.4975739479064938,1.357612895965579
340899273753,2.0077068328857393,-7.551785898208621,-9.55949273109436
347401194740,-0.8777606964111311,-1.6573068380355842,-0.7795461416244531
357323471689,2.911147117614749,-9.307513713836668,-12.218660831451418
366712725954,-5.072170734405516,-15.29856278896332,-10.226392054557804
381056854035,-0.8337551116943346,2.642611171305179,3.4763662829995137
395056795561,0.6897558212280269,2.4263538122177124,1.7365979909896856
399793741991,-3.212335014343263,-12.791027998924257,-9.578692984580993
408276378177,-2.7641875267028815,7.41900541782379,10.183192944526672
409510251833,-6.3013754844665515,37.54551697596907,43.846892460435626
418817504309,1.542449188232422,-15.024812437593939,-16.56726162582636
427979396888,-8.587484169006347,0.6604673789814114,9.247951547987759
439513294491,0.6949398040771398,7.86199083328247,7.16705102920533
450251729693,-0.07455883026123011,1.8592857599258399,1.93384459018707
451075873570,0.7638458251953123,-1.7665206909179707,-2.530366516113283
460031946655,-6.664322185516355,5.049593353271488,11.713915538787843
477302741259,1.1877080917358382,2.9247666358947724,1.7370585441589341
478219331707,-0.4418649673461925,-3.247466802597045,-2.8056018352508527
479406978469,0.7756460189819354,-3.3994181394576994,-4.175064158439635
482947064097,-1.5380010604858403,1.2202407360076906,2.7582417964935306
488179284147,-0.06861190795898586,-17.077652835845946,-17.00904092788696
491837100125,-1.5059606552124047,2.8222635746002185,4.328224229812623
529569773934,3.537946033477784,10.879238420724871,7.341292387247087
530454018851,-4.447277641296389,3.121472120285036,7.568749761581425
535793054616,2.4688117980957047,-2.8316998481750475,-5.300511646270753
549661439377,0.9844736099243158,-8.461987328529355,-9.44646093845367
554783556843,-3.1078968048095725,-7.8554214596748375,-4.7475246548652645
587319151731,-1.843459320068353,-5.228163766860958,-3.3847044467926053
589106590719,0.009200859069826262,-8.274067878723143,-8.28326873779297
594008709769,-0.526113510131836,3.964176845550537,4.490290355682373
606417353264,23.404562377929686,-25.304914712905884,-48.70947709083557
611182001186,2.1291948318481473,-7.543092966079713,-9.67228779792786
6196976173,-1.363222312927248,-8.339622569084169,-6.9764002561569205
627511081285,-0.050677680969241745,6.754010677337643,6.804688358306885
631329533178,-1.9160242080688477,-1.4678674101829505,0.44815679788589713
644298611907,3.209752845764158,11.409593841433527,8.19984099566937
65927738090,1.1636637687683156,9.8107306599617,8.647066891193385
660482772393,1.7530448913574177,-7.583489847183223,-9.33653473854064
672964076977,-1.8039461135864254,6.443906402587891,8.247852516174316
688420796301,-0.002175521850591444,-15.601634716987611,-15.599459195137019
689640711294,4.05148544311524,15.970100140571597,11.918614697456357
713283016113,-1.3565563201904287,13.61428849697113,14.970844817161558
730041648726,-0.283761405944826,5.933957409858704,6.21771881580353
747798201628,-0.9708547592163012,-3.9261744022369376,-2.9553196430206365
749603402102,-0.434789657592777,-0.700953197479246,-0.266163539886469
749614232918,0.27280445098877104,-1.173231792449951,-1.446036243438722
75201456900,-3.60862445831299,-2.5273096039891216,1.0813148543238684
753638975787,-2.57183074951172,-8.96884013414383,-6.39700938463211
759023618418,-2.76223554611206,-2.161555802822114,0.600679743289946
78828420490,-10.13823928833008,-13.803793597221375,-3.665554308891295
794821160379,-3.6904217720031762,-1.0870868802070635,2.6033348917961128
801419172901,-0.013214683532716244,0.15575451850890767,0.1689692020416239
801640937104,-2.9179071426391654,-18.11027262210846,-15.192365479469295
804923957446,4.09179210662842,1.632710594683887,-2.459081511944533
810153302503,0.6175071716308583,4.3485635757446275,3.7310564041137693
821109032956,-4.489141941070551,10.458468449115756,14.947610390186307
823657240718,3.0607730865478544,2.6464420795440686,-0.4143310070037858
825555997667,3.248636436462401,3.6394782066345246,0.3908417701721234
828356987563,-2.4301582336425795,2.7579491376876826,5.188107371330262
830764988902,-0.8688875198364256,-1.7802126884460454,-0.9113251686096198
831461226101,-15.041263008117678,-3.1689399242401093,11.872323083877568
836667074589,4.473411560058594,1.501801943778988,-2.971609616279606
836677602492,5.331640338897705,32.06937588453293,26.737735545635225
842916191322,0.512172508239746,6.356828999519349,5.844656491279603
857258294243,2.266420745849613,-7.4101648688316315,-9.676585614681244
863045202801,-21.583165550231932,-7.273479461297395,14.309686088934537
868766423314,-17.30528030395508,-7.991822957992557,9.313457345962522
871249367017,-0.5872737884521434,-2.8153218269348157,-2.2280480384826724
87299142964,-0.0462741851806644,1.1154058456420914,1.161680030822756
879490296822,0.594726753234863,-10.921945571899414,-11.516672325134277
89758134912,-1.361311817169191,-12.817580425739292,-11.4562686085701
925397637533,1.6920621871948212,29.870674037933348,28.178611850738527
93308798968,0.29380149841308484,5.023451471328736,4.7296499729156505
934420693200,-0.38779144287109535,2.344897890090944,2.7326893329620394
942895571934,-1.2400602340698244,-8.13826443552971,-6.898204201459885
945312269032,1.16351833343506,-3.7202233195304846,-4.883741652965544
952949011931,-5.882883644104005,-7.916227221488954,-2.033343577384949
982415887992,-2.102624702453615,-25.362893652915957,-23.260268950462343
