n,mean,sd,sem,ci_low,ci_high,median,q25,q75,min,max,pointer,clamp_magnitude,n_participants
30,19.54645093550285,26.896082931723594,4.910530443411564,9.50328851404247,29.58961335696323,15.16220245361328,5.147609788179398,27.638087463378902,-14.546821022033692,131.81395530700684,Mouse,2,30
26,19.972983632637902,25.789769785456304,5.0577899764272045,9.556270184456885,30.38969708081892,21.866481590270993,10.06088590621948,35.69952845424414,-67.82333656549454,65.36668775081634,Mouse,3,26
30,14.388179836471876,23.83569176570266,4.351782017938496,5.4877862572839895,23.288573415659762,16.084825706481936,6.3128214120864845,27.683132553100588,-51.409197616577146,50.91850296556949,Mouse,4,30
26,12.921060158025758,26.633962846124724,5.223349856795969,2.1633697534360454,23.67875056261547,18.772841072082514,3.5355192661285404,28.421898952126504,-65.7925222247839,64.30029239654542,Mouse,5,26
30,20.005193366321425,39.7254651818535,7.252844462495743,5.171460881847095,34.83892585079575,21.500939607620243,8.431216239929201,35.15959232002497,-143.13858222961426,130.68209510482848,Mouse,6,30
26,19.835442387713837,18.80531555778889,3.688025807247521,12.239811054138467,27.431073721289206,23.546094751358034,5.066108894348145,32.865028469264516,-26.021645855903625,48.37378742694855,Mouse,7,26
30,22.94676993181308,35.01136991791113,6.392172357732575,9.873309548157124,36.020230315469036,26.065726625919343,17.900573062896726,40.587152796983716,-137.27445023357868,61.27809074521065,Mouse,8,30
26,23.83131661632887,21.41799274984346,4.200413960516946,15.180402127121054,32.482231105536684,30.058760833740234,6.360837554931638,40.842852535843846,-23.83285651206969,61.24325408935547,Mouse,10,26
27,31.364450948682162,20.310831007219118,3.9088212498276516,23.329753799268595,39.39914809809573,32.27872686386108,16.475391254530237,45.77572309672833,-4.299386596679687,73.3784775108099,Mouse,15,27
23,40.36186820611017,11.680484928266363,2.435549470719954,35.31084775323615,45.41288865898418,37.64746589660645,34.393315124511716,43.699709337949756,25.42258605957032,72.09441776275635,Mouse,20,23
27,35.39225030963313,17.668503721931213,3.4003051266782967,28.402823021377603,42.381677597888654,39.99576034545898,27.230194389820106,46.26784248352051,-13.969685500860214,67.0330753326416,Mouse,25,27
23,41.85659867416942,30.539655189384817,6.367958307319678,28.650261443083437,55.0629359052554,35.77357743754983,26.73056106567383,43.07310726642609,10.12325918674469,164.64988327026367,Mouse,30,23
27,27.887869232992006,28.73593947564197,5.5302341305595615,16.52031017503925,39.255428290944764,32.62588405609131,17.9497935295105,47.62926980108023,-52.9223137140274,72.53050918579102,Mouse,35,27
23,37.54948564594711,28.698932221459952,5.984141036221425,25.139136716388208,49.95983457550601,36.46610895395279,25.436544036865236,42.41459642648698,-6.257079315185544,146.65048484802247,Mouse,40,23
27,32.744191757330064,23.530364027617424,4.528420668491602,23.435889762686735,42.052493751973394,35.96046331822872,15.881302404403687,46.55643169847317,-25.999265080690385,78.62461547851562,Mouse,45,27
23,38.591855535035336,29.662830493505304,6.185127719627589,25.76468573575304,51.41902533431763,42.41977996826173,23.912862110137944,46.72551205952962,-0.1497650146484379,146.5557746887207,Mouse,50,23
32,28.009913520817644,33.4457391712812,5.9124272424523685,15.951438658995599,40.06838838263969,29.298171520233154,4.9501558780670125,45.86537146568298,-40.11248626708984,134.77950057983398,Mouse,55,32
31,19.246994239716763,30.75694646163758,5.524110658663763,7.965255195967671,30.528733283465854,22.433573532104493,8.493252134323122,34.90098876953125,-105.39190716445448,72.95067670345307,Mouse,60,31
32,25.16495240152581,40.85951596762169,7.223010204176328,10.43352596664972,39.8963788364019,29.152839687466624,18.915382723510266,42.68258844465018,-125.48857192993164,145.21856307983398,Mouse,65,32
31,24.479211811456945,23.261096893386224,4.177816333010709,15.946972587063735,33.01145103585016,25.25874896049499,10.345022344589234,39.52337767332793,-15.210623741149902,68.05376358032227,Mouse,70,31
32,29.821773987956114,30.621741071221688,5.413210190799867,18.781459015649716,40.86208896026251,24.900913238525384,12.310511350631714,38.547304725646974,-20.96277160644531,125.7599391937256,Mouse,75,32
31,16.889992200342885,22.775253839799845,4.0905563446337165,8.535961646749172,25.244022753936598,23.005858993530275,2.2272328495979306,33.551301774382594,-30.27266082763672,53.24176073074341,Mouse,80,31
32,26.915120640560055,28.42969534630168,5.025707591609388,16.665122429816197,37.165118851303916,22.080059051513672,8.87949371337891,42.3444883108139,-4.397674179077149,147.58065071105958,Mouse,85,32
31,23.688473409798835,19.364402891079457,3.4779494298204794,16.585553084867875,30.791393734729795,22.10706043243408,14.894191837310785,34.006444776058196,-19.366972351074217,76.70816872715949,Mouse,90,31
25,17.246663910627365,23.09856487346241,4.619712974692482,7.712044947025229,26.781282874229504,11.95992946624756,5.330467796325683,28.90357360839844,-19.42837600708008,95.68532295227052,Mouse,95,25
30,20.645031074776007,28.471420506541563,5.198146418549325,10.013627935412973,31.27643421413904,20.582604789733885,9.481945657730103,26.190871429443362,-42.63633880615235,144.2484893798828,Mouse,100,30
25,14.367906825065614,18.026431628519642,3.6052863257039283,6.92696156318809,21.808852086943137,11.959306335449217,6.330351257324219,25.08387470245361,-21.426975631713866,51.66313171386719,Mouse,105,25
30,18.686683816115064,28.85638354157151,5.26843073124651,7.911533117046824,29.461834515183305,17.339603424072266,6.521626091003419,23.55132886171341,-29.485080003738403,145.57626571655274,Mouse,110,30
25,7.6919409484863275,24.400697745524475,4.880139549104895,-2.380172047455301,17.764053944427957,12.642964172363284,-2.8692071437835693,19.37424488067627,-83.9405927658081,39.249813842773456,Mouse,115,25
30,19.460375168124834,31.264838133513322,5.708152367490987,7.785892744322297,31.13485759192737,15.232923173904423,9.160744500160217,24.93756455183029,-44.76810073852539,156.22413597106933,Mouse,120,30
25,5.070178650647403,24.99382375099366,4.998764750198732,-5.246764727204631,15.387122028499437,2.432271194458006,-3.7384208679199142,17.918042755126955,-82.89096164703369,42.86049850657582,Mouse,125,25
30,10.265328882733979,31.411708003195987,5.734967014372,-1.4639956517129278,21.994653417180885,7.744677543640135,-3.4942906618118283,17.64018621444702,-33.382560348510744,153.89329147338867,Mouse,130,30
31,0.8613361456701822,17.605428533254937,3.162028309026054,-5.596387175898506,7.319059467238871,1.748659324645996,-3.053269577026369,9.848197984695434,-75.5190669298172,25.8882399559021,Mouse,135,31
27,2.6893337391040943,16.3945941427087,3.1551411138491767,-3.796151703485355,9.174819181693543,-0.5086143493652385,-8.465763759613038,7.5732479095459,-23.046037292480477,43.761801147460936,Mouse,140,27
31,-1.3016462579850219,15.375482487532068,2.7615181759805854,-6.9414187663654054,4.338126250395362,-0.9872598648071286,-8.380309104919434,3.499851036071778,-31.63741569519043,41.79640507698059,Mouse,145,31
27,1.89243179085078,17.183915576531607,3.3070460946141087,-4.905298811577467,8.690162393279026,0.4445709228515567,-12.80996325016022,12.407338964939118,-22.452156829833985,34.892354965209954,Mouse,150,27
31,-0.672522658638416,14.24903110887787,2.5592015358989215,-5.899109465528606,4.554064148251775,-1.1457611083984347,-8.002071619033815,6.326560783386233,-29.2472023010254,35.330646276474,Mouse,155,31
27,-0.9060230214286743,17.90108588750159,3.445065585311885,-7.987456750092695,6.175410707235347,-3.48161315917969,-11.75775032043457,10.332918930053712,-28.34917945861817,36.47678645551205,Mouse,160,27
31,-4.551801717065033,15.456364958881062,2.776045096675894,-10.221242155456318,1.1176387213262515,-8.371983337402337,-11.186604833602905,1.7494876358658067,-29.95677947998047,43.89575424194337,Mouse,165,31
27,-0.8559373829099871,16.171499028664318,3.1122064391330384,-7.253169337681858,5.541294571861884,-0.2383613586425746,-10.2305157661438,7.7871940314769805,-37.79997863769532,35.05112533569336,Mouse,170,27
18,7.733686666273408,15.143863109216968,3.5694427659627044,0.2028207144608558,15.26455261808596,8.367060470581054,-3.579759740829469,16.688594436645506,-15.657340049743652,34.25990295410157,Trackpad,2,18
23,15.920015753352125,32.13467107168671,6.700542109429586,2.023941932249283,29.816089574454967,17.448137283325195,5.931252956390381,32.911198997497564,-95.6780758857727,63.207750701904295,Trackpad,3,23
18,19.318585010245442,21.36473857902997,5.035717175836646,8.694150467102498,29.94301955338839,16.972561240196228,3.085231566429139,29.671498680114745,-12.49229621887207,66.93416271209716,Trackpad,4,18
23,23.481292793025144,16.093389954735432,3.3557037766036717,16.521989106862964,30.440596479187324,21.29500880241394,10.806752109527588,36.472442865371704,0.4770885467529291,52.43056602478028,Trackpad,5,23
18,8.51184293296602,23.206354396628722,5.469790186824808,-3.02840561067676,20.0520914766088,7.5397731304168705,-1.519889163970944,26.111997795104983,-56.16195583343506,38.48539798259735,Trackpad,6,18
23,20.122005647550456,25.519455153783774,5.32117423844702,9.08656570481047,31.157445590290443,22.837332534790043,15.28496475219727,34.01063631922006,-52.73483772277832,56.34280853271484,Trackpad,7,23
18,21.87524964776304,16.435603174758846,3.873908819254377,13.702016473794291,30.048482821731792,21.359622836112976,9.748340797424316,29.02217499166727,-4.591098785400396,58.08625191450119,Trackpad,8,18
23,31.646222679317006,21.19673523090955,4.4198248265960585,22.480067006585863,40.81237835204815,31.332957458496093,12.459588241577146,42.827329254150385,7.019023132324219,81.47478513717651,Trackpad,10,23
23,26.19115270013395,33.37143229712618,6.958424651680605,11.760263219974098,40.6220421802938,20.380166435241694,9.831551504135131,32.75710699558258,-34.09551830291748,132.2570373535156,Trackpad,15,23
26,16.85502799339682,20.12057612605121,3.9459696265947786,8.728151419431342,24.9819045673623,14.912010192871096,6.506918525695804,31.66950216591358,-23.950027465820312,54.75919609069824,Trackpad,20,26
23,23.41265988187946,30.562310037258026,6.372682169649512,10.196525959931147,36.628793803827776,23.01632919311524,1.9352428436279272,37.26792373657227,-28.555058670043945,108.03876056671145,Trackpad,25,23
26,17.630637061595912,15.28591751844816,2.9978150657591143,11.456521359640355,23.80475276355147,14.590060043334958,11.471013593673709,25.936443901062013,-9.906838989257812,51.98423957824707,Trackpad,30,26
23,29.655023138937747,30.399453476252447,6.338724229256084,16.509313675012855,42.80073260286264,26.38325138092041,16.34149698019028,41.85436172485352,-21.307799053192134,132.6511001586914,Trackpad,35,23
26,22.892927682682732,21.83809874016033,4.28280352368629,14.072328711783149,31.713526653582313,21.19990758299828,8.695493412017822,33.49313230514527,-12.18921966552734,79.76049485206605,Trackpad,40,26
23,18.707508318644503,38.24979282044735,7.975633137760084,2.1670575547609943,35.24795908252801,27.627622222900392,2.935261917114257,43.262363815307616,-122.32219161987304,64.93995666503906,Trackpad,45,23
26,18.392714834671754,19.575492994399394,3.8390700294862063,10.486002102225175,26.299427567118332,19.89617447853088,3.069829368591312,28.78768215179443,-22.21938524246216,61.094409954547885,Trackpad,50,26
16,16.641562041640285,15.488400176234947,3.8721000440587368,8.388376162369303,24.894747920911264,20.389347076416016,4.283727002143859,28.256487762928007,-14.257652282714838,35.67544651031494,Trackpad,55,16
15,16.027853091557816,25.186716537649563,6.5031822463975795,2.079914380380888,29.975791802734744,16.756288909912097,3.6164801597595218,23.687521076202394,-17.649027252197268,89.26419429779052,Trackpad,60,15
16,15.95890866070986,18.9909135048337,4.747728376208425,5.839365170799162,26.078452150620556,15.132644319534302,3.9389834403991704,27.268866252899173,-16.42191963195801,61.0891838312149,Trackpad,65,16
15,14.652378063201903,10.479330746498276,2.705751564039144,8.849118127837968,20.455637998565837,17.941151428222657,12.69481773376465,20.177906036376953,-11.287395858764643,30.334320449829107,Trackpad,70,15
16,17.37526099383831,14.819340914625151,3.704835228656288,9.478591629345019,25.271930358331602,16.524776077270502,6.127705645561215,30.10810699909925,-11.31899299621582,40.87574462890625,Trackpad,75,16
15,12.937926804373664,14.677158597192829,3.7896260544381892,4.809987290628165,21.065866318119163,12.19307861328125,0.6102873802185058,23.949264144897462,-5.0224039316177365,38.61176884397864,Trackpad,80,15
16,13.837244097888469,19.033393678368725,4.758348419592181,3.695064521333638,23.9794236744433,16.31273603439331,10.096917343139644,24.234982204437248,-30.01072311401368,41.69161682128906,Trackpad,85,16
15,7.954937963485717,9.289262530485798,2.3984772719413376,2.8107158393525253,13.099160087618909,7.183615493774414,0.8663524389266919,15.99544448852539,-6.70999755859375,20.75558471679688,Trackpad,90,15
24,13.216876014027124,34.402302632099946,7.02234061878763,-1.3099423499827179,27.743694378036963,9.26078224182129,1.8276657581329327,17.16981525421143,-31.74099998474121,156.3905090942979,Trackpad,95,24
18,6.292536523275904,13.389616545033789,3.1559628854936617,-0.3659631356024047,12.951036182154212,5.323634243011476,-4.653401660919189,14.221876907348628,-15.353018283843994,36.67857407927512,Trackpad,100,18
24,18.591440439224243,31.99556221855818,6.531066789078271,5.080899421842378,32.10198145660611,13.70570602416992,3.796038675308229,18.597100067138673,-6.079237651824951,156.27158813476564,Trackpad,105,24
18,8.184237384796143,11.621609352209058,2.7392395937493417,2.404947018485979,13.963527751106307,10.885269737243652,-0.7837378978729246,15.70133991241455,-14.29473876953125,27.31957244873047,Trackpad,110,18
24,12.5819464802742,30.866537431386096,6.300605569451106,-0.45184918121947426,25.615742141767875,4.031058359146117,-0.622776484489441,16.32066764831543,-10.426694583892822,149.2871871948242,Trackpad,115,24
18,6.421574454837375,12.667022960536384,2.985645944280325,0.1224121316998863,12.720736777974864,7.2346899032592775,-1.7110359191894529,15.963543891906738,-17.79650917053223,24.38294906616211,Trackpad,120,18
24,7.659117916226386,32.37674650280867,6.608875705276748,-6.012383107807917,21.33061894026069,3.1416218757629393,-9.751329183578491,15.096216583251952,-34.91788883209229,139.91265869140625,Trackpad,125,24
18,-0.2725876212120052,14.459981642850297,3.40825035849748,-7.463367320725971,6.918192078301961,-2.9398520469665526,-9.31724179983139,8.420990705490116,-19.792414093017577,32.58053319454193,Trackpad,130,18
17,2.7598461936501906,19.259027800919576,4.671000345288142,-7.142232190990452,12.661924578290833,5.596507263183594,-11.536604309082035,13.84953231811524,-20.48332977294922,57.45098533630371,Trackpad,135,17
22,0.3690241336822522,11.667773539003283,2.487577676790536,-4.804176842806863,5.542225110171368,2.5280350208282436,-4.9893427848815906,6.364761924743653,-32.961717224121095,16.05578193664551,Trackpad,140,22
17,0.34245739263646807,10.541397228222962,2.556664365503324,-5.077428944124176,5.762343729397111,3.408697891235353,-6.346358489990234,5.015510559082034,-21.98600616455078,19.86967086791992,Trackpad,145,17
22,-2.2346542185003107,12.683065695219144,2.7040386918059895,-7.85801051865937,3.388702081658748,-0.7991394042968747,-11.190755462646486,10.228237533569333,-27.49251708984375,15.743017578125,Trackpad,150,22
17,-4.546325344197891,31.12020613645817,7.5477586465654065,-20.546858896294943,11.454208207899159,1.2782119750976604,-5.302934360504152,11.16921768188476,-117.00888900756836,17.791576385498047,Trackpad,155,17
22,-3.389676514538853,12.115596670964102,2.5830538893251953,-8.761431144457209,1.982078115379502,-4.908893966674807,-11.588207864761353,1.7576100349426285,-22.63189363479614,22.86528625488281,Trackpad,160,22
17,-1.0412406861782078,16.134011251495064,3.913072503224584,-9.336583822000984,7.254102449644568,0.8604904174804687,-5.889163208007813,6.546505737304685,-48.33599681854248,20.599580383300783,Trackpad,165,17
22,0.8774119160392061,11.660524777600727,2.48603223566682,-4.2925751396928185,6.04739897177123,0.46624946594238126,-3.3178991317749027,4.329711055755615,-20.5408203125,27.764138793945307,Trackpad,170,22
