n,mean,sd,sem,ci_low,ci_high,median,q25,q75,min,max,phase,clamp_magnitude,n_participants,measure
48,0.6058990716934206,7.043962303752056,1.0167083830582067,-1.4394543731534553,2.6512525165402963,0.9489578247070315,-1.73087921142578,2.611049842834473,-26.03857727050781,22.702963256835936,Baseline,2,48,Late adaptation mean
49,-5.31421815132608,26.127584737641335,3.732512105377334,-12.818936723650946,2.190500420998787,-1.3389541625976564,-6.098181152343756,1.3475364685058593,-177.4694091796875,30.386865234375,Baseline,3,49,Late adaptation mean
48,2.6545179843902598,10.893221600522883,1.5723011058510332,-0.508543850032376,5.817579818812895,1.2119812011718754,-1.2376029968261715,3.3288032531738336,-14.766897583007818,66.22005081176758,Baseline,4,48,Late adaptation mean
49,4.233682040778957,24.515658133114798,3.5022368761592566,-2.808037151860157,11.275401233418071,0.2939231872558593,-2.391876220703125,1.4286788940429715,-16.65217285156251,160.54094848632812,Baseline,5,49,Late adaptation mean
48,1.1048241337140396,10.89063582502904,1.5719278813066746,-2.0574868697719917,4.267135137200071,-0.2540817260742191,-2.7420096397399902,1.8967033386230467,-15.826654052734376,53.42571868896484,Baseline,6,48,Late adaptation mean
49,1.0385482501010512,9.669296115715506,1.3813280165307866,-1.738797871615888,3.8158943718179907,-1.362727355957031,-2.942255115509032,1.3947509765625,-20.09947509765625,42.51009979248048,Baseline,7,49,Late adaptation mean
48,1.07256194750468,11.509793297517174,1.6612955646596228,-2.2695336452006503,4.41465754021001,0.55081787109375,-2.4069900512695224,2.45667304992676,-35.08253707885743,51.27313766479492,Baseline,8,48,Late adaptation mean
49,-0.029633195059640887,9.823698602799752,1.4033855146856788,-2.851328889233039,2.792062499113757,0.273699951171875,-2.385597229003905,2.581854248046875,-36.505609130859376,29.37007884979248,Baseline,10,49,Late adaptation mean
50,5.2189422926902775,35.357804295706536,5.000348637072186,-4.829634505382929,15.267519090763484,0.6919677734374996,-1.4510177612304773,4.764471054077148,-106.27259826660152,172.1787902832031,Baseline,15,50,Late adaptation mean
49,3.0664008062713015,22.089620351357016,3.1556600501938594,-3.2784789738947,9.411280586437304,0.0499938964843806,-3.975628662109352,2.8954528808593745,-28.140313720703126,103.99792175292971,Baseline,20,49,Late adaptation mean
50,-6.6738096008300785,30.695978660687818,4.341066933225982,-15.397510212561581,2.0498910109014252,0.5235286712646492,-2.07262344360352,2.233037948608401,-173.57339782714843,15.34972686767578,Baseline,25,50,Late adaptation mean
49,0.5641938267921917,22.77812412560875,3.2540177322298214,-5.978447327554668,7.106834981139051,-0.0522567749023435,-3.07637939453125,4.13560791015625,-105.08679122924804,105.74017944335938,Baseline,30,49,Late adaptation mean
50,-2.9586393108367934,28.304328711698655,4.002836553795043,-11.002640527619054,5.085361905945468,1.0383148193359337,-1.9067218780517583,4.0975402832031245,-174.72974243164063,33.59651184082031,Baseline,35,50,Late adaptation mean
49,2.037864163457133,25.220584311950407,3.602940615992915,-5.206333468714282,9.282061795628548,-0.1666412353515624,-3.338406372070318,2.86482162475586,-97.62646179199218,102.80835342407228,Baseline,40,49,Late adaptation mean
50,5.166520278930664,28.57049550728653,4.040478223012419,-2.953124704195046,13.286165262056373,1.0923938751220703,-1.76370849609375,5.085581207275382,-96.72171020507812,131.22258911132812,Baseline,45,50,Late adaptation mean
49,2.1246310175681593,38.99151965680706,5.570217093829579,-9.075041078798229,13.324303113934548,0.3032958984374998,-3.618983459472656,3.405725097656261,-170.4356201171875,173.16123962402344,Baseline,50,49,Late adaptation mean
48,0.9432543121278285,8.292300401588006,1.1968904672645193,-1.4645787313651546,3.3510873556208116,0.19476089477538988,-2.6983158111572276,2.0823966979980466,-18.269123077392575,34.102996826171875,Baseline,55,48,Late adaptation mean
46,-0.7854546391445653,6.725810704805672,0.9916666870440957,-2.78277387416032,1.211864595871189,0.19837102890015215,-2.281713485717773,2.574779891967774,-24.25140461921692,11.903438949584965,Baseline,60,46,Late adaptation mean
48,-0.3704692681630462,20.743831147101055,2.9941141242007348,-6.3938499545481795,5.652911418222087,-0.47354621887206977,-2.329182434082031,2.404394435882568,-98.74821166992189,88.86304931640625,Baseline,65,48,Late adaptation mean
46,1.4546156344206447,5.332298701007808,0.7862045512788082,-0.1288816166635478,3.0381128855048374,1.2768135070800795,-1.9787721633911135,4.404460716247558,-7.403640747070296,18.13481826782226,Baseline,70,46,Late adaptation mean
48,0.36597666442394267,21.70543199728634,3.1329092516275963,-5.936623802914093,6.668577131761978,-0.008739471435545251,-2.1610208511352544,2.4494293212890623,-105.52899079322816,95.6198886871338,Baseline,75,48,Late adaptation mean
46,-1.422143185657004,7.731557724862112,1.1399559950781757,-3.7181324185189943,0.8738460472049867,0.09344558715820299,-2.8754226684570225,1.7942764282226562,-40.2365219116211,8.195968627929688,Baseline,80,46,Late adaptation mean
48,-4.273619157075881,23.498696633480925,3.3917447067363913,-11.096929395845962,2.549691081694199,-0.4983963012695256,-4.7569942474365146,1.4015983581543023,-159.75640258789062,14.362677001953124,Baseline,85,48,Late adaptation mean
46,-1.2718882078709803,7.9363682460694305,1.1701536589660868,-3.6286986579058977,1.0849222421639368,-0.7521942138671793,-4.296503448486331,2.9353960990905756,-27.190034484863283,24.013541722297667,Baseline,90,46,Late adaptation mean
49,0.5847980966373355,17.654147139876365,2.5220210199823376,-4.486065025598069,5.655661218872741,-0.5311355590820312,-4.547137451171875,2.037384033203125,-40.46851348876952,100.62541961669922,Baseline,95,49,Late adaptation mean
48,6.485023013750712,27.319755506809383,3.94326704901279,-1.4478070652039348,14.417853092705357,-0.31650161743164645,-3.0652233123779253,2.226937866210939,-6.654747390747071,160.48165283203124,Baseline,100,48,Late adaptation mean
49,4.762254006522044,17.046728769792274,2.4352469671131822,-0.13413818895471508,9.658646201998803,0.4457885742187443,-1.6138824462890624,3.727832794189453,-16.528880310058593,104.10234832763672,Baseline,105,49,Late adaptation mean
48,-0.037482472260792786,23.668502681366494,3.4162540986005814,-6.910099247610943,6.835134303089357,1.3743133544921928,-1.7668342590332187,4.116441535949707,-103.24208526611328,103.76019744873048,Baseline,110,48,Late adaptation mean
49,-3.017047664097377,35.384416998307984,5.054916714043998,-13.180638906249907,7.146543578055154,-0.6632751464843807,-2.6899688720703123,1.3888946533203126,-169.18112487792968,164.08743896484376,Baseline,115,49,Late adaptation mean
48,-1.9600215911865249,25.616262141042522,3.69738896069073,-9.398208758425259,5.478165576052208,-0.052369689941414804,-3.2357772827148454,2.1441429138183623,-126.55889854431152,104.4594223022461,Baseline,120,48,Late adaptation mean
49,-3.441475122802112,20.68751076330905,2.955358680472721,-9.383622007007052,2.5006717614028275,-0.8429138183593807,-3.957234954833985,3.0954208374023464,-105.04552001953124,33.92234201431275,Baseline,125,49,Late adaptation mean
48,-4.162666962047417,24.106490010473618,3.479472124190992,-11.162462000675802,2.837128076580968,0.2155979156494054,-3.3829971313476475,2.818647766113283,-160.21837463378907,10.248211789131163,Baseline,130,48,Late adaptation mean
48,-0.7723988691965733,6.560711460112725,0.9469571318928862,-2.6774308961908337,1.132633157797687,0.6064151763916023,-3.2912902832031268,2.4869823455810547,-25.3459732055664,19.69135131835938,Baseline,135,48,Late adaptation mean
49,-1.5163933578802613,7.120594266955349,1.0172277524221927,-3.5616668333202988,0.5288801175597762,-0.8186981201171875,-3.047515869140613,1.0794036865234375,-39.916235351562506,17.729119873046898,Baseline,140,49,Late adaptation mean
48,-1.612415472666422,14.161483466425125,2.0440340728662454,-5.724481628495507,2.4996506831626633,-1.4967273712158253,-3.887823867797852,1.2635255813598592,-41.62133331298829,74.33410034179687,Baseline,145,48,Late adaptation mean
49,-0.09467393524792805,4.989087542879394,0.7127267918399135,-1.5277071956112689,1.338359325115413,0.5329376220703127,-2.760681152343756,2.537359619140625,-13.903668212890626,12.700317764282223,Baseline,150,49,Late adaptation mean
48,-1.2662445386250807,9.360861584157142,1.3511239888649882,-3.9843554060969417,1.4518663288467806,-0.245869255065918,-3.1651573181152433,1.43765563964844,-54.04720382690429,12.474151611328114,Baseline,155,48,Late adaptation mean
49,-1.9416930918790867,5.716737052200504,0.816676721742929,-3.583731694358033,-0.2996544894001403,-0.6219177246093807,-3.964971923828125,1.7301712036132812,-20.571024322509764,7.26627197265625,Baseline,160,49,Late adaptation mean
48,0.3726050059000645,11.72547079331844,1.692425929724374,-3.0321168034132238,3.777326815213353,-0.32681541442871814,-2.5343406677246074,1.9517898559570286,-23.28368301391601,70.32428512573242,Baseline,165,48,Late adaptation mean
49,-0.43899764236138816,5.739443987471031,0.8199205696387187,-2.087558438168055,1.209563153445279,0.36915283203125,-2.268585205078125,2.569314575195312,-21.247265624999983,11.049108886718752,Baseline,170,49,Late adaptation mean
48,15.11666433454181,23.721406890769813,3.423890163485649,8.2286857780969,22.00464289098672,12.861010169982904,0.6906365871429443,23.260777854919432,-15.657340049743652,131.81395530700684,Late adaptation,2,48,Late adaptation mean
49,18.070570138279272,28.703328947318074,4.100475563902582,9.82601144670792,26.315128829850625,21.177979135513304,7.155714416503903,35.487572479248044,-95.6780758857727,65.36668775081634,Late adaptation,3,49,Late adaptation mean
48,16.237081776636963,22.83578092652557,3.296061066271215,9.60626219389183,22.867901359382095,16.972561240196228,5.681071686744688,28.03288507461548,-51.409197616577146,66.93416271209716,Late adaptation,4,48,Late adaptation mean
49,17.87790404792343,22.727149177490165,3.2467355967843092,11.349904608213045,24.405903487633815,21.29500880241394,4.877459716796883,31.576069259643557,-65.7925222247839,64.30029239654542,Late adaptation,5,49,Late adaptation mean
48,15.695186953813149,34.64299701732331,5.000285913371754,5.635909201650946,25.75446470597535,16.292143249511714,4.165680027008056,33.18746719360352,-143.13858222961426,130.68209510482848,Late adaptation,6,48,Late adaptation mean
49,19.96995167294327,21.970309757911835,3.1386156797016906,13.659341896510648,26.280561449375895,22.837332534790043,5.369483184814444,33.66574666798114,-52.73483772277832,56.34280853271484,Late adaptation,7,49,Late adaptation mean
48,22.54494982529432,29.228809495771287,4.218815257618961,14.057788251600979,31.032111398987663,24.630976867675788,17.241379308700562,38.747762233018875,-137.27445023357868,61.27809074521065,Late adaptation,8,48,Late adaptation mean
49,27.499537829568194,21.456463722542594,3.0652091032203708,21.336521867247114,33.66255379188927,31.332957458496093,10.682124090194703,42.11959284543991,-23.83285651206969,81.47478513717651,Late adaptation,10,49,Late adaptation mean
50,28.984733754349982,26.938527058153273,3.809683031599495,21.32888907273619,36.640578435963775,26.83482704162597,14.46498665288091,43.30231889039278,-34.09551830291748,132.2570373535156,Late adaptation,15,50,Late adaptation mean
49,27.88885095038471,20.34397420687049,2.9062820295529272,22.0453792863069,33.73232261446252,31.752529275417327,13.233784484863282,41.08287048339844,-23.950027465820312,72.09441776275635,Late adaptation,20,49,Late adaptation mean
50,29.881638712866437,24.927725565767904,3.52531275742235,22.797257492414687,36.96601993331819,32.519920844170784,12.740776538848879,44.67684866599738,-28.555058670043945,108.03876056671145,Late adaptation,25,50,Late adaptation mean
49,29.002006798110006,26.42709123470721,3.7752987478153157,21.411259915337293,36.59275368088272,26.395584106445312,14.238052368164055,40.12005157470704,-9.906838989257812,164.64988327026367,Late adaptation,30,49,Late adaptation mean
50,28.700760029727043,29.220898384548445,4.1324590800154475,20.39627259407812,37.005247465375966,30.255204296112062,16.040835863351823,43.54437789916992,-52.9223137140274,132.6511001586914,Late adaptation,35,50,Late adaptation mean
49,29.77253652258234,26.08639954469358,3.7266285063847975,22.279647718891788,37.26542532627289,31.905854797363283,14.819193840026855,40.44815673828125,-12.18921966552734,146.65048484802247,Late adaptation,40,49,Late adaptation mean
50,26.287317375534702,31.632374554144565,4.473493310453683,17.297495995383677,35.277138755685726,31.814576094597573,12.312332653999327,45.87219324111938,-122.32219161987304,78.62461547851562,Late adaptation,45,50,Late adaptation mean
49,27.873944143005684,26.58193514006252,3.797419305723217,20.238720897645305,35.509167388366066,24.72285327911377,9.807823181152344,44.57618255615235,-22.21938524246216,146.5557746887207,Late adaptation,50,49,Late adaptation mean
48,24.220463027758523,29.046570601466044,4.1925113389479725,15.786218112925463,32.654707942591585,25.044040870666503,4.283727002143859,35.51083814054728,-40.11248626708984,134.77950057983398,Late adaptation,55,48,Late adaptation mean
46,18.197274300099718,28.81575087220087,4.248650676669479,9.64005257404882,26.754496026150616,19.79564099311829,6.682955288887024,30.87694898992777,-105.39190716445448,89.26419429779052,Late adaptation,60,46,Late adaptation mean
48,22.096271154587157,35.149630480104065,5.073412154900989,11.889882379723804,32.30265992945051,23.18702278137207,13.18272128105164,37.97137804031372,-125.48857192993164,145.21856307983398,Late adaptation,65,48,Late adaptation mean
46,21.27480950224335,20.4102104471911,3.009321353866974,15.213725165188382,27.33589383929832,20.177906036376953,12.303577160835266,36.68810498714447,-15.210623741149902,68.05376358032227,Late adaptation,70,46,Late adaptation mean
48,25.672936323250173,26.902127089560828,3.882987579232867,17.86137289579795,33.4844997507024,23.921697998046874,7.247739923000335,35.0259467124939,-20.96277160644531,125.7599391937256,Late adaptation,75,48,Late adaptation mean
46,15.601275223396398,20.404311806687154,3.0084516467724174,9.54194256634791,21.660607880444886,17.980152159929276,1.4544604301452635,32.54757537841797,-30.27266082763672,53.24176073074341,Late adaptation,80,46,Late adaptation mean
48,22.555828459669527,26.22085216342856,3.7846540137342153,14.942086649790438,30.169570269548615,19.23172960281372,8.87949371337891,34.30235500335693,-30.01072311401368,147.58065071105958,Late adaptation,85,48,Late adaptation mean
46,18.557972720783688,18.232947530819025,2.6883014504135585,13.143455659172446,23.97248978239493,17.16636352539063,6.426421737670899,26.342240169644356,-19.366972351074217,76.70816872715949,Late adaptation,90,46,Late adaptation mean
49,15.27289024698643,28.948524652467917,4.135503521781131,6.957903125815868,23.58787736815699,10.32991371154785,3.263709449768065,26.250274658203125,-31.74099998474121,156.3905090942979,Late adaptation,95,49,Late adaptation mean
48,15.262845617963466,24.785572561413247,3.577489247587735,8.065865561158603,22.45982567476833,16.943542480468757,2.5451423883438093,24.043478202819827,-42.63633880615235,144.2484893798828,Late adaptation,100,48,Late adaptation mean
49,16.4365763503678,25.642879581368668,3.6632685116240955,9.071081354386006,23.802071346349596,12.90488586425781,4.9092727661132844,23.55594711303711,-21.426975631713866,156.27158813476564,Late adaptation,105,49,Late adaptation mean
48,14.748266404370469,24.27018855421314,3.5030999737644826,7.70093826350278,21.795594545238156,14.597502040863038,4.6672416687011715,21.261684465408326,-29.485080003738403,145.57626571655274,Late adaptation,110,48,Late adaptation mean
49,10.087045698749776,27.573897362838643,3.939128194691235,2.166897635765987,18.007193761733564,6.501153564453119,-0.6425300598144537,18.345634460449222,-83.9405927658081,149.2871871948242,Late adaptation,115,49,Late adaptation mean
48,14.570824900642037,26.492687930982104,3.823890127127317,6.87815021184875,22.263499589435327,13.223582229018216,6.2128031253814635,21.631392526626588,-44.76810073852539,156.22413597106933,Late adaptation,120,48,Late adaptation mean
49,6.338230535828945,28.57172902468093,4.081675574954419,-1.8685282445202809,14.544989316178171,3.006770515441894,-3.8573448181152417,15.874029159545897,-82.89096164703369,139.91265869140625,Late adaptation,125,49,Late adaptation mean
48,6.313610193754236,26.66498270036524,3.8487587349981465,-1.4290936810128567,14.05631406852133,-1.055142402648928,-7.3981974363327,14.550564861297607,-33.382560348510744,153.89329147338867,Late adaptation,130,48,Late adaptation mean
48,1.5337251209964353,18.026380490454457,2.6018839071696247,-3.700590147078195,6.768040389071066,2.120738124847412,-8.937778544425967,11.708657109737397,-75.5190669298172,57.45098533630371,Late adaptation,135,48,Late adaptation mean
49,1.6475620795269408,14.37046425289591,2.0529234646994157,-2.480117193340067,5.775241352393948,2.0644275665283205,-8.170251464843755,7.480430603027344,-32.961717224121095,43.761801147460936,Late adaptation,140,49,Late adaptation mean
48,-0.7193595483899108,13.760704360185953,1.9861865916480543,-4.71505158263514,3.276332485855318,0.19712638854980902,-7.862558221817018,4.1480938911438,-31.63741569519043,41.79640507698059,Late adaptation,145,48,Late adaptation mean
49,0.03945439889722942,15.317476268260666,2.1882108954658093,-4.360238484538372,4.43914728233283,0.4445709228515567,-11.76309814453125,10.66554946899414,-27.49251708984375,34.892354965209954,Late adaptation,150,49,Late adaptation mean
48,-2.044494443107397,21.512628400765216,3.1050804495395465,-8.291110581836335,4.202121695621541,-1.0335952281951906,-7.568987798690797,9.136556495353577,-117.00888900756836,35.330646276474,Late adaptation,155,48,Late adaptation mean
49,-2.0211327530291627,15.471068333458396,2.210152619065485,-6.464942428576455,2.42267692251813,-3.48161315917969,-11.905005073547365,8.165474319458006,-28.34917945861817,36.47678645551205,Late adaptation,160,49,Late adaptation mean
48,-3.3084780186259493,15.619944501452725,2.2545447906601863,-7.844037114015439,1.227081076763541,-6.655474567413328,-10.520026016235349,4.673328399658202,-48.33599681854248,43.89575424194337,Late adaptation,165,48,Late adaptation mean
49,-0.0776989221572883,14.20915080517068,2.029878686452954,-4.159043562900218,4.003645718585641,0.4479507446289032,-9.04158706665039,6.292266845703128,-37.79997863769532,35.05112533569336,Late adaptation,170,49,Late adaptation mean
