ppid,bias_direction,window,value
114463583799,Near-zero,Early clamp,-3.6567417144775396
114463583799,Near-zero,Early washout,-2.7120559692382806
114463583799,Near-zero,Late clamp,-10.637816238403321
114463583799,Near-zero,No-feedback baseline,-2.754159927368165
114463583799,Incorrect,Early clamp,-13.184069824218744
114463583799,Incorrect,Early washout,-3.4426025390625
114463583799,Incorrect,Late clamp,-12.634178161621094
114463583799,Incorrect,No-feedback baseline,-9.321920776367188
114463583799,Correct,Early clamp,0.573226928710939
114463583799,Correct,Early washout,1.6241641998291036
114463583799,Correct,Late clamp,2.2684108734130866
114463583799,Correct,No-feedback baseline,5.006105422973635
132102677831,Near-zero,Early clamp,-4.2748107910156365
132102677831,Near-zero,Early washout,1.1486999511718694
132102677831,Near-zero,Late clamp,0.44457092285155675
132102677831,Near-zero,No-feedback baseline,-2.9911315917968855
132102677831,Incorrect,Early clamp,0.574954223632811
132102677831,Incorrect,Early washout,11.37508850097656
132102677831,Incorrect,Late clamp,5.332966995239259
132102677831,Incorrect,No-feedback baseline,-10.397933197021484
132102677831,Correct,Early clamp,1.2893095016479539
132102677831,Correct,Early washout,-1.1076972961425777
132102677831,Correct,Late clamp,-1.5354118347167969
132102677831,Correct,No-feedback baseline,7.0208602905273505
16847613267,Incorrect,Early clamp,1.7048420429229736
16847613267,Incorrect,Early washout,0.9925197601318384
16847613267,Incorrect,Late clamp,6.209618139266968
16847613267,Incorrect,No-feedback baseline,-3.866441345214844
16847613267,Correct,Early clamp,3.0646022796630845
16847613267,Correct,Early washout,7.785556793212892
16847613267,Correct,Late clamp,9.964087867736819
16847613267,Correct,No-feedback baseline,4.047734832763676
1721418462,Near-zero,Early clamp,1.1771781921386733
1721418462,Near-zero,Early washout,5.713795471191405
1721418462,Near-zero,Late clamp,13.607276916503912
1721418462,Near-zero,No-feedback baseline,2.6650062561035157
1721418462,Incorrect,Early clamp,25.46881561279297
1721418462,Incorrect,Early washout,3.018317031860351
1721418462,Incorrect,Late clamp,1.351275253295898
1721418462,Incorrect,No-feedback baseline,-6.386634826660157
1721418462,Correct,Early clamp,-1.96905517578125
1721418462,Correct,Early washout,-11.037383270263666
1721418462,Correct,Late clamp,3.699189758300787
1721418462,Correct,No-feedback baseline,4.0462158203125
183824516134,Incorrect,Early clamp,-14.892033767700195
183824516134,Incorrect,Early washout,0.580205154418946
183824516134,Incorrect,Late clamp,-15.073628807067871
183824516134,Incorrect,No-feedback baseline,-17.21971778869629
183824516134,Correct,Early clamp,11.534667968749995
183824516134,Correct,Early washout,11.988888263702394
183824516134,Correct,Late clamp,11.540066242218014
183824516134,Correct,No-feedback baseline,10.745895957946775
199718243908,Near-zero,Early clamp,-2.508267593383795
199718243908,Near-zero,Early washout,3.6933250427246067
199718243908,Near-zero,Late clamp,7.549442672729491
199718243908,Near-zero,No-feedback baseline,0.545223236083985
199718243908,Incorrect,Early clamp,2.6754604339599597
199718243908,Incorrect,Early washout,-0.6404407501220785
199718243908,Incorrect,Late clamp,-0.04075946807861219
199718243908,Incorrect,No-feedback baseline,-6.09269151687622
211914503015,Near-zero,Early clamp,2.7247823715209987
211914503015,Near-zero,Early washout,-2.627723693847656
211914503015,Near-zero,Late clamp,-4.140080833435057
211914503015,Near-zero,No-feedback baseline,-0.9179691314697205
211914503015,Incorrect,Early clamp,0.7848510742187513
211914503015,Incorrect,Early washout,-4.228668975830078
211914503015,Incorrect,Late clamp,-9.473727416992187
211914503015,Incorrect,No-feedback baseline,-8.250259399414062
211914503015,Correct,Early clamp,2.5769668579101563
211914503015,Correct,Early washout,6.184097290039062
211914503015,Correct,Late clamp,15.955512237548835
211914503015,Correct,No-feedback baseline,14.06842651367187
214060187805,Near-zero,Early clamp,0.4640228271484318
214060187805,Near-zero,Early washout,-3.991732788085943
214060187805,Near-zero,Late clamp,-6.681446838378915
214060187805,Near-zero,No-feedback baseline,-1.094476318359375
214060187805,Incorrect,Early clamp,-5.2406688690185526
214060187805,Incorrect,Early washout,-0.9428583145141565
214060187805,Incorrect,Late clamp,-8.52059202194214
214060187805,Incorrect,No-feedback baseline,-6.493137868245441
230769543210,Near-zero,Early clamp,0.8930080413818355
230769543210,Near-zero,Early washout,0.8061056137084932
230769543210,Near-zero,Late clamp,4.727671861648559
230769543210,Near-zero,No-feedback baseline,0.4232791900634769
230769543210,Incorrect,Early clamp,0.3713050842285142
230769543210,Incorrect,Early washout,3.0963836669921876
230769543210,Incorrect,Late clamp,4.1637321472167965
230769543210,Incorrect,No-feedback baseline,-11.75965313911438
230769543210,Correct,Early clamp,-5.41925048828125
230769543210,Correct,Early washout,0.3587066650390568
230769543210,Correct,Late clamp,9.12788848876953
230769543210,Correct,No-feedback baseline,8.531529235839836
247101632412,Near-zero,Early clamp,-0.01754131317139542
247101632412,Near-zero,Early washout,-3.1225484848022456
247101632412,Near-zero,Late clamp,-2.4843350410461467
247101632412,Near-zero,No-feedback baseline,0.06132555007934286
247101632412,Incorrect,Early clamp,-2.328203964233397
247101632412,Incorrect,Early washout,-6.6294548034668
247101632412,Incorrect,Late clamp,-11.084840393066406
247101632412,Incorrect,No-feedback baseline,-13.205586242675787
248674978269,Near-zero,Early clamp,-1.349629592895507
248674978269,Near-zero,Early washout,1.240665435791015
248674978269,Near-zero,Late clamp,-2.2461929321289054
248674978269,Near-zero,No-feedback baseline,-2.882954025268554
248674978269,Incorrect,Early clamp,-5.975878906249994
248674978269,Incorrect,Early washout,2.6314437866210936
248674978269,Incorrect,Late clamp,14.980298995971676
248674978269,Incorrect,No-feedback baseline,-13.560623168945312
248674978269,Correct,Early clamp,7.885975646972653
248674978269,Correct,Early washout,6.0765838623046875
248674978269,Correct,Late clamp,5.51968193054199
248674978269,Correct,No-feedback baseline,18.347644424438474
252662312705,Near-zero,Early clamp,-3.069601440429682
252662312705,Near-zero,Early washout,-0.2531299591064453
252662312705,Near-zero,Late clamp,-7.388341903686522
252662312705,Near-zero,No-feedback baseline,0.029111099243166814
252662312705,Correct,Early clamp,5.496147918701172
252662312705,Correct,Early washout,2.6127624511718763
252662312705,Correct,Late clamp,4.916220855712892
252662312705,Correct,No-feedback baseline,8.836030578613283
290626679547,Near-zero,Early clamp,0.46515089670817006
290626679547,Near-zero,Early washout,-2.5228601455688495
290626679547,Near-zero,Late clamp,-1.9086254437764496
290626679547,Near-zero,No-feedback baseline,-0.9659445444742844
290626679547,Incorrect,Early clamp,-6.305248260498049
290626679547,Incorrect,Early washout,-8.614830780029298
290626679547,Incorrect,Late clamp,-10.85936279296875
290626679547,Incorrect,No-feedback baseline,-5.801498413085935
290656034369,Incorrect,Early clamp,-22.16053009033203
290656034369,Incorrect,Early washout,-19.113124084472652
290656034369,Incorrect,Late clamp,-14.704577636718764
290656034369,Incorrect,No-feedback baseline,-7.663594055175787
290656034369,Correct,Early clamp,6.03110936482747
290656034369,Correct,Early washout,4.344363911946613
290656034369,Correct,Late clamp,9.021596813201903
290656034369,Correct,No-feedback baseline,14.301786804199216
292629866395,Near-zero,Early clamp,7.838718032836911
292629866395,Near-zero,Early washout,4.761698913574219
292629866395,Near-zero,Late clamp,4.595739936828618
292629866395,Near-zero,No-feedback baseline,1.5809024810791001
292629866395,Incorrect,Early clamp,-4.217204475402827
292629866395,Incorrect,Early washout,-0.6862003326416012
292629866395,Incorrect,Late clamp,-6.031847095489498
292629866395,Incorrect,No-feedback baseline,-5.727832794189454
313978052698,Incorrect,Early clamp,-1.0268024444580075
313978052698,Incorrect,Early washout,-14.214310455322266
313978052698,Incorrect,Late clamp,-20.676113128662106
313978052698,Incorrect,No-feedback baseline,-11.407680892944333
313978052698,Correct,Early clamp,0.5616083145141569
313978052698,Correct,Early washout,3.9708829879760765
313978052698,Correct,Late clamp,16.900101470947266
313978052698,Correct,No-feedback baseline,7.319794750213619
314581190701,Near-zero,Early clamp,4.27246208190918
314581190701,Near-zero,Early washout,1.7609392166137696
314581190701,Near-zero,Late clamp,4.863632011413575
314581190701,Near-zero,No-feedback baseline,0.6746517181396481
314581190701,Incorrect,Early clamp,-5.601690673828124
314581190701,Incorrect,Early washout,-0.5296485900878906
314581190701,Incorrect,Late clamp,-4.234220504760744
314581190701,Incorrect,No-feedback baseline,-5.719399261474619
326031055534,Near-zero,Early clamp,0.5794982910156421
326031055534,Near-zero,Early washout,0.6298614501953096
326031055534,Near-zero,Late clamp,7.666065216064456
326031055534,Near-zero,No-feedback baseline,2.4797149658203126
326031055534,Correct,Early clamp,1.4033917744954445
326031055534,Correct,Early washout,2.017017745971682
326031055534,Correct,Late clamp,9.101191075642905
326031055534,Correct,No-feedback baseline,9.440871238708498
333479267545,Near-zero,Early clamp,-0.8413909912109375
333479267545,Near-zero,Early washout,2.2355804443359317
333479267545,Near-zero,Late clamp,1.1406097412109288
333479267545,Near-zero,No-feedback baseline,2.3708526611328127
333479267545,Incorrect,Early clamp,-6.355896377563473
333479267545,Incorrect,Early washout,-1.2391083717346179
333479267545,Incorrect,Late clamp,-9.51095299720764
333479267545,Incorrect,No-feedback baseline,-14.108464908599853
333479267545,Correct,Early clamp,12.34045867919922
333479267545,Correct,Early washout,12.082315826416016
333479267545,Correct,Late clamp,19.869670867919922
333479267545,Correct,No-feedback baseline,10.787458038330076
33616929547,Incorrect,Early clamp,1.166880035400392
33616929547,Incorrect,Early washout,-5.271018218994151
33616929547,Incorrect,Late clamp,-5.4260269641876215
33616929547,Incorrect,No-feedback baseline,-9.900184631347656
33616929547,Correct,Early clamp,-1.1352001190185532
33616929547,Correct,Early washout,-6.684476566314696
33616929547,Correct,Late clamp,2.430879068374632
33616929547,Correct,No-feedback baseline,5.0609081268310545
340899273753,Near-zero,Early clamp,-2.944848632812506
340899273753,Near-zero,Early washout,-5.872366333007813
340899273753,Near-zero,Late clamp,-19.770046997070317
340899273753,Near-zero,No-feedback baseline,-0.7312225341796873
340899273753,Incorrect,Early clamp,-4.129421997070313
340899273753,Incorrect,Early washout,-0.6703220367431634
340899273753,Incorrect,Late clamp,-11.849873352050782
340899273753,Incorrect,No-feedback baseline,-7.016572189331059
340899273753,Correct,Early clamp,2.360997390747071
340899273753,Correct,Early washout,0.49002532958984374
340899273753,Correct,Late clamp,13.2626501083374
340899273753,Correct,No-feedback baseline,9.631440353393554
347401194740,Incorrect,Early clamp,-1.012832641601559
347401194740,Incorrect,Early washout,-2.921428680419922
347401194740,Incorrect,Late clamp,-16.151959228515626
347401194740,Incorrect,No-feedback baseline,-8.20353012084961
347401194740,Correct,Early clamp,-2.5963081359863334
347401194740,Correct,Early washout,0.3628459930419924
347401194740,Correct,Late clamp,12.837345552444457
347401194740,Correct,No-feedback baseline,7.900157546997069
357323471689,Near-zero,Early clamp,-1.9971618652343721
357323471689,Near-zero,Early washout,-3.1450271606445312
357323471689,Near-zero,Late clamp,-11.68199615478515
357323471689,Near-zero,No-feedback baseline,-2.3934402465820255
357323471689,Incorrect,Early clamp,-3.871697235107419
357323471689,Incorrect,Early washout,-2.271233177185059
357323471689,Incorrect,Late clamp,-15.880848312377926
357323471689,Incorrect,No-feedback baseline,-6.213357448577878
357323471689,Correct,Early clamp,6.57542419433594
357323471689,Correct,Early washout,5.643417358398439
357323471689,Correct,Late clamp,6.2136379241943365
357323471689,Correct,No-feedback baseline,10.269660186767577
366712725954,Incorrect,Early clamp,-1.248895645141603
366712725954,Incorrect,Early washout,-4.445860290527341
366712725954,Incorrect,Late clamp,-3.5486102104187
366712725954,Incorrect,No-feedback baseline,-3.1135274887084963
366712725954,Correct,Early clamp,-12.38215255737305
366712725954,Correct,Early washout,-10.3951052347819
366712725954,Correct,Late clamp,-19.215213648478194
366712725954,Correct,No-feedback baseline,10.093560791015621
381056854035,Near-zero,Early clamp,0.31128921508789376
381056854035,Near-zero,Early washout,0.9048181533813476
381056854035,Near-zero,Late clamp,-0.2939416408538845
381056854035,Near-zero,No-feedback baseline,1.3986959457397483
381056854035,Incorrect,Early clamp,-0.08569374084472603
381056854035,Incorrect,Early washout,-0.7624725341796875
381056854035,Incorrect,Late clamp,5.579163983464242
381056854035,Incorrect,No-feedback baseline,-5.523821258544916
395056795561,Near-zero,Early clamp,1.5966339111328183
395056795561,Near-zero,Early washout,0.4852905273437614
395056795561,Near-zero,Late clamp,5.015510559082034
395056795561,Near-zero,No-feedback baseline,1.9621978759765626
395056795561,Incorrect,Early clamp,-2.0979400634765626
395056795561,Incorrect,Early washout,-4.113104248046875
395056795561,Incorrect,Late clamp,-11.191435241699219
395056795561,Incorrect,No-feedback baseline,-10.616195678710938
395056795561,Correct,Early clamp,2.259983634948732
395056795561,Correct,Early washout,1.370702552795413
395056795561,Correct,Late clamp,7.940669965744019
395056795561,Correct,No-feedback baseline,4.460129356384276
399793741991,Incorrect,Early clamp,-6.2737579981486045
399793741991,Incorrect,Early washout,-7.297949028015137
399793741991,Incorrect,Late clamp,-17.72884620030721
399793741991,Incorrect,No-feedback baseline,-7.221501477559409
399793741991,Correct,Early clamp,0.9021850585937443
399793741991,Correct,Early washout,2.131100463867193
399793741991,Correct,Late clamp,2.0224266052246094
399793741991,Correct,No-feedback baseline,3.888787841796875
408276378177,Incorrect,Early clamp,-7.456051063537599
408276378177,Incorrect,Early washout,-2.1185774803161608
408276378177,Incorrect,Late clamp,7.41900541782379
408276378177,Incorrect,No-feedback baseline,-12.426938390731811
409510251833,Incorrect,Early clamp,-14.011853218078613
409510251833,Incorrect,Early washout,23.2895833492279
409510251833,Incorrect,Late clamp,37.54551697596908
409510251833,Incorrect,No-feedback baseline,-14.055937242507932
418817504309,Incorrect,Early clamp,14.318831062316892
418817504309,Incorrect,Early washout,-3.146609210968019
418817504309,Incorrect,Late clamp,-15.02481243759394
418817504309,Incorrect,No-feedback baseline,-13.255109453201294
427979396888,Near-zero,Early clamp,19.54839210510254
427979396888,Near-zero,Early washout,1.6471687316894539
427979396888,Near-zero,Late clamp,1.0338850922882554
427979396888,Near-zero,No-feedback baseline,2.103223419189453
427979396888,Incorrect,Early clamp,-8.457692972819007
427979396888,Incorrect,Early washout,-0.35239334106445397
427979396888,Incorrect,Late clamp,0.5359948078791286
427979396888,Incorrect,No-feedback baseline,-7.776070404052734
439513294491,Correct,Early clamp,2.602180099487304
439513294491,Correct,Early washout,5.554306030273438
439513294491,Correct,Late clamp,12.007177352905275
439513294491,Correct,No-feedback baseline,36.14770660400391
450251729693,Incorrect,Early clamp,-1.6816376686096217
450251729693,Incorrect,Early washout,0.126610851287839
450251729693,Incorrect,Late clamp,1.85928575992584
450251729693,Incorrect,No-feedback baseline,-12.73306212425232
451075873570,Near-zero,Early clamp,0.9166193644205741
451075873570,Near-zero,Early washout,-0.3379544576009141
451075873570,Near-zero,Late clamp,-3.405528767903648
451075873570,Near-zero,No-feedback baseline,0.009006563822427083
451075873570,Correct,Early clamp,-8.906277465820315
451075873570,Correct,Early washout,4.456564331054679
451075873570,Correct,Late clamp,3.150503540039061
451075873570,Correct,No-feedback baseline,10.038038635253903
460031946655,Correct,Early clamp,12.820137834548953
460031946655,Correct,Early washout,5.875763607025147
460031946655,Correct,Late clamp,5.049593353271487
460031946655,Correct,No-feedback baseline,14.468441224098205
477302741259,Near-zero,Early clamp,5.8373260498046875
477302741259,Near-zero,Early washout,3.2088226318359263
477302741259,Near-zero,Late clamp,2.246665191650385
477302741259,Near-zero,No-feedback baseline,-1.1575408935546996
477302741259,Incorrect,Early clamp,-5.567687988281253
477302741259,Incorrect,Early washout,-4.168153381347662
477302741259,Incorrect,Late clamp,-11.023748016357427
477302741259,Incorrect,No-feedback baseline,-3.843988037109381
477302741259,Correct,Early clamp,4.913671875
477302741259,Correct,Early washout,9.112020111083982
477302741259,Correct,Late clamp,10.238074684143067
477302741259,Correct,No-feedback baseline,12.685885620117187
478219331707,Near-zero,Early clamp,0.02065200805664045
478219331707,Near-zero,Early washout,-1.815920639038086
478219331707,Near-zero,Late clamp,-5.976028251647951
478219331707,Near-zero,No-feedback baseline,-1.5927333831787112
478219331707,Incorrect,Early clamp,-5.086480712890619
478219331707,Incorrect,Early washout,-5.661077880859375
478219331707,Incorrect,Late clamp,-14.449325561523434
478219331707,Incorrect,No-feedback baseline,-26.777464276552195
478219331707,Correct,Early clamp,1.116514205932615
478219331707,Correct,Early washout,1.813570785522461
478219331707,Correct,Late clamp,3.717743301391603
478219331707,Correct,No-feedback baseline,6.452002716064456
479406978469,Near-zero,Early clamp,-2.258471107482909
479406978469,Near-zero,Early washout,-1.8314758300781264
479406978469,Near-zero,Late clamp,-5.615083312988279
479406978469,Near-zero,No-feedback baseline,-0.16359710693359591
479406978469,Incorrect,Early clamp,4.800245666503907
479406978469,Incorrect,Early washout,-2.2136173248291007
479406978469,Incorrect,Late clamp,-7.531461620330811
479406978469,Incorrect,No-feedback baseline,-3.751485061645508
479406978469,Correct,Early clamp,-16.843505859374993
479406978469,Correct,Early washout,3.5614410400390684
479406978469,Correct,Late clamp,5.163955688476571
479406978469,Correct,No-feedback baseline,8.217642211914063
482947064097,Near-zero,Early clamp,0.2319618225097657
482947064097,Near-zero,Early washout,1.5714316050211594
482947064097,Near-zero,Late clamp,0.8052909215291344
482947064097,Near-zero,No-feedback baseline,-0.6985650380452458
482947064097,Correct,Early clamp,5.63254699707031
482947064097,Correct,Early washout,2.192249298095702
482947064097,Correct,Late clamp,2.465090179443358
482947064097,Correct,No-feedback baseline,6.7419181823730465
488179284147,Incorrect,Early clamp,-13.781283569335937
488179284147,Incorrect,Early washout,-4.945536804199219
488179284147,Incorrect,Late clamp,-25.006351470947266
488179284147,Incorrect,No-feedback baseline,-9.055303955078125
488179284147,Correct,Early clamp,-2.1544476826985677
488179284147,Correct,Early washout,-0.6010044097900364
488179284147,Correct,Late clamp,-14.434753290812173
488179284147,Correct,No-feedback baseline,8.355555661519372
491837100125,Incorrect,Early clamp,-8.940809631347658
491837100125,Incorrect,Early washout,-3.1676086425781307
491837100125,Incorrect,Late clamp,-7.083491516113286
491837100125,Incorrect,No-feedback baseline,-3.8009094238281307
491837100125,Correct,Early clamp,7.103750356038413
491837100125,Correct,Early washout,0.6356331507364911
491837100125,Correct,Late clamp,6.124181938171387
491837100125,Correct,No-feedback baseline,9.884302775065098
529569773934,Incorrect,Early clamp,-1.319433021545406
529569773934,Incorrect,Early washout,3.1332616806030282
529569773934,Incorrect,Late clamp,10.879238420724871
529569773934,Incorrect,No-feedback baseline,-14.937120342254639
530454018851,Incorrect,Early clamp,-5.034413814544678
530454018851,Incorrect,Early washout,3.4483308792114293
530454018851,Incorrect,Late clamp,1.8614451408386266
530454018851,Incorrect,No-feedback baseline,-6.510751819610599
530454018851,Correct,Early clamp,0.7280342102050781
530454018851,Correct,Early washout,5.829124069213863
530454018851,Correct,Late clamp,4.381499099731445
530454018851,Correct,No-feedback baseline,6.699468994140625
535793054616,Near-zero,Early clamp,3.18043212890625
535793054616,Near-zero,Early washout,4.399397277832042
535793054616,Near-zero,Late clamp,12.743338775634768
535793054616,Near-zero,No-feedback baseline,-2.3345382690429775
535793054616,Incorrect,Early clamp,-8.071905326843261
535793054616,Incorrect,Early washout,-2.807916259765622
535793054616,Incorrect,Late clamp,-10.857884979248045
535793054616,Incorrect,No-feedback baseline,-5.8992164611816404
535793054616,Correct,Early clamp,-0.5698173522949233
535793054616,Correct,Early washout,5.045282363891602
535793054616,Correct,Late clamp,-2.3543682098388663
535793054616,Correct,No-feedback baseline,6.669456481933594
549661439377,Incorrect,Early clamp,-10.604284143447876
549661439377,Incorrect,Early washout,-7.680860900878907
549661439377,Incorrect,Late clamp,-23.88928298950195
549661439377,Incorrect,No-feedback baseline,-6.7554176330566404
549661439377,Correct,Early clamp,5.892949485778809
549661439377,Correct,Early washout,3.051321411132814
549661439377,Correct,Late clamp,6.96530833244324
549661439377,Correct,No-feedback baseline,5.975655460357665
554783556843,Near-zero,Early clamp,17.30456085205078
554783556843,Near-zero,Early washout,-2.676344108581548
554783556843,Near-zero,Late clamp,-4.156805634498598
554783556843,Near-zero,No-feedback baseline,-0.05174522399903205
554783556843,Incorrect,Early clamp,9.630126571655271
554783556843,Incorrect,Early washout,-2.6223609924316427
554783556843,Incorrect,Late clamp,-11.554037284851075
554783556843,Incorrect,No-feedback baseline,-11.40839767456055
587319151731,Near-zero,Early clamp,5.120845794677736
587319151731,Near-zero,Early washout,1.098748779296875
587319151731,Near-zero,Late clamp,5.596507263183594
587319151731,Near-zero,No-feedback baseline,-1.407795715332031
587319151731,Incorrect,Early clamp,-6.727217483520509
587319151731,Incorrect,Early washout,-1.4992328643798831
587319151731,Incorrect,Late clamp,-13.893687152862544
587319151731,Incorrect,No-feedback baseline,-7.998381614685059
587319151731,Correct,Early clamp,5.124571228027344
587319151731,Correct,Early washout,-0.8369552612304659
587319151731,Correct,Late clamp,1.2782119750976604
587319151731,Correct,No-feedback baseline,9.662774658203125
589106590719,Incorrect,Early clamp,-10.242941284179683
589106590719,Incorrect,Early washout,-4.780870819091797
589106590719,Incorrect,Late clamp,-17.52654838562011
589106590719,Incorrect,No-feedback baseline,-11.087476348876951
589106590719,Correct,Early clamp,1.9563426971435487
589106590719,Correct,Early washout,-1.5773084640502932
589106590719,Correct,Late clamp,0.9784126281738281
589106590719,Correct,No-feedback baseline,5.311183452606201
594008709769,Near-zero,Early clamp,2.9900657653808578
594008709769,Near-zero,Early washout,-1.6539115905761748
594008709769,Near-zero,Late clamp,-5.102901458740235
594008709769,Near-zero,No-feedback baseline,-2.2986587524414075
594008709769,Incorrect,Early clamp,-6.080049133300787
594008709769,Incorrect,Early washout,4.364231872558577
594008709769,Incorrect,Late clamp,5.912605285644534
594008709769,Incorrect,No-feedback baseline,-4.835847473144526
594008709769,Correct,Early clamp,-0.7358654022216817
594008709769,Correct,Early washout,4.993903732299805
594008709769,Correct,Late clamp,7.523501777648924
594008709769,Correct,No-feedback baseline,5.717646980285645
606417353264,Correct,Early clamp,-2.5541107177734377
606417353264,Correct,Early washout,14.025007629394532
606417353264,Correct,Late clamp,57.45098533630371
606417353264,Correct,No-feedback baseline,11.700477600097656
611182001186,Near-zero,Early clamp,-6.458665466308588
611182001186,Near-zero,Early washout,-2.723896789550784
611182001186,Near-zero,Late clamp,-9.12608947753906
611182001186,Near-zero,No-feedback baseline,-2.4839080810546785
611182001186,Incorrect,Early clamp,-1.26738166809082
611182001186,Incorrect,Early washout,-1.5786224365234376
611182001186,Incorrect,Late clamp,-3.9281639099121115
611182001186,Incorrect,No-feedback baseline,-5.188983154296875
611182001186,Correct,Early clamp,1.143603134155275
611182001186,Correct,Early washout,-0.3335712432861321
611182001186,Correct,Late clamp,-13.189954566955567
611182001186,Correct,No-feedback baseline,5.757532119750977
6196976173,Near-zero,Early clamp,-0.8478633880615289
6196976173,Near-zero,Early washout,-0.8058277130126961
6196976173,Near-zero,Late clamp,-0.2777902603149414
6196976173,Near-zero,No-feedback baseline,2.6238468170165987
6196976173,Incorrect,Early clamp,-7.334536743164077
6196976173,Incorrect,Early washout,-10.114273071289062
6196976173,Incorrect,Late clamp,-24.007816314697266
6196976173,Incorrect,No-feedback baseline,-13.205593872070315
6196976173,Correct,Early clamp,2.2610359191894522
6196976173,Correct,Early washout,-1.5762016296386712
6196976173,Correct,Late clamp,-8.795093441009522
6196976173,Correct,No-feedback baseline,4.407505798339844
627511081285,Near-zero,Early clamp,4.122006479899089
627511081285,Near-zero,Early washout,-2.4906372070312504
627511081285,Near-zero,Late clamp,-0.24936536153157762
627511081285,Near-zero,No-feedback baseline,0.11811002095540601
627511081285,Correct,Early clamp,4.257263183593745
627511081285,Correct,Early washout,10.25394287109375
627511081285,Correct,Late clamp,27.764138793945307
627511081285,Correct,No-feedback baseline,3.9073425292968635
631329533178,Near-zero,Early clamp,2.778071308135986
631329533178,Near-zero,Early washout,4.247069263458255
631329533178,Near-zero,Late clamp,5.553685307502748
631329533178,Near-zero,No-feedback baseline,0.8723690032958988
631329533178,Correct,Early clamp,8.736252403259277
631329533178,Correct,Early washout,0.686185455322267
631329533178,Correct,Late clamp,-8.48942012786865
631329533178,Correct,No-feedback baseline,16.630588912963866
644298611907,Near-zero,Early clamp,6.356037139892576
644298611907,Near-zero,Early washout,9.239119720458984
644298611907,Near-zero,Late clamp,14.215511131286622
644298611907,Near-zero,No-feedback baseline,-0.6556026458740198
644298611907,Correct,Early clamp,7.560588645935058
644298611907,Correct,Early washout,4.320401191711431
644298611907,Correct,Late clamp,8.60367655158043
644298611907,Correct,No-feedback baseline,12.990930557250982
65927738090,Near-zero,Early clamp,-18.876805877685545
65927738090,Near-zero,Early washout,1.3338668823242188
65927738090,Near-zero,Late clamp,8.25124626159668
65927738090,Near-zero,No-feedback baseline,-2.067980194091797
65927738090,Incorrect,Early clamp,-5.9253875732421815
65927738090,Incorrect,Early washout,3.163540649414068
65927738090,Incorrect,Late clamp,-3.497411346435544
65927738090,Incorrect,No-feedback baseline,-3.522253417968744
65927738090,Correct,Early clamp,7.753693580627444
65927738090,Correct,Early washout,5.8867977142334045
65927738090,Correct,Late clamp,17.244543862342834
65927738090,Correct,No-feedback baseline,5.66416645050049
660482772393,Near-zero,Early clamp,-2.968024444580075
660482772393,Near-zero,Early washout,-0.8049285888671877
660482772393,Near-zero,Late clamp,-9.457407760620116
660482772393,Near-zero,No-feedback baseline,-0.07236480712890625
660482772393,Incorrect,Early clamp,-6.280631256103517
660482772393,Incorrect,Early washout,-2.76558494567871
660482772393,Incorrect,Late clamp,-11.905005073547363
660482772393,Incorrect,No-feedback baseline,-3.1917449951171877
660482772393,Correct,Early clamp,5.5337875366211104
660482772393,Correct,Early washout,-2.660629272460929
660482772393,Correct,Late clamp,0.48586120605470323
660482772393,Correct,No-feedback baseline,9.776112365722659
688420796301,Incorrect,Early clamp,-7.08423409461975
688420796301,Incorrect,Early washout,-5.574273681640629
688420796301,Incorrect,Late clamp,-15.601634716987613
688420796301,Incorrect,No-feedback baseline,-10.574179744720462
689640711294,Correct,Early clamp,3.9256328582763684
689640711294,Correct,Early washout,8.777207946777343
689640711294,Correct,Late clamp,15.970100140571597
689640711294,Correct,No-feedback baseline,11.118446731567385
713283016113,Correct,Early clamp,1.2080138206481925
713283016113,Correct,Early washout,2.2568829536438013
713283016113,Correct,Late clamp,13.614288496971131
713283016113,Correct,No-feedback baseline,14.533954238891605
730041648726,Near-zero,Early clamp,5.032226562500002
730041648726,Near-zero,Early washout,-2.9986846923828123
730041648726,Near-zero,Late clamp,-5.618967437744141
730041648726,Near-zero,No-feedback baseline,-2.1866851806640626
730041648726,Correct,Early clamp,6.89241994222005
730041648726,Correct,Early washout,5.745759137471522
730041648726,Correct,Late clamp,9.784932359059653
730041648726,Correct,No-feedback baseline,12.341584014892579
747798201628,Incorrect,Early clamp,2.7330032348632898
747798201628,Incorrect,Early washout,2.6985122680664126
747798201628,Incorrect,Late clamp,-1.7536832809448264
747798201628,Incorrect,No-feedback baseline,-7.010392761230472
747798201628,Correct,Early clamp,0.9213851928710932
747798201628,Correct,Early washout,-1.9354058265686014
747798201628,Correct,Late clamp,-6.098665523529049
747798201628,Correct,No-feedback baseline,11.40099153518677
749603402102,Near-zero,Early clamp,-1.7614972432454397
749603402102,Near-zero,Early washout,3.153334554036461
749603402102,Near-zero,Late clamp,4.670683034261071
749603402102,Near-zero,No-feedback baseline,1.9924341837565123
749603402102,Incorrect,Early clamp,6.543462753295898
749603402102,Incorrect,Early washout,-4.042854499816895
749603402102,Incorrect,Late clamp,-16.815861892700195
749603402102,Incorrect,No-feedback baseline,-13.83441390991211
749614232918,Near-zero,Early clamp,2.3713134765625
749614232918,Near-zero,Early washout,-12.926876831054694
749614232918,Near-zero,Late clamp,-3.48161315917969
749614232918,Near-zero,No-feedback baseline,0.8715545654296817
749614232918,Incorrect,Early clamp,3.0051254272461057
749614232918,Incorrect,Early washout,-1.916970825195301
749614232918,Incorrect,Late clamp,-0.23836135864257463
749614232918,Incorrect,No-feedback baseline,-5.566975402832031
749614232918,Correct,Early clamp,1.9207870483398437
749614232918,Correct,Early washout,3.429992198944092
749614232918,Correct,Late clamp,-0.4864763259887691
749614232918,Correct,No-feedback baseline,6.241074562072755
75201456900,Near-zero,Early clamp,2.224782435099284
75201456900,Near-zero,Early washout,2.655507151285807
75201456900,Near-zero,Late clamp,-11.623027032613752
75201456900,Near-zero,No-feedback baseline,0.8953144073486332
75201456900,Correct,Early clamp,2.121963500976565
75201456900,Correct,Early washout,28.240316772460933
75201456900,Correct,Late clamp,24.75984268188477
75201456900,Correct,No-feedback baseline,7.409684753417983
753638975787,Near-zero,Early clamp,-0.7653244018554674
753638975787,Near-zero,Early washout,-5.465836334228517
753638975787,Near-zero,Late clamp,-9.47149543762207
753638975787,Near-zero,No-feedback baseline,1.0508003234863281
753638975787,Incorrect,Early clamp,-3.6494098663330066
753638975787,Incorrect,Early washout,-9.670216846466065
753638975787,Incorrect,Late clamp,-9.786091637611392
753638975787,Incorrect,No-feedback baseline,-3.381265258789064
753638975787,Correct,Early clamp,6.449432373046875
753638975787,Correct,Early washout,-4.3027008056640685
753638975787,Correct,Late clamp,-6.831681823730472
753638975787,Correct,No-feedback baseline,5.775906372070301
759023618418,Near-zero,Early clamp,5.435304260253906
759023618418,Near-zero,Early washout,3.5039131164550783
759023618418,Near-zero,Late clamp,5.61727828979492
759023618418,Near-zero,No-feedback baseline,-1.0251632690429688
759023618418,Incorrect,Early clamp,-9.607495880126956
759023618418,Incorrect,Early washout,-0.7885599136352578
759023618418,Incorrect,Late clamp,-1.3634485960006706
759023618418,Incorrect,No-feedback baseline,-7.063661861419678
759023618418,Correct,Early clamp,1.351998901367176
759023618418,Correct,Early washout,1.691500854492182
759023618418,Correct,Late clamp,-11.536604309082037
759023618418,Correct,No-feedback baseline,8.935360717773431
78828420490,Near-zero,Early clamp,-12.257294845581054
78828420490,Near-zero,Early washout,0.38568229675292864
78828420490,Near-zero,Late clamp,-14.067004585266114
78828420490,Near-zero,No-feedback baseline,-1.9242252349853513
78828420490,Incorrect,Early clamp,-13.320694224039716
78828420490,Incorrect,Early washout,-5.971286265055342
78828420490,Incorrect,Late clamp,-13.716056601206464
78828420490,Incorrect,No-feedback baseline,-12.4017926534017
794821160379,Near-zero,Early clamp,19.865766525268544
794821160379,Near-zero,Early washout,3.6999664306640625
794821160379,Near-zero,Late clamp,6.546505737304685
794821160379,Near-zero,No-feedback baseline,2.189080810546875
794821160379,Incorrect,Early clamp,-7.1857646942138675
794821160379,Incorrect,Early washout,-0.45207786560057917
794821160379,Incorrect,Late clamp,-7.263608574867251
794821160379,Incorrect,No-feedback baseline,-9.056214332580566
794821160379,Correct,Early clamp,9.012228393554688
794821160379,Correct,Early washout,-5.3715660095214846
794821160379,Correct,Late clamp,3.6323638916015626
794821160379,Correct,No-feedback baseline,7.516958618164063
801419172901,Near-zero,Early clamp,-0.6150276184082017
801419172901,Near-zero,Early washout,0.5111040751139345
801419172901,Near-zero,Late clamp,1.7291840871175084
801419172901,Near-zero,No-feedback baseline,-0.925220743815105
801419172901,Correct,Early clamp,1.7304050445556656
801419172901,Correct,Early washout,-0.39287757873535084
801419172901,Correct,Late clamp,-4.564534187316894
801419172901,Correct,No-feedback baseline,4.262258911132813
801640937104,Incorrect,Early clamp,-1.0423970222473131
801640937104,Incorrect,Early washout,-4.6932042121887205
801640937104,Incorrect,Late clamp,-18.11027262210846
801640937104,Incorrect,No-feedback baseline,-12.779778146743777
804923957446,Incorrect,Early clamp,-2.2475140889485674
804923957446,Incorrect,Early washout,-5.622991498311358
804923957446,Incorrect,Late clamp,5.751520722111066
804923957446,Incorrect,No-feedback baseline,-14.271075439453124
804923957446,Correct,Early clamp,6.207748413085946
804923957446,Correct,Early washout,-53.058795642852786
804923957446,Correct,Late clamp,-10.723719787597657
804923957446,Correct,No-feedback baseline,16.954676818847656
810153302503,Near-zero,Early clamp,2.6268600463867076
810153302503,Near-zero,Early washout,7.038491821289066
810153302503,Near-zero,Late clamp,10.613893890380854
810153302503,Near-zero,No-feedback baseline,1.8502136230468722
810153302503,Incorrect,Early clamp,0.2911163330078068
810153302503,Incorrect,Early washout,-0.8014831542968809
810153302503,Incorrect,Late clamp,-0.9732879638671903
810153302503,Incorrect,No-feedback baseline,-7.312734985351563
810153302503,Correct,Early clamp,6.9241512298584
810153302503,Correct,Early washout,10.365921401977541
810153302503,Correct,Late clamp,3.8768241882324226
810153302503,Correct,No-feedback baseline,8.7305757522583
821109032956,Near-zero,Early clamp,-13.73321533203125
821109032956,Near-zero,Early washout,-17.62122192382812
821109032956,Near-zero,Late clamp,-3.848917818069455
821109032956,Near-zero,No-feedback baseline,1.485244750976569
821109032956,Correct,Early clamp,5.435052172342941
821109032956,Correct,Early washout,20.86951402028402
821109032956,Correct,Late clamp,15.227597204844162
821109032956,Correct,No-feedback baseline,20.213647158940635
823657240718,Near-zero,Early clamp,0.9523529052734375
823657240718,Near-zero,Early washout,0.782720947265625
823657240718,Near-zero,Late clamp,-5.889163208007813
823657240718,Near-zero,No-feedback baseline,1.595562744140625
823657240718,Incorrect,Early clamp,-16.285057067871094
823657240718,Incorrect,Early washout,0.023892211914062676
823657240718,Incorrect,Late clamp,-6.346358489990234
823657240718,Incorrect,No-feedback baseline,-6.842974853515625
823657240718,Correct,Early clamp,-8.064212036132808
823657240718,Correct,Early washout,-0.9856575012207045
823657240718,Correct,Late clamp,11.41064500808716
823657240718,Correct,No-feedback baseline,11.842710781097413
825555997667,Near-zero,Early clamp,0.7576672871907554
825555997667,Near-zero,Early washout,1.8095391591389973
825555997667,Near-zero,Late clamp,-0.59771410624186
825555997667,Near-zero,No-feedback baseline,-1.205370585123696
825555997667,Correct,Early clamp,13.447100830078123
825555997667,Correct,Early washout,5.907461547851563
825555997667,Correct,Late clamp,16.35105514526368
825555997667,Correct,No-feedback baseline,3.888041687011716
828356987563,Incorrect,Early clamp,19.395770645141603
828356987563,Incorrect,Early washout,-5.9143115997314455
828356987563,Incorrect,Late clamp,5.984632444381714
828356987563,Incorrect,No-feedback baseline,-18.63342456817627
828356987563,Correct,Early clamp,-1.8465569257736179
828356987563,Correct,Early washout,0.7085906982421919
828356987563,Correct,Late clamp,-0.4687341690063489
828356987563,Correct,No-feedback baseline,14.168270111083984
830764988902,Near-zero,Early clamp,0.6559181213378907
830764988902,Near-zero,Early washout,-2.3740272521972656
830764988902,Near-zero,Late clamp,3.7139472961425795
830764988902,Near-zero,No-feedback baseline,0.22050971984863493
830764988902,Incorrect,Early clamp,3.435976028442383
830764988902,Incorrect,Early washout,-4.80325927734375
830764988902,Incorrect,Late clamp,-12.746261978149416
830764988902,Incorrect,No-feedback baseline,-14.028699493408203
830764988902,Correct,Early clamp,-2.7803680419921846
830764988902,Correct,Early washout,0.8934982299804715
830764988902,Correct,Late clamp,-1.8024833679199233
830764988902,Correct,No-feedback baseline,3.3473449707031278
831461226101,Near-zero,Early clamp,-5.126597595214845
831461226101,Near-zero,Early washout,-1.2152099609375
831461226101,Near-zero,Late clamp,-5.300139999389648
831461226101,Near-zero,No-feedback baseline,1.8159286499023435
831461226101,Incorrect,Early clamp,2.6736585617065423
831461226101,Incorrect,Early washout,-3.7710720062255847
831461226101,Incorrect,Late clamp,-7.272157287597656
831461226101,Incorrect,No-feedback baseline,-3.7283424377441414
831461226101,Correct,Early clamp,-2.990354728698726
831461226101,Correct,Early washout,0.9787124633789119
831461226101,Correct,Late clamp,-0.05173120498656658
831461226101,Correct,No-feedback baseline,9.498062896728516
836667074589,Near-zero,Early clamp,5.837426757812498
836667074589,Near-zero,Early washout,13.048731994628906
836667074589,Near-zero,Late clamp,7.518033599853503
836667074589,Near-zero,No-feedback baseline,-0.4394836425781191
836667074589,Incorrect,Early clamp,-3.8240204811096197
836667074589,Incorrect,Early washout,-6.897527551651004
836667074589,Incorrect,Late clamp,-2.934752130508423
836667074589,Incorrect,No-feedback baseline,-4.235451126098635
836667074589,Correct,Early clamp,-0.34812927246093744
836667074589,Correct,Early washout,-5.774218749999998
836667074589,Correct,Late clamp,4.3586784362792965
836667074589,Correct,No-feedback baseline,7.719385528564452
836677602492,Correct,Early clamp,21.341324377059934
836677602492,Correct,Early washout,20.124349451065065
836677602492,Correct,Late clamp,32.06937588453293
836677602492,Correct,No-feedback baseline,15.17835067510605
842916191322,Near-zero,Early clamp,-2.0695755004882814
842916191322,Near-zero,Early washout,6.439942932128908
842916191322,Near-zero,Late clamp,17.97082443237305
842916191322,Near-zero,No-feedback baseline,2.7287895202636703
842916191322,Incorrect,Early clamp,6.6520263671875
842916191322,Incorrect,Early washout,-0.2755035400390625
842916191322,Incorrect,Late clamp,-1.1457611083984347
842916191322,Incorrect,No-feedback baseline,-7.448925781249988
842916191322,Correct,Early clamp,5.638802146911628
842916191322,Correct,Early washout,2.3289834976196313
842916191322,Correct,Late clamp,4.301126337051391
842916191322,Correct,No-feedback baseline,8.619449043273928
857258294243,Incorrect,Early clamp,-4.972486877441407
857258294243,Incorrect,Early washout,-5.898910140991211
857258294243,Incorrect,Late clamp,-21.369031524658197
857258294243,Incorrect,No-feedback baseline,-12.368162918090817
857258294243,Correct,Early clamp,8.216421604156503
857258294243,Correct,Early washout,3.165194988250728
857258294243,Correct,Late clamp,6.548701786994935
857258294243,Correct,No-feedback baseline,9.408283805847173
863045202801,Incorrect,Early clamp,-15.414663124084475
863045202801,Incorrect,Early washout,-6.600976657867433
863045202801,Incorrect,Late clamp,-7.273479461297396
863045202801,Incorrect,No-feedback baseline,-11.37431740760803
868766423314,Incorrect,Early clamp,-7.255574035644544
868766423314,Incorrect,Early washout,1.0184265136718835
868766423314,Incorrect,Late clamp,-28.34917945861817
868766423314,Incorrect,No-feedback baseline,-21.7984848022461
868766423314,Correct,Early clamp,-9.357597732543946
868766423314,Correct,Early washout,-5.648935699462891
868766423314,Correct,Late clamp,-1.2060374577840203
868766423314,Correct,No-feedback baseline,24.92392349243164
871249367017,Near-zero,Early clamp,5.565679550170899
871249367017,Near-zero,Early washout,0.7583721160888658
871249367017,Near-zero,Late clamp,-4.147296142578126
871249367017,Near-zero,No-feedback baseline,-0.39138202667236366
871249367017,Incorrect,Early clamp,-3.9935699462890626
871249367017,Incorrect,Early washout,-3.3103820800781194
871249367017,Incorrect,Late clamp,-9.017610168457031
871249367017,Incorrect,No-feedback baseline,-4.018975830078125
871249367017,Correct,Early clamp,0.02820053100585933
871249367017,Correct,Early washout,-1.0650909423828139
871249367017,Correct,Late clamp,0.9518095016479474
871249367017,Correct,No-feedback baseline,6.756370544433594
87299142964,Incorrect,Early clamp,-3.221057065327958
87299142964,Incorrect,Early washout,-2.542680104573565
87299142964,Incorrect,Late clamp,-3.800367991129555
87299142964,Incorrect,No-feedback baseline,-8.0103089650472
87299142964,Correct,Early clamp,-0.9912925720214858
87299142964,Correct,Early washout,9.42158660888672
87299142964,Correct,Late clamp,15.86272735595703
87299142964,Correct,No-feedback baseline,9.477658081054685
879490296822,Near-zero,Early clamp,-4.171334838867187
879490296822,Near-zero,Early washout,-4.906773376464844
879490296822,Near-zero,Late clamp,-21.98600616455078
879490296822,Near-zero,No-feedback baseline,-2.1407455444335937
879490296822,Incorrect,Early clamp,-8.982992649078367
879490296822,Incorrect,Early washout,-3.188486623764038
879490296822,Incorrect,Late clamp,-12.821775436401367
879490296822,Incorrect,No-feedback baseline,-4.368027687072751
879490296822,Correct,Early clamp,4.369093322753909
879490296822,Correct,Early washout,7.616081237792974
879490296822,Correct,Late clamp,3.941774749755858
879490296822,Correct,No-feedback baseline,4.643544006347651
89758134912,Incorrect,Early clamp,-16.3900761127472
89758134912,Incorrect,Early washout,-1.3875321388244644
89758134912,Incorrect,Late clamp,-12.81758042573929
89758134912,Incorrect,No-feedback baseline,-17.860580897331243
925397637533,Correct,Early clamp,1.7092945098876953
925397637533,Correct,Early washout,5.282148170471192
925397637533,Correct,Late clamp,29.870674037933348
925397637533,Correct,No-feedback baseline,6.852735614776608
93308798968,Near-zero,Early clamp,3.590777969360353
93308798968,Near-zero,Early washout,3.650479888916016
93308798968,Near-zero,Late clamp,-7.490652275085448
93308798968,Near-zero,No-feedback baseline,0.8167972564697262
93308798968,Incorrect,Early clamp,-3.5301193237304744
93308798968,Incorrect,Early washout,4.403450012207022
93308798968,Incorrect,Late clamp,-11.862178039550782
93308798968,Incorrect,No-feedback baseline,-5.370698547363292
93308798968,Correct,Early clamp,-1.6588771820068353
93308798968,Correct,Early washout,6.905070114135742
93308798968,Correct,Late clamp,19.723318099975586
93308798968,Correct,No-feedback baseline,5.90412673950195
934420693200,Near-zero,Early clamp,0.21531906127929706
934420693200,Near-zero,Early washout,1.8272621154785154
934420693200,Near-zero,Late clamp,3.1407470703125013
934420693200,Near-zero,No-feedback baseline,0.6098571777343762
934420693200,Incorrect,Early clamp,-8.113621520996094
934420693200,Incorrect,Early washout,-2.396386718749997
934420693200,Incorrect,Late clamp,-9.19693908691406
934420693200,Incorrect,No-feedback baseline,-4.753643798828122
934420693200,Correct,Early clamp,-0.6917847633361827
934420693200,Correct,Early washout,3.061413764953613
934420693200,Correct,Late clamp,7.717891788482667
934420693200,Correct,No-feedback baseline,4.14850606918335
942895571934,Incorrect,Early clamp,-5.089776277542116
942895571934,Incorrect,Early washout,-2.49808578491211
942895571934,Incorrect,Late clamp,-8.13826443552971
942895571934,Incorrect,No-feedback baseline,-7.433992528915408
945312269032,Incorrect,Early clamp,1.7517326354980554
945312269032,Incorrect,Early washout,0.06447296142578134
945312269032,Incorrect,Late clamp,-3.9818244934081983
945312269032,Incorrect,No-feedback baseline,-16.36260732412338
945312269032,Correct,Early clamp,-0.39863052368164037
945312269032,Correct,Early washout,-1.8960803985595707
945312269032,Correct,Late clamp,-3.458622145652771
945312269032,Correct,No-feedback baseline,5.769291514158249
952949011931,Near-zero,Early clamp,10.640558242797855
952949011931,Near-zero,Early washout,0.5711559295654304
952949011931,Near-zero,Late clamp,-0.9391276359558107
952949011931,Near-zero,No-feedback baseline,-0.879755783081054
952949011931,Incorrect,Early clamp,-13.765965270996091
952949011931,Incorrect,Early washout,-19.014147949218753
952949011931,Incorrect,Late clamp,-28.659788513183592
952949011931,Incorrect,No-feedback baseline,-13.524220275878907
952949011931,Correct,Early clamp,-5.916880798339845
952949011931,Correct,Early washout,0.3957683563232398
952949011931,Correct,Late clamp,-1.0329963684082082
952949011931,Correct,No-feedback baseline,9.579388046264649
982415887992,Incorrect,Early clamp,-4.527667427062991
982415887992,Incorrect,Early washout,-10.117121505737305
982415887992,Incorrect,Late clamp,-25.362893652915957
982415887992,Incorrect,No-feedback baseline,-11.359174919128417
