ppid,clamp_magnitude,group,value
12978613609,2,1,-2.986073303222656
38639956153,2,1,1.9826934814453154
58796474477,2,1,-2.938703918457031
71419700048,2,1,0.5648437499999999
123183469520,2,1,1.5505386352539063
163796231616,2,1,-1.152758026123047
244418469024,2,1,-0.24375610351562535
263992263004,2,1,-1.855844497680664
266126640839,2,1,-1.4454284667968722
272993694525,2,1,0.5609916687011719
283817955758,2,1,-0.21830825805664061
299489942844,2,1,-14.61950225830078
326018211431,2,1,-0.5285247802734375
353267429629,2,1,-0.1355682373046875
368230630876,2,1,-1.1097717285156221
376660312758,2,1,-1.7197700500488295
385475812479,2,1,0.560296630859375
441084582125,2,1,-4.612818908691407
475080016767,2,1,-1.2277923583984376
478867326164,2,1,3.630006408691409
479103788267,2,1,1.8086593627929688
537187849171,2,1,-1.9034194946289062
542684882646,2,1,0.0525390625
557130941888,2,1,-1.4081283569335965
595595653867,2,1,-3.5906145334243775
608781518181,2,1,-0.7244033813476562
628253346774,2,1,-0.6099609375
641972036799,2,1,1.596370315551758
645686800824,2,1,1.080784606933591
666880505392,2,1,0.1069091796875
666909089777,2,1,-4.42599046230316
668861049227,2,1,1.217138671875
671348925214,2,1,-1.0685104370117187
701099609956,2,1,-5.950030517578126
712406286736,2,1,-1.7919189453125
737828750163,2,1,0.7123380661010753
750626990804,2,1,5.502454376220703
754786406643,2,1,-15.18841552734375
756482156459,2,1,-3.2033843994140625
760820905212,2,1,-0.8621276855468754
761518668150,2,1,-0.44387207031250037
785879140021,2,1,-0.3152606964111328
803522135131,2,1,2.06130256652832
822205019881,2,1,-2.572784423828125
865611255867,2,1,-1.7742847442626952
945346587337,2,1,-2.430854797363284
968425765400,2,1,-0.45831756591797407
996553590521,2,1,0.4855340957641605
12978613609,4,1,-4.509687995910644
38639956153,4,1,-1.3894845783710479
58796474477,4,1,1.0137847900390597
71419700048,4,1,0.117254638671875
123183469520,4,1,-1.8670291900634772
163796231616,4,1,0.631059265136719
244418469024,4,1,-4.587730407714844
263992263004,4,1,-4.599960327148432
266126640839,4,1,0.3931549072265684
272993694525,4,1,-0.695574951171875
283817955758,4,1,0.34834289550781267
299489942844,4,1,7.059835052490234
326018211431,4,1,-1.7525283813476562
353267429629,4,1,-0.8802185058593721
368230630876,4,1,-2.6407257080078126
376660312758,4,1,-2.133206176757807
385475812479,4,1,-2.7875701904296846
441084582125,4,1,-4.561442565917963
475080016767,4,1,-2.070135498046875
478867326164,4,1,-2.32093963623047
479103788267,4,1,-2.0392852783203095
537187849171,4,1,0.2174373626708988
542684882646,4,1,5.393704795837403
557130941888,4,1,16.583828735351563
595595653867,4,1,3.782232666015625
608781518181,4,1,2.241204833984375
628253346774,4,1,-0.24717254638671945
641972036799,4,1,-0.1148452758789034
645686800824,4,1,-0.44309654235839846
666880505392,4,1,1.4693363189697266
666909089777,4,1,4.421876984834671
668861049227,4,1,-1.7273025512695312
671348925214,4,1,-2.6641704559326174
701099609956,4,1,-11.482220458984376
712406286736,4,1,1.5125267028808593
737828750163,4,1,-2.132852172851563
750626990804,4,1,4.27880859375
754786406643,4,1,17.035519886016846
756482156459,4,1,-2.7438026428222657
760820905212,4,1,2.790229797363281
761518668150,4,1,-1.6277694702148409
785879140021,4,1,-0.387652587890625
803522135131,4,1,-0.3828277587890625
822205019881,4,1,0.43815460205078127
865611255867,4,1,-0.5383544921875003
945346587337,4,1,-2.815643215179443
968425765400,4,1,4.537234497070313
996553590521,4,1,-3.4848724365234376
12978613609,6,1,-2.8011005401611326
38639956153,6,1,-0.01406097412109375
58796474477,6,1,-0.38030118942260704
71419700048,6,1,19.27545661926269
123183469520,6,1,2.487472534179687
163796231616,6,1,6.278848266601562
244418469024,6,1,-4.683061218261718
263992263004,6,1,-2.7620750427246095
266126640839,6,1,-0.430755615234375
272993694525,6,1,-1.6251205444335963
283817955758,6,1,-1.64700927734375
299489942844,6,1,19.463990020751954
326018211431,6,1,-0.0553955078125
353267429629,6,1,-2.124176025390625
368230630876,6,1,-1.1679206848144528
376660312758,6,1,-2.806796741485596
385475812479,6,1,-1.0016082763671874
441084582125,6,1,-2.869894409179687
475080016767,6,1,-0.9933218002319337
478867326164,6,1,6.219338989257812
479103788267,6,1,2.14586181640625
537187849171,6,1,-1.407318115234375
542684882646,6,1,0.24259948730468767
557130941888,6,1,-0.4911895751953123
595595653867,6,1,-12.768997979164123
608781518181,6,1,29.61403603553772
628253346774,6,1,-0.8908996582031264
641972036799,6,1,0.217254638671875
645686800824,6,1,0.3261260986328125
666880505392,6,1,-2.4479888916015624
666909089777,6,1,0.4989776611328125
668861049227,6,1,-0.15868988037109374
671348925214,6,1,-0.1358489990234375
701099609956,6,1,-5.110635375976562
712406286736,6,1,-2.0052955627441404
737828750163,6,1,0.289599609375
750626990804,6,1,17.17201957702637
754786406643,6,1,-2.603826904296878
756482156459,6,1,-0.981982421875
760820905212,6,1,0.30037460327148435
761518668150,6,1,2.579308700561524
785879140021,6,1,0.487335205078125
803522135131,6,1,-1.9233016967773433
822205019881,6,1,4.307547950744629
865611255867,6,1,-0.950677490234375
945346587337,6,1,-0.2928543090820309
968425765400,6,1,2.022424697875978
996553590521,6,1,-1.2345672607421876
12978613609,8,1,-6.751429748535155
38639956153,8,1,-2.300923156738281
58796474477,8,1,0.0203125
71419700048,8,1,2.863751220703125
123183469520,8,1,-0.11828613281250018
163796231616,8,1,-0.5432266235351566
244418469024,8,1,-2.720727634429932
263992263004,8,1,-2.820260620117188
266126640839,8,1,-0.09622230529785174
272993694525,8,1,-2.2557647705078123
283817955758,8,1,-0.19444503784179687
299489942844,8,1,-2.158209228515626
326018211431,8,1,-0.04554901123046875
353267429629,8,1,-0.017891693115234197
368230630876,8,1,0.14701004028320241
376660312758,8,1,-3.21943359375
385475812479,8,1,-1.4951995849609374
441084582125,8,1,-1.260284423828125
475080016767,8,1,-3.96280517578125
478867326164,8,1,-10.077688884735107
479103788267,8,1,-8.55983009338379
537187849171,8,1,-3.324275207519534
542684882646,8,1,-2.6007965087890623
557130941888,8,1,-1.7420108795166016
595595653867,8,1,14.005853447318074
608781518181,8,1,-15.1712064743042
628253346774,8,1,-1.205609130859375
641972036799,8,1,-1.1815185546875007
645686800824,8,1,-2.86392822265625
666880505392,8,1,1.4889328002929687
666909089777,8,1,-1.3175277709960938
668861049227,8,1,-2.4388635635375975
671348925214,8,1,-1.310577392578125
701099609956,8,1,-4.550123977661133
712406286736,8,1,-4.148869323730469
737828750163,8,1,-3.2369781494140626
750626990804,8,1,19.649280548095703
754786406643,8,1,-12.223364257812502
756482156459,8,1,-0.4382507324218746
760820905212,8,1,-2.132443237304682
761518668150,8,1,1.4264297485351562
785879140021,8,1,0.20284271240234375
803522135131,8,1,-0.7864410400390683
822205019881,8,1,-2.883702087402344
865611255867,8,1,-1.8967926025390625
945346587337,8,1,-0.9285797119140626
968425765400,8,1,-22.453991699218744
996553590521,8,1,-1.1497039794921862
18545178463,3,2,-0.5291748046875057
42404767125,3,2,-0.9267242431640625
47219052677,3,2,-2.794786834716797
75254959287,3,2,-2.42142333984375
141579159069,3,2,1.783734130859375
157286867732,3,2,-3.461455535888672
244346351129,3,2,-0.5683568954467774
281449537957,3,2,-1.9038726806640625
286533593898,3,2,-1.0663351058959958
307390059111,3,2,-2.5514053344726535
314751828555,3,2,-3.6563201904296876
340447094989,3,2,-1.0860504150390624
363396258093,3,2,-1.3798362731933593
372881010640,3,2,0.2931488037109375
413611575961,3,2,-5.38494873046875
424813729943,3,2,0.05950183868408203
450325436890,3,2,0.6581283569335937
453578034881,3,2,1.147247314453125
455088283633,3,2,-0.5046051025390625
485655207419,3,2,3.4357879638671873
490372725762,3,2,-0.35999908447265627
497830706648,3,2,4.074641418457034
499781516147,3,2,-1.805079650878903
514699809951,3,2,-0.07098112106323277
524084624601,3,2,-2.2716636657714844
526591815054,3,2,4.1753082275390625
560719192726,3,2,-0.8724433898925781
568911038571,3,2,3.4865778923034667
571510386420,3,2,-1.3929636001586914
607190310023,3,2,-4.514492797851562
610091723036,3,2,0.2016845703125
616859448142,3,2,0.130194091796875
662896639900,3,2,-0.052423095703125
665972822112,3,2,-1.140622820172995
706570674898,3,2,-1.760080337524414
711049351608,3,2,0.2050590515136716
747682140674,3,2,-0.7614288330078125
758610083023,3,2,5.703111267089843
764955634018,3,2,-1.0420944213867191
781632843660,3,2,10.164865875244143
788534438470,3,2,6.417939758300781
802470273105,3,2,17.159448242187505
818668159889,3,2,-1.1695732116699218
841781280934,3,2,-1.813808059692383
856257066596,3,2,-0.9243011474609375
881636635866,3,2,-4.685546112060547
928185260389,3,2,-0.3947418212890626
982309131650,3,2,0.8910713195800781
993634722428,3,2,-1.9798590183258056
18545178463,5,2,-2.294533920288086
42404767125,5,2,-1.7258079528808596
47219052677,5,2,-0.9921264648437557
75254959287,5,2,0.738323974609375
141579159069,5,2,-1.3169708251953123
157286867732,5,2,-3.503193283081057
244346351129,5,2,3.5928131103515626
281449537957,5,2,-3.1385185241699207
286533593898,5,2,-1.1636779785156264
307390059111,5,2,-2.2104339599609375
314751828555,5,2,-3.060424041748047
340447094989,5,2,-0.6786664962768555
363396258093,5,2,-3.9496978759765624
372881010640,5,2,-1.7228393554687476
413611575961,5,2,-2.9042469024658204
424813729943,5,2,-0.14444584846496583
450325436890,5,2,2.3901123046875
453578034881,5,2,1.0640224456787108
455088283633,5,2,-1.5471076965332031
485655207419,5,2,-0.42228794097900424
490372725762,5,2,-1.0876129150390568
497830706648,5,2,8.746953964233398
499781516147,5,2,-1.5157005310058593
514699809951,5,2,0.03427886962890625
524084624601,5,2,-2.2654348373413082
526591815054,5,2,-1.2739799499511701
560719192726,5,2,-1.1262756347656306
568911038571,5,2,1.3734283447265623
571510386420,5,2,0.7596923828125
607190310023,5,2,-3.059838867187497
610091723036,5,2,-0.61709289550781
616859448142,5,2,-0.22951049804687784
662896639900,5,2,0.7331228911876707
665972822112,5,2,-0.07210867745535664
706570674898,5,2,-1.8147308349609375
711049351608,5,2,-1.5554534912109408
747682140674,5,2,-1.5031387329101562
758610083023,5,2,1.19769287109375
764955634018,5,2,5.06185302734375
781632843660,5,2,-15.55077934265137
788534438470,5,2,-0.7228851318359377
802470273105,5,2,0.8446678161621094
818668159889,5,2,2.178260803222656
841781280934,5,2,-2.341558837890625
856257066596,5,2,-0.10216522216796875
881636635866,5,2,-1.2717734158039093
928185260389,5,2,0.09367065429687785
982309131650,5,2,-0.2854812622070311
993634722428,5,2,-2.4422241210937536
18545178463,7,2,-2.052877807617186
42404767125,7,2,-1.6317581176757785
47219052677,7,2,-3.254726028442383
75254959287,7,2,-1.3649017333984361
141579159069,7,2,-2.6427894592285153
157286867732,7,2,-2.906619262695313
244346351129,7,2,4.695123291015628
281449537957,7,2,-3.3661514282226563
286533593898,7,2,-2.116534423828122
307390059111,7,2,-0.670448303222656
314751828555,7,2,-5.062963867187503
340447094989,7,2,4.796646118164065
363396258093,7,2,-3.7343444824218777
372881010640,7,2,-0.6175170898437502
413611575961,7,2,-4.58092041015625
424813729943,7,2,0.6106207847595229
450325436890,7,2,1.382931900024414
453578034881,7,2,0.5033721923828184
455088283633,7,2,-3.070877075195312
485655207419,7,2,-2.365032958984375
490372725762,7,2,-0.3278625488281193
497830706648,7,2,-5.3584114074707045
499781516147,7,2,-2.4204315185546816
514699809951,7,2,-1.3607872009277344
524084624601,7,2,-1.7606475830078125
526591815054,7,2,2.4465423583984345
560719192726,7,2,-2.206205749511716
568911038571,7,2,-1.9320297241210938
571510386420,7,2,-0.9533721923828125
607190310023,7,2,-2.485936546325689
610091723036,7,2,1.1691024780273451
616859448142,7,2,0.5158359527587898
662896639900,7,2,-0.3923044204711914
665972822112,7,2,0.28176661900111405
706570674898,7,2,-1.2150039672851591
711049351608,7,2,-2.099005126953125
747682140674,7,2,-0.49102478027343716
758610083023,7,2,-1.71962890625
764955634018,7,2,-0.6380105495452874
781632843660,7,2,0.9625095367431641
788534438470,7,2,-16.722716522216796
802470273105,7,2,9.529590606689453
818668159889,7,2,-2.8220062255859375
841781280934,7,2,-1.9023193359374997
856257066596,7,2,-0.4423812866210966
881636635866,7,2,-0.6642471313476591
928185260389,7,2,-0.007781982421875
982309131650,7,2,1.6219924926757812
993634722428,7,2,-4.026895141601558
18545178463,10,2,0.8355606079101563
42404767125,10,2,-1.6842620849609375
47219052677,10,2,-1.604689025878909
75254959287,10,2,0.1920307159423828
141579159069,10,2,-1.7159393310546875
157286867732,10,2,-3.6994293212890623
244346351129,10,2,16.540452766418458
281449537957,10,2,-1.9028152465820256
286533593898,10,2,-0.5671600341796875
307390059111,10,2,-2.250133514404297
314751828555,10,2,-6.122235488891602
340447094989,10,2,6.2445968627929656
363396258093,10,2,-3.24417724609375
372881010640,10,2,-1.3525335311889655
413611575961,10,2,-1.0656558990478515
424813729943,10,2,-0.5563599854707718
450325436890,10,2,-0.026214599609375
453578034881,10,2,0.2988616943359375
455088283633,10,2,0.960125732421875
485655207419,10,2,-0.7521003723144517
490372725762,10,2,-1.11551513671875
497830706648,10,2,-2.6566986083984374
499781516147,10,2,-3.7576751708984375
514699809951,10,2,-3.242132568359375
524084624601,10,2,-0.8697998046875
526591815054,10,2,-0.3478094100952148
560719192726,10,2,-0.5380966186523437
568911038571,10,2,-2.224224853515625
571510386420,10,2,-2.9095474243164063
607190310023,10,2,-3.95513916015625
610091723036,10,2,-2.002270317077637
616859448142,10,2,-0.3308197021484375
662896639900,10,2,-0.02910308837890625
665972822112,10,2,-0.5782860279083266
706570674898,10,2,-1.6060943603515625
711049351608,10,2,-1.5096830368041991
747682140674,10,2,-0.2858013153076172
758610083023,10,2,-0.5445972442626953
764955634018,10,2,0.3425506591796873
781632843660,10,2,-8.751937103271484
788534438470,10,2,2.1921813964843753
802470273105,10,2,12.775726318359379
818668159889,10,2,-1.9084304809570312
841781280934,10,2,-2.268849182128906
856257066596,10,2,-0.2649116516113281
881636635866,10,2,-0.09456748962402309
928185260389,10,2,-0.7141792297363281
982309131650,10,2,0.7473999023437499
993634722428,10,2,-2.142842102050783
37013057852,15,3,-0.8875778198242242
62472867313,15,3,-4.337844848632807
81350229447,15,3,-0.9574722290039095
96435749437,15,3,-0.7849220633506825
139654613099,15,3,-2.532947540283204
141351339407,15,3,-0.8397552490234375
158240405377,15,3,-2.1281005859375
193100401433,15,3,1.5447296142578124
219942741794,15,3,-3.1841644287109374
263290655799,15,3,-2.2515419006347654
287971476791,15,3,-0.38848724365234943
306810469599,15,3,0.8303623199462888
311279476853,15,3,-1.8048004150390624
311518904287,15,3,-0.6770842075347897
370640644570,15,3,-18.84450454711914
383627469185,15,3,0.8967773437499998
390771680977,15,3,0.8954032897949219
398109816713,15,3,-0.03516540527343466
401611892739,15,3,-0.6774246215820284
435751852346,15,3,-2.1549072265625
456157590029,15,3,9.429986572265625
466178274480,15,3,-2.3417266845703124
510743529302,15,3,-0.5070037841796875
519645490683,15,3,-2.127076244354248
549389360938,15,3,-2.3900527954101562
564938298193,15,3,1.7772182464599608
572670224355,15,3,-0.7644592285156252
577084825607,15,3,-6.079273796081543
591787668410,15,3,3.444935607910156
624015980400,15,3,-1.3152542114257812
625553694320,15,3,-1.102397155761722
657277573598,15,3,0.03300895690917969
669404158834,15,3,-2.00531005859375
676818776410,15,3,-0.5249122619628891
726770222419,15,3,-1.4966796875
748730017803,15,3,-4.64835205078125
767939159879,15,3,-1.5694122314453125
774480707012,15,3,-2.486283874511719
787634621141,15,3,-0.6001762390136716
797606508946,15,3,8.392922973632814
822554411599,15,3,-3.694047546386719
871067946078,15,3,6.882151031494141
914192695869,15,3,3.8485259056091308
917476948583,15,3,0.5494293212890569
922666165279,15,3,-2.677439880371094
924573419382,15,3,-19.800823974609376
928426922298,15,3,-4.981265258789063
950401282636,15,3,-1.3457557678222656
964304241118,15,3,-0.1523696899414034
986917736241,15,3,-0.23252029418945455
37013057852,25,3,-0.6978187561035156
62472867313,25,3,-0.5973556518554701
81350229447,25,3,-0.5936737060546882
96435749437,25,3,0.6531707763671875
139654613099,25,3,-0.9286102294921867
141351339407,25,3,-2.817321300506592
158240405377,25,3,-3.977291870117189
193100401433,25,3,-0.9161468505859378
219942741794,25,3,-1.1597091674804745
263290655799,25,3,0.04182739257812642
287971476791,25,3,-0.641558837890625
306810469599,25,3,-2.1824264526367188
311279476853,25,3,-1.17513427734375
311518904287,25,3,-1.04234619140625
370640644570,25,3,-0.2571456909179659
383627469185,25,3,0.41228179931640624
390771680977,25,3,0.63746337890625
398109816713,25,3,1.676400852203369
401611892739,25,3,-35.558912658691405
435751852346,25,3,0.7158523559570314
456157590029,25,3,-4.039465332031247
466178274480,25,3,-3.1998748779296875
510743529302,25,3,-2.7980056762695313
519645490683,25,3,-13.199209594726558
549389360938,25,3,-1.7003463745117162
564938298193,25,3,-0.6571182250976563
572670224355,25,3,-1.8835700035095215
577084825607,25,3,-3.4008270263671876
591787668410,25,3,-5.523807525634766
624015980400,25,3,0.255322265625
625553694320,25,3,-1.8415084838867188
657277573598,25,3,0.6134185791015625
669404158834,25,3,-2.3367002487182615
676818776410,25,3,-0.19572181701660157
726770222419,25,3,-4.450393676757814
748730017803,25,3,-2.779071044921875
767939159879,25,3,-5.890282487869262
774480707012,25,3,-3.4389678955078127
787634621141,25,3,-0.14611816406249964
797606508946,25,3,1.2404931068420413
822554411599,25,3,-2.5734890937805175
871067946078,25,3,-1.2376922607421874
914192695869,25,3,-0.17136383056640625
917476948583,25,3,0.28387908935546874
922666165279,25,3,1.409376525878909
924573419382,25,3,16.047677612304696
928426922298,25,3,-6.409196472167968
950401282636,25,3,-0.7318771362304684
964304241118,25,3,0.864882659912109
986917736241,25,3,-2.359747314453126
37013057852,35,3,-0.27689208984375
62472867313,35,3,-1.0702377319335912
81350229447,35,3,-0.18045520782470703
96435749437,35,3,5.468479919433594
139654613099,35,3,-3.7958786010742194
141351339407,35,3,-1.8863677978515625
158240405377,35,3,0.7506454467773522
193100401433,35,3,-2.3084079742431642
219942741794,35,3,-2.7991096496582033
263290655799,35,3,-2.5017303466796874
287971476791,35,3,-0.9609600067138672
306810469599,35,3,-1.613067626953125
311279476853,35,3,-3.290268325805664
311518904287,35,3,0.2674835205078153
370640644570,35,3,-0.3573989868164034
383627469185,35,3,0.9733882904052734
390771680977,35,3,-1.0312835693359377
398109816713,35,3,-18.890615892410278
401611892739,35,3,1.6414031982421875
435751852346,35,3,-0.5174190521240238
456157590029,35,3,-2.126788467168808
466178274480,35,3,-0.6766654968261726
510743529302,35,3,-1.4225891113281308
519645490683,35,3,21.543626403808595
549389360938,35,3,-2.03695068359375
564938298193,35,3,0.006227111816397723
572670224355,35,3,-1.421656799316409
577084825607,35,3,-4.5694427490234375
591787668410,35,3,2.9593608856201166
624015980400,35,3,-2.6640243530273438
625553694320,35,3,-1.4520172119140624
657277573598,35,3,-0.7276947021484405
669404158834,35,3,-1.8914505004882813
676818776410,35,3,-3.2650299072265625
726770222419,35,3,-4.103280067443848
748730017803,35,3,-2.407403564453125
767939159879,35,3,0.151641845703125
774480707012,35,3,-2.050644207000732
787634621141,35,3,-5.319288635253907
797606508946,35,3,0.5180252075195313
822554411599,35,3,-1.9843582153320312
871067946078,35,3,3.0856524467468263
914192695869,35,3,2.5038742065429687
917476948583,35,3,4.081156921386719
922666165279,35,3,1.6671182632446289
924573419382,35,3,-1.0186294555664048
928426922298,35,3,-4.986119079589844
950401282636,35,3,-0.5196781158447262
964304241118,35,3,8.787271118164062
986917736241,35,3,-3.3631881713867195
37013057852,45,3,-2.9810424804687443
62472867313,45,3,-0.06458253860473526
81350229447,45,3,1.6998588562011718
96435749437,45,3,-3.8619171142578126
139654613099,45,3,-0.947113037109375
141351339407,45,3,-2.09010238647461
158240405377,45,3,-0.3006134033203125
193100401433,45,3,1.586869812011716
219942741794,45,3,0.2250244140625
263290655799,45,3,-1.826478576660157
287971476791,45,3,0.3969650268554689
306810469599,45,3,-1.5024032592773438
311279476853,45,3,-3.3190043210983275
311518904287,45,3,-2.785614013671875
370640644570,45,3,17.046171474456788
383627469185,45,3,-1.65084228515625
390771680977,45,3,-1.0796066284179688
398109816713,45,3,-19.022421979904173
401611892739,45,3,-0.9742866516113281
435751852346,45,3,0.35343780517578127
456157590029,45,3,-17.768560791015624
466178274480,45,3,-2.8227020263671903
510743529302,45,3,0.023851013183593728
519645490683,45,3,-9.856307220458985
549389360938,45,3,6.681245231628418
564938298193,45,3,-1.4283885240554803
572670224355,45,3,-1.8006332397460938
577084825607,45,3,-2.3882862091064454
591787668410,45,3,-6.31060791015625
624015980400,45,3,-0.6377705574035645
625553694320,45,3,0.9296476364135742
657277573598,45,3,-0.28657226562500016
669404158834,45,3,-0.9491462707519531
676818776410,45,3,-0.02921142578125
726770222419,45,3,-0.5156295776367189
748730017803,45,3,-2.0884658813476564
767939159879,45,3,-2.277572631835936
774480707012,45,3,-6.005817794799805
787634621141,45,3,-2.4683334350585913
797606508946,45,3,13.256875610351566
822554411599,45,3,-2.154396057128907
871067946078,45,3,-16.653334045410155
914192695869,45,3,-1.4164722442626954
917476948583,45,3,3.8494598388671877
922666165279,45,3,0.3269744873046875
924573419382,45,3,17.812073516845704
928426922298,45,3,-6.684593200683591
950401282636,45,3,1.1130432128906251
964304241118,45,3,-2.1355499267578124
986917736241,45,3,-3.058765983581543
3512277966,20,4,-5.17041015625
23243432166,20,4,3.1034805297851564
60516332508,20,4,-2.510409927368164
65172413131,20,4,0.9893844604492177
68466946249,20,4,3.9388458251953127
86995724355,20,4,0.44907855987548795
92512405244,20,4,-0.8214599609375057
112768063321,20,4,10.190815448760986
134751847945,20,4,-1.487936019897461
156593167223,20,4,-3.3164863586425795
204680910799,20,4,-2.8260953426361084
211178143741,20,4,-2.0275299072265627
211349502438,20,4,4.594998168945312
219666297547,20,4,1.6783721923828125
230918759014,20,4,-3.101949405670166
312810119008,20,4,-2.025970458984375
326328627765,20,4,1.9949981689453125
342998198233,20,4,-0.07598419189453125
375371629837,20,4,-0.5752220153808579
394487149082,20,4,-2.6377418518066413
425971333170,20,4,-3.647776794433594
432379164500,20,4,-0.29177017211914136
466315876226,20,4,1.9113876342773444
496473497245,20,4,-0.39947967529297157
498719011200,20,4,-2.5912796020507813
507283287821,20,4,1.9381069183349608
554310866631,20,4,-3.8550506591796876
554483397398,20,4,-3.1869608561197915
559884942136,20,4,-2.217932128906244
575425482820,20,4,2.694160461425784
577336943708,20,4,7.890391540527347
609066119184,20,4,-8.3128173828125
643459252314,20,4,-6.081534194946295
654411478666,20,4,-0.3409912109375
660965892719,20,4,2.137400817871094
664917210582,20,4,-3.795167350769043
667250633006,20,4,-2.008680725097656
769001317210,20,4,2.488554382324218
777654116973,20,4,0.6131042480468721
780990068335,20,4,0.8290328979492188
853101398795,20,4,-2.606268310546875
875036525540,20,4,-0.21079711914062482
890093759633,20,4,-4.194083404541017
890450031962,20,4,-0.6122344970703125
894260352710,20,4,-1.3442962646484375
894596827216,20,4,0.0904693603515625
942172447685,20,4,-3.3037094116210968
942594251362,20,4,7.764325761795044
993857921566,20,4,-1.803228759765625
995622965740,20,4,-2.446957397460943
3512277966,30,4,1.34892578125
23243432166,30,4,14.458246421813964
60516332508,30,4,-2.784352111816406
65172413131,30,4,-0.744976806640626
68466946249,30,4,2.7712432861328127
86995724355,30,4,-2.540842437744142
92512405244,30,4,0.8129547119140625
112768063321,30,4,-12.065467834472656
134751847945,30,4,-0.9911010742187528
156593167223,30,4,-0.8879470825195312
204680910799,30,4,-0.145062255859375
211178143741,30,4,-2.84290771484375
211349502438,30,4,1.964886474609375
219666297547,30,4,-0.45307159423827875
230918759014,30,4,-2.4650650024414076
312810119008,30,4,-4.098399353027344
326328627765,30,4,0.0074264526367159075
342998198233,30,4,-0.39893798828124966
375371629837,30,4,1.9626403808593806
394487149082,30,4,-1.6016616821289062
425971333170,30,4,-0.670823669433591
432379164500,30,4,-1.5657760620117185
466315876226,30,4,1.5274597167968749
496473497245,30,4,-4.256274414062501
498719011200,30,4,-2.1526870727539062
507283287821,30,4,6.043913793563843
554310866631,30,4,-2.5053222656250007
554483397398,30,4,-7.589164733886719
559884942136,30,4,-1.5701639175415039
575425482820,30,4,-1.7642299175262444
577336943708,30,4,-0.5934394836425781
609066119184,30,4,-2.7649932861328126
643459252314,30,4,0.4467376708984377
654411478666,30,4,-1.3087549209594727
660965892719,30,4,1.173797607421875
664917210582,30,4,-1.5135265350341793
667250633006,30,4,-0.5183502197265625
769001317210,30,4,-11.713501739501954
777654116973,30,4,-0.3599872589111328
780990068335,30,4,-1.058299255371094
853101398795,30,4,-0.4974945068359375
875036525540,30,4,1.8563623428344727
890093759633,30,4,-0.4723999023437502
890450031962,30,4,-3.8349517822265624
894260352710,30,4,-1.399057388305664
894596827216,30,4,1.35437068939209
942172447685,30,4,-1.1871826171875
942594251362,30,4,-3.5104766845703126
993857921566,30,4,-1.741293334960936
995622965740,30,4,-4.896490478515625
3512277966,40,4,-3.2468593597412108
23243432166,40,4,-15.228614807128906
60516332508,40,4,-3.6974151611328123
65172413131,40,4,-2.0703302383422852
68466946249,40,4,6.508625411987305
86995724355,40,4,-2.2907440185546877
92512405244,40,4,0.284661865234375
112768063321,40,4,-6.969451904296875
134751847945,40,4,0.17857208251953124
156593167223,40,4,-0.981701922416687
204680910799,40,4,-0.13205795288085936
211178143741,40,4,13.357405090332032
211349502438,40,4,2.7497323989868163
219666297547,40,4,3.3205078125
230918759014,40,4,-2.3234939575195312
312810119008,40,4,-3.459147644042969
326328627765,40,4,-0.31720848083496095
342998198233,40,4,-4.115216064453125
375371629837,40,4,0.31262969970703125
394487149082,40,4,-3.459593391418457
425971333170,40,4,-7.747328186035157
432379164500,40,4,-3.0948486328125
466315876226,40,4,0.03597259521484375
496473497245,40,4,-1.4439470291137695
498719011200,40,4,-2.490889739990235
507283287821,40,4,-2.57744140625
554310866631,40,4,-0.4773056030273466
554483397398,40,4,5.38148498535157
559884942136,40,4,-2.9770416259765624
575425482820,40,4,-1.372125244140625
577336943708,40,4,0.06661987304687803
609066119184,40,4,-1.6127323150634763
643459252314,40,4,-1.0383552551269546
654411478666,40,4,4.233225250244141
660965892719,40,4,0.8248184204101563
664917210582,40,4,-3.9974792480468695
667250633006,40,4,-0.5617027282714844
769001317210,40,4,-0.3013732910156307
777654116973,40,4,-1.9351638793945312
780990068335,40,4,-3.5500152587890623
853101398795,40,4,-1.0707229614257812
875036525540,40,4,-0.4916809082031248
890093759633,40,4,-1.7046371459960965
890450031962,40,4,-3.6765099287033083
894260352710,40,4,0.7268630981445255
894596827216,40,4,0.09636001586914063
942172447685,40,4,-2.5531585693359373
942594251362,40,4,-1.837836456298828
993857921566,40,4,-0.3353042602539091
995622965740,40,4,1.6455527797341332
3512277966,50,4,-3.1386184692382812
23243432166,50,4,9.1785493850708
60516332508,50,4,-3.7299346923828125
65172413131,50,4,-2.9530426025390626
68466946249,50,4,6.7265762329101575
86995724355,50,4,-1.7719329833984403
92512405244,50,4,0.468133544921875
112768063321,50,4,-0.6038970947265625
134751847945,50,4,-0.5163238525390625
156593167223,50,4,-8.39826169013977
204680910799,50,4,-4.052122497558594
211178143741,50,4,-15.510962677001952
211349502438,50,4,1.9214797973632827
219666297547,50,4,0.43410205841064453
230918759014,50,4,-2.028765869140625
312810119008,50,4,-2.8186930656433105
326328627765,50,4,0.9844894409179673
342998198233,50,4,0.04716796875
375371629837,50,4,0.27898349761962893
394487149082,50,4,-1.301647949218753
425971333170,50,4,-0.4710906982421875
432379164500,50,4,-1.8118865966796875
466315876226,50,4,1.5022506713867188
496473497245,50,4,-0.8364013671875057
498719011200,50,4,0.016520690917968393
507283287821,50,4,-3.1656166076660157
554310866631,50,4,-1.3940914154052737
554483397398,50,4,-7.557703971862793
559884942136,50,4,-0.6173927307128902
575425482820,50,4,-2.104019165039061
577336943708,50,4,2.8852783203125
609066119184,50,4,2.4706939697265624
643459252314,50,4,-1.0881469726562536
654411478666,50,4,3.2770401000976563
660965892719,50,4,-0.12330169677734375
664917210582,50,4,-2.7677627563476563
667250633006,50,4,-4.457635498046875
769001317210,50,4,1.6840888977050767
777654116973,50,4,0.17503051757812357
780990068335,50,4,0.3041767120361321
853101398795,50,4,-0.9956302642822268
875036525540,50,4,-0.20461883544921022
890093759633,50,4,-3.764764404296875
890450031962,50,4,-1.646774291992185
894260352710,50,4,-0.9101135253906308
894596827216,50,4,0.4045959472656335
942172447685,50,4,-3.233319091796875
942594251362,50,4,-2.9607984483242036
993857921566,50,4,0.7897953033447266
995622965740,50,4,1.6217117309570312
19706308376,55,5,-4.525572204589838
46445406973,55,5,3.9534912109374942
52190313348,55,5,-1.0123809814453133
57334981393,55,5,-2.436949920654297
75524589512,55,5,0.3690334320068359
91531718848,55,5,-4.426129150390625
115921796998,55,5,-3.068332254886627
149687730008,55,5,-7.828158950805664
175094375154,55,5,0.08363227844238277
177578993607,55,5,-2.4680877685546876
205160485114,55,5,18.25998687744141
232699431944,55,5,-2.5799095153808596
234950867248,55,5,-0.1621337890625
238396474858,55,5,-2.069897079467774
242302735568,55,5,-1.35145263671875
245267280377,55,5,-1.7047760009765625
284887481713,55,5,-3.1255233764648467
320314205950,55,5,-4.218489074707032
329580827848,55,5,1.435247802734375
353520557284,55,5,-1.190245056152341
366977208759,55,5,-2.368157958984372
381467347498,55,5,-3.934402465820315
406984957400,55,5,3.5548553466796817
415114416275,55,5,-2.037608122825623
437488567084,55,5,0.12129364013671876
466064047068,55,5,-3.0125244140625
488543499493,55,5,-3.7212554931640627
501492992509,55,5,-1.3371223449707046
526302751153,55,5,1.5126831054687506
529103524750,55,5,2.1205951690673825
563003797782,55,5,-0.634521484375
593610742595,55,5,-3.6324188232421903
618976041208,55,5,-0.06122283935546866
686622809385,55,5,-1.59553108215332
716171277686,55,5,-0.22354888916015625
720725221093,55,5,-2.888909912109375
740180686814,55,5,-0.1931692123413086
782467008568,55,5,-0.9977188110351565
789176471764,55,5,-32.87395324707031
808518082136,55,5,-2.5729225158691404
814708099700,55,5,-0.8324588775634763
836360013578,55,5,-5.812821960449216
843157436931,55,5,16.600859451293946
863832141505,55,5,-1.4495208740234378
866262106690,55,5,-4.023220825195312
879327289061,55,5,1.4614868164062473
965587163344,55,5,-2.787509536743164
994898098986,55,5,2.5740234375
19706308376,65,5,-2.891049766540533
46445406973,65,5,-6.3778533935546875
52190313348,65,5,-2.0649658203125
57334981393,65,5,-4.179716491699219
75524589512,65,5,-1.6248550415039062
91531718848,65,5,-2.0048049926757807
115921796998,65,5,0.05951614379882812
149687730008,65,5,-14.967166137695312
175094375154,65,5,-1.79200439453125
177578993607,65,5,-0.94818115234375
205160485114,65,5,0.9730110168457031
232699431944,65,5,2.2826934814453073
234950867248,65,5,-0.13582534790039064
238396474858,65,5,-0.24542541503906268
242302735568,65,5,-3.0291698455810554
245267280377,65,5,-1.81488800048828
284887481713,65,5,-4.3028076171875
320314205950,65,5,-0.3258544921875
329580827848,65,5,3.257666015625003
353520557284,65,5,-1.3501247406005858
366977208759,65,5,-1.4564552307128893
381467347498,65,5,-1.21993408203125
406984957400,65,5,-1.9977563858032223
415114416275,65,5,-2.473242187500003
437488567084,65,5,-1.3023582458496077
466064047068,65,5,-3.437677764892578
488543499493,65,5,-2.3597347259521486
501492992509,65,5,2.221862411499024
526302751153,65,5,21.98818359375
529103524750,65,5,6.286996459960935
563003797782,65,5,0.38732910156249434
593610742595,65,5,-4.24993200302124
618976041208,65,5,-1.884217834472659
686622809385,65,5,-4.470101928710937
716171277686,65,5,0.18212280273436932
720725221093,65,5,-0.768387413024902
740180686814,65,5,1.4144401550292967
782467008568,65,5,1.0710601806640625
789176471764,65,5,1.5291046142578124
808518082136,65,5,-3.1186737060546874
814708099700,65,5,0.22127685546875
836360013578,65,5,-5.6410972595214846
843157436931,65,5,1.8310791015625
863832141505,65,5,-2.1943445205688477
866262106690,65,5,-1.3937629699707015
879327289061,65,5,2.01700439453125
965587163344,65,5,0.40119018554687214
994898098986,65,5,-2.4386108398437445
19706308376,75,5,-2.5341567993164062
46445406973,75,5,-2.4127071380615233
52190313348,75,5,-4.4373779296875
57334981393,75,5,-4.854927968978882
75524589512,75,5,-2.092831420898443
91531718848,75,5,-5.689999389648435
115921796998,75,5,15.515018463134766
149687730008,75,5,-1.8201065063476562
175094375154,75,5,-25.037367248535155
177578993607,75,5,2.0659141540527344
205160485114,75,5,-0.11057357788085938
232699431944,75,5,-2.9881751537323
234950867248,75,5,-0.3244613647460938
238396474858,75,5,-1.0179885864257812
242302735568,75,5,-1.0097106933593747
245267280377,75,5,-1.7319854736328124
284887481713,75,5,-1.8719102859497074
320314205950,75,5,-0.7910003662109375
329580827848,75,5,1.2516983032226563
353520557284,75,5,-0.49973907470703127
366977208759,75,5,-1.0918977737426758
381467347498,75,5,-2.987078857421875
406984957400,75,5,-1.971966552734378
415114416275,75,5,-5.877178955078122
437488567084,75,5,-0.11682739257811932
466064047068,75,5,-1.1988815307617213
488543499493,75,5,-3.4195098876953125
501492992509,75,5,-3.699307250976568
526302751153,75,5,-19.9607421875
529103524750,75,5,1.7098831176757756
563003797782,75,5,0.9096115112304688
593610742595,75,5,-1.8141845703125
618976041208,75,5,1.7279605865478516
686622809385,75,5,-2.820010375976561
716171277686,75,5,-0.5589099884033211
720725221093,75,5,-1.8901473999023424
740180686814,75,5,-2.082701110839841
782467008568,75,5,0.6885345458984375
789176471764,75,5,-31.29759750366211
808518082136,75,5,-2.811021423339844
814708099700,75,5,-0.6015884399414062
836360013578,75,5,-0.3027008056640625
843157436931,75,5,0.04448890686035156
863832141505,75,5,-1.4280776977539038
866262106690,75,5,-1.0424213409423824
879327289061,75,5,0.715252685546875
965587163344,75,5,-18.728881120681763
994898098986,75,5,-0.9690101623535163
19706308376,85,5,-2.6324371337890655
46445406973,85,5,0.17133026123046874
52190313348,85,5,-1.9322330474853515
57334981393,85,5,-6.062413024902344
75524589512,85,5,2.7844772338867188
91531718848,85,5,-2.5508776664733888
115921796998,85,5,13.128193902969361
149687730008,85,5,-2.3379562377929686
175094375154,85,5,-0.4061981201171875
177578993607,85,5,-0.6369216918945305
205160485114,85,5,-1.337078857421869
232699431944,85,5,-1.099420166015625
234950867248,85,5,-0.8943145751953125
238396474858,85,5,-0.3630523681640641
242302735568,85,5,-2.835351562499997
245267280377,85,5,-0.17867298126220704
284887481713,85,5,1.2651817321777343
320314205950,85,5,-0.5879127502441392
329580827848,85,5,-0.11492118835449254
353520557284,85,5,-1.9463348388671875
366977208759,85,5,-0.85159912109375
381467347498,85,5,-1.8583715438842767
406984957400,85,5,1.9655563354492187
415114416275,85,5,-2.945404815673828
437488567084,85,5,-2.693865966796875
466064047068,85,5,-0.2649444580078125
488543499493,85,5,-2.129528808593753
501492992509,85,5,2.422471618652344
526302751153,85,5,18.113697576522828
529103524750,85,5,1.4334136962890622
563003797782,85,5,0.10349578857421875
593610742595,85,5,-2.3516273498535156
618976041208,85,5,-0.02691650390625
686622809385,85,5,-0.2640319824218752
716171277686,85,5,-0.6340850830078099
720725221093,85,5,-2.1226211547851563
740180686814,85,5,0.9676879882812498
782467008568,85,5,-0.6656860351562492
789176471764,85,5,1.21522216796875
808518082136,85,5,-0.6462232589721678
814708099700,85,5,-0.7847167968750002
836360013578,85,5,-1.8802001953125
843157436931,85,5,-0.6044631958007812
863832141505,85,5,-2.459881591796875
866262106690,85,5,-1.0001220703125
879327289061,85,5,1.405950927734375
965587163344,85,5,-18.851530456542967
994898098986,85,5,0.6853622436523434
11866547632,60,6,-1.3355216979980473
31763185048,60,6,-2.5149513244628907
56767792906,60,6,-2.3458770751953124
70501195034,60,6,-2.1448974609375058
72586384601,60,6,-1.0238594055175785
73180105537,60,6,0.48633220195770266
74249908328,60,6,-0.8482376098632812
75729007134,60,6,-8.503208923339844
104274630779,60,6,2.428231143951416
131377047859,60,6,-1.5687786102294923
132760789943,60,6,-1.5893800735473633
163470105268,60,6,0.2371429443359375
164780952734,60,6,1.3758758544921874
170080221025,60,6,-2.5483734130859377
208917626878,60,6,1.1487808227539062
232846173923,60,6,-1.015672302246091
239901129854,60,6,17.430175495147704
261405949946,60,6,-1.14227294921875
285770176909,60,6,-2.5450748443603515
349368817172,60,6,-15.98114471435547
400006499374,60,6,-2.656030273437506
416004814207,60,6,1.158929443359375
448455020785,60,6,0.22167510986328126
472660400671,60,6,-1.077069568634034
479445978766,60,6,0.9729324340820312
486883807927,60,6,-2.8437561035156307
503219471313,60,6,-4.884991455078124
516834058798,60,6,-0.35523529052734376
520643238443,60,6,-1.725370025634766
522924106102,60,6,0.29241790771484377
526791953481,60,6,1.93126220703125
554797971853,60,6,-0.38023529052734373
607647950528,60,6,-2.2920719146728517
653112237341,60,6,0.1253753662109375
690112326992,60,6,-1.6997863769531194
698263481259,60,6,-1.2565856933593735
698323606979,60,6,-2.2493804931640624
712610918562,60,6,-1.368231201171875
720964792417,60,6,-0.3315338134765625
804624028969,60,6,-3.6244110107421874
812418627319,60,6,2.55474853515625
830310877645,60,6,-0.02455139160156534
837611209368,60,6,-0.7207565307617241
906737203476,60,6,-0.46686630249023364
994716872461,60,6,0.46860828399658166
998236395651,60,6,0.26665191650390624
11866547632,70,6,0.24043273925781267
31763185048,70,6,-2.2622955322265623
56767792906,70,6,-1.7207035064697265
70501195034,70,6,-1.575759887695312
72586384601,70,6,-3.859343338012697
73180105537,70,6,-2.752578735351563
74249908328,70,6,-6.352482604980466
75729007134,70,6,11.344366264343261
104274630779,70,6,-2.219486999511716
131377047859,70,6,0.756890869140625
132760789943,70,6,0.8019378662109377
163470105268,70,6,-1.3017274856567382
164780952734,70,6,-3.09554443359375
170080221025,70,6,-0.19294815063476561
208917626878,70,6,0.9029006958007812
232846173923,70,6,-0.9599369049072266
239901129854,70,6,-0.5242813110351563
261405949946,70,6,-1.276409912109375
285770176909,70,6,-1.584344482421875
349368817172,70,6,-3.64493408203125
400006499374,70,6,-2.970751190185548
416004814207,70,6,-0.9903549194335965
448455020785,70,6,-0.870409011840821
472660400671,70,6,-2.019259643554688
479445978766,70,6,-1.995446014404297
486883807927,70,6,-3.602378845214841
503219471313,70,6,0.9729522705078117
516834058798,70,6,-0.8283584594726563
520643238443,70,6,-0.40864715576171873
522924106102,70,6,-1.314031982421875
526791953481,70,6,-2.05139446258545
554797971853,70,6,-1.0572219848632813
607647950528,70,6,-0.058982849121096595
653112237341,70,6,1.7521766662597642
690112326992,70,6,-1.2388992309570312
698263481259,70,6,-2.8583984375
698323606979,70,6,-1.1213798522949205
712610918562,70,6,-2.0164108276367188
720964792417,70,6,-1.4750709533691406
804624028969,70,6,-5.6229188442230225
812418627319,70,6,-5.433193588256836
830310877645,70,6,-1.764474487304686
837611209368,70,6,0.6348449707031307
906737203476,70,6,-3.5320648193359374
994716872461,70,6,-0.07430343627929722
998236395651,70,6,0.5636154174804684
11866547632,80,6,-2.2432697415351868
31763185048,80,6,-1.6836224555969235
56767792906,80,6,-2.65108642578125
70501195034,80,6,-5.741056060791019
72586384601,80,6,-0.10128631591796874
73180105537,80,6,-3.222834014892578
74249908328,80,6,-7.242024993896484
75729007134,80,6,-0.2726226806640625
104274630779,80,6,-1.9063812255859383
131377047859,80,6,0.3106689453125
132760789943,80,6,1.5128646850585938
163470105268,80,6,0.7188034057617188
164780952734,80,6,0.0396015167236329
170080221025,80,6,0.612490844726566
208917626878,80,6,-1.0203277587890627
232846173923,80,6,1.3725997924804687
239901129854,80,6,0.038702392578125
261405949946,80,6,-0.16414527893066405
285770176909,80,6,-0.7996749877929688
349368817172,80,6,-10.38836669921875
400006499374,80,6,-1.3416351318359374
416004814207,80,6,-0.1099090576171875
448455020785,80,6,1.35081787109375
472660400671,80,6,-1.8952072143554688
479445978766,80,6,-2.619287109375
486883807927,80,6,0.18457870483398436
503219471313,80,6,-0.7594490051269531
516834058798,80,6,-3.0417755126953123
520643238443,80,6,1.3034236907958985
522924106102,80,6,-3.471247863769529
526791953481,80,6,-2.152705383300784
554797971853,80,6,-0.41711425781250566
607647950528,80,6,0.6546829223632813
653112237341,80,6,-0.802290344238284
690112326992,80,6,-0.7583188056945801
698263481259,80,6,-0.6433929443359375
698323606979,80,6,-1.9976922988891601
712610918562,80,6,-4.409252929687506
720964792417,80,6,1.0829833984375
804624028969,80,6,2.1600082397460936
812418627319,80,6,-1.1578598022460938
830310877645,80,6,-15.878160667419431
837611209368,80,6,-0.4002655029296875
906737203476,80,6,-0.7917831420898439
994716872461,80,6,-0.8673278808593748
998236395651,80,6,-2.0963104248046873
11866547632,90,6,0.038873291015625
31763185048,90,6,-1.6904525756835913
56767792906,90,6,-1.8812705993652343
70501195034,90,6,2.7072383880615236
72586384601,90,6,-0.32684326171875017
73180105537,90,6,-1.054656982421875
74249908328,90,6,1.236763858795166
75729007134,90,6,3.9934259891509982
104274630779,90,6,-4.591875457763671
131377047859,90,6,-0.37348022460937785
132760789943,90,6,-1.3720092773437471
163470105268,90,6,4.612504577636718
164780952734,90,6,-1.6297927856445313
170080221025,90,6,-0.5176910400390625
208917626878,90,6,-0.7238685607910149
232846173923,90,6,-1.640167236328125
239901129854,90,6,-4.774943542480466
261405949946,90,6,0.7999588012695342
285770176909,90,6,0.1979049682617188
349368817172,90,6,-6.52685317993164
400006499374,90,6,0.1460742950439446
416004814207,90,6,0.5609390258789062
448455020785,90,6,0.33056335449218466
472660400671,90,6,-3.284453582763672
479445978766,90,6,-2.3834869384765627
486883807927,90,6,0.6116790771484375
503219471313,90,6,-1.8989654541015633
516834058798,90,6,-2.7312332153320313
520643238443,90,6,-0.5370635986328125
522924106102,90,6,-1.8833965301513664
526791953481,90,6,2.312977600097656
554797971853,90,6,-0.057388305664059655
607647950528,90,6,0.28885726928710936
653112237341,90,6,-2.7913301467895506
690112326992,90,6,-3.184524917602539
698263481259,90,6,0.853364896774292
698323606979,90,6,-1.12589111328125
712610918562,90,6,-0.17309417724609374
720964792417,90,6,0.5094802856445313
804624028969,90,6,-2.03638916015625
812418627319,90,6,-4.919711303710938
830310877645,90,6,0.9851257324218746
837611209368,90,6,1.4033035278320312
906737203476,90,6,-1.679095458984375
994716872461,90,6,-0.9803695678710938
998236395651,90,6,1.455268096923828
69378932239,95,7,-2.8161468505859375
84703686414,95,7,-1.434857177734375
91524953255,95,7,-1.259741973876953
94212257303,95,7,2.006757354736328
99897861946,95,7,-0.439935302734375
119388378225,95,7,1.1750465393066407
142243756214,95,7,0.29406433105468766
154695465695,95,7,-0.9317138671875002
172440417576,95,7,-1.4261760711669926
206032965332,95,7,0.25333709716796876
258433481445,95,7,8.934809303283691
270836319308,95,7,1.0440460205078126
295092569896,95,7,-0.5385925292968754
300018938491,95,7,-1.5655609130859376
314153794897,95,7,-3.741638946533203
372902434784,95,7,3.7998764038085993
374362493632,95,7,-0.5324127197265625
395156049868,95,7,-2.8245079040527346
412116680061,95,7,-5.724328613281247
426775530911,95,7,-0.32125701904296805
455411954782,95,7,-2.273892974853517
482715387130,95,7,-1.0331069946289062
491690849186,95,7,-0.8335220336914093
500659405486,95,7,-0.086907958984375
515614103525,95,7,-1.362493896484375
529356644721,95,7,6.473997497558594
538891392759,95,7,-2.979316222667695
588954061502,95,7,-0.2489059448242159
621998446062,95,7,-2.260636901855469
624326525488,95,7,-3.4951248168945312
630191511008,95,7,1.0203983306884765
650598146952,95,7,0.6269195556640625
678681607125,95,7,-0.2841238021850586
679935650900,95,7,-0.9949234008789063
707165035419,95,7,2.7098373413085937
709011816186,95,7,0.43988494873047157
710075415438,95,7,-0.8598876953125
750330077949,95,7,-1.8094970703125
813273714622,95,7,-1.1281150817871106
826551196165,95,7,-0.9381771087646484
850329221459,95,7,-0.5315353393554687
851634270977,95,7,-0.8424892425537116
852150209946,95,7,-0.7499481201171875
852626928128,95,7,-3.2604110717773436
876915090018,95,7,0.32024078369140624
911029371665,95,7,-0.6505966186523438
914010886568,95,7,-1.7699279785156279
915339582134,95,7,-0.06080169677734375
933626258280,95,7,-0.7443115234375
69378932239,105,7,-0.988633728027341
84703686414,105,7,-0.3194278717041012
91524953255,105,7,-1.3949401855468748
94212257303,105,7,1.4769149780273432
99897861946,105,7,0.10273361206054758
119388378225,105,7,1.038787841796875
142243756214,105,7,-0.4277709960937499
154695465695,105,7,1.8546234130859376
172440417576,105,7,0.6471107482910157
206032965332,105,7,0.1162628173828125
258433481445,105,7,-1.5339996337890625
270836319308,105,7,5.860692977905274
295092569896,105,7,0.14834442138671947
300018938491,105,7,-2.7055618286132814
314153794897,105,7,5.847842407226562
372902434784,105,7,1.9211273193359375
374362493632,105,7,-1.5495590209960937
395156049868,105,7,-1.2809806823730472
412116680061,105,7,-1.4408889770507813
426775530911,105,7,0.01840362548828143
455411954782,105,7,-1.6915374755859407
482715387130,105,7,-1.7469703674316406
491690849186,105,7,0.02795867919921875
500659405486,105,7,-1.1611595153808594
515614103525,105,7,-2.2799697875976532
529356644721,105,7,-1.3128997802734375
538891392759,105,7,-0.35151977539062196
588954061502,105,7,-1.5868377685546875
621998446062,105,7,-2.929127883911133
624326525488,105,7,0.5404552459716797
630191511008,105,7,0.90545654296875
650598146952,105,7,-1.3986839294433608
678681607125,105,7,0.4599891662597656
679935650900,105,7,-1.012579345703125
707165035419,105,7,-2.8769739151000975
709011816186,105,7,-0.8151123046875057
710075415438,105,7,-0.024942016601562856
750330077949,105,7,-2.1345932006835904
813273714622,105,7,0.4168731689453125
826551196165,105,7,-1.3413528442382812
850329221459,105,7,-1.5442819595336914
851634270977,105,7,-0.9916717529296875
852150209946,105,7,-0.8636833190917969
852626928128,105,7,-1.1813018798828185
876915090018,105,7,-0.7393569946289062
911029371665,105,7,-1.7360198974609375
914010886568,105,7,-2.416143798828125
915339582134,105,7,-0.010534667968752843
933626258280,105,7,-2.27026481628418
69378932239,115,7,0.4600883483886726
84703686414,115,7,0.9669250488281248
91524953255,115,7,-0.7532814025878907
94212257303,115,7,1.5184902191162108
99897861946,115,7,0.66395263671875
119388378225,115,7,-1.3474609375
142243756214,115,7,0.2319416046142578
154695465695,115,7,1.477899169921875
172440417576,115,7,0.36190795898438066
206032965332,115,7,-2.011810302734375
258433481445,115,7,-1.4205261230468778
270836319308,115,7,0.072637939453125
295092569896,115,7,4.134349060058594
300018938491,115,7,-1.702569580078125
314153794897,115,7,-1.4188262939453122
372902434784,115,7,0.472772216796875
374362493632,115,7,-2.611189270019531
395156049868,115,7,-1.5900070190429685
412116680061,115,7,-0.8297767639160156
426775530911,115,7,-1.39117431640625
455411954782,115,7,-0.7995025634765625
482715387130,115,7,1.1971679687500008
491690849186,115,7,-0.7500129699707031
500659405486,115,7,-1.2695114135742187
515614103525,115,7,-2.872792053222656
529356644721,115,7,6.835011291503906
538891392759,115,7,1.425042724609375
588954061502,115,7,-0.172705078125
621998446062,115,7,-3.306549072265625
624326525488,115,7,2.112899780273435
630191511008,115,7,-0.799652099609375
650598146952,115,7,-0.8776016235351566
678681607125,115,7,-0.232769775390625
679935650900,115,7,0.048421478271484374
707165035419,115,7,-1.3132995605468778
709011816186,115,7,1.1430736541748048
710075415438,115,7,-0.02813568115234375
750330077949,115,7,0.25766754150390625
813273714622,115,7,-1.446782684326172
826551196165,115,7,2.1535858154296874
850329221459,115,7,0.18227081298828124
851634270977,115,7,-0.3404602050781264
852150209946,115,7,0.2751628875732422
852626928128,115,7,-0.6899734497070285
876915090018,115,7,0.3539398193359375
911029371665,115,7,-0.1990192413330078
914010886568,115,7,-3.6858032226562507
915339582134,115,7,-0.34492874145507885
933626258280,115,7,-1.5852737426757815
69378932239,125,7,-0.6718322753906248
84703686414,125,7,2.2383026123046874
91524953255,125,7,2.2877944946289093
94212257303,125,7,1.6913192749023438
99897861946,125,7,2.0284835815429694
119388378225,125,7,-0.24989318847656258
142243756214,125,7,-1.02423400878906
154695465695,125,7,-0.290765380859375
172440417576,125,7,2.0802841186523438
206032965332,125,7,0.21089935302734375
258433481445,125,7,4.974526214599609
270836319308,125,7,-0.564244079589838
295092569896,125,7,1.4960071563720703
300018938491,125,7,-1.5773506164550783
314153794897,125,7,-3.5292004108428956
372902434784,125,7,-0.23202514648437428
374362493632,125,7,-3.536947250366211
395156049868,125,7,-2.7881256103515626
412116680061,125,7,-0.45358276367187444
426775530911,125,7,1.3850967407226562
455411954782,125,7,1.8319005966186523
482715387130,125,7,0.19572582244873046
491690849186,125,7,-1.3213592529296876
500659405486,125,7,2.2125892639160143
515614103525,125,7,-1.4937408447265625
529356644721,125,7,0.40019378662109445
538891392759,125,7,0.9651092529296875
588954061502,125,7,-0.6069549560546867
621998446062,125,7,0.7573287963867216
624326525488,125,7,-1.7076507568359376
630191511008,125,7,-0.13639068603515625
650598146952,125,7,0.7526420593261719
678681607125,125,7,2.1504669189453125
679935650900,125,7,-0.6245990753173836
707165035419,125,7,-0.1198638916015625
709011816186,125,7,0.1847808837890625
710075415438,125,7,1.8620941162109375
750330077949,125,7,-0.49027252197265625
813273714622,125,7,-2.77711181640625
826551196165,125,7,-2.6773635864257805
850329221459,125,7,-0.8876098632812501
851634270977,125,7,-4.802656555175778
852150209946,125,7,-1.2401580810546877
852626928128,125,7,-1.2383163452148438
876915090018,125,7,-1.9131622314453096
911029371665,125,7,-0.46540832519531533
914010886568,125,7,-1.745843505859375
915339582134,125,7,1.0573089599609375
933626258280,125,7,-1.5654647827148405
25723101804,100,8,7.160445976257324
35938706947,100,8,-2.479176712036133
37822414888,100,8,1.4375518798828124
47769424039,100,8,-0.2159698486328125
49237847328,100,8,5.177513122558594
67981741856,100,8,-0.7395339965820312
81991281593,100,8,0.6012538909912116
108424307545,100,8,-1.0921455383300782
132109080906,100,8,-2.3462982177734375
140384659403,100,8,2.377989196777341
146859203465,100,8,-0.6574554443359432
186217949958,100,8,0.309588623046875
211445384891,100,8,-1.0769851684570315
220885766670,100,8,0.6039398193359405
245556890498,100,8,-1.838092041015625
251308053499,100,8,-1.5664031982421875
260547727346,100,8,0.3091232299804689
263123473152,100,8,-0.9687469482421875
264130884315,100,8,-1.1396610260009765
277495261980,100,8,-0.00033111572265642764
288731469074,100,8,-4.5368499755859375
334186456864,100,8,-1.7097740173339844
448933199979,100,8,-0.8709136962890627
484121365239,100,8,-10.213714599609375
498265361879,100,8,-0.851918029785162
525743780657,100,8,1.1731903076171846
530361538287,100,8,-2.083517456054688
536445911973,100,8,-1.7143020629882817
543766975635,100,8,0.149755859375
549097653944,100,8,1.4957366943359376
555482115829,100,8,-1.2447174072265625
558537738863,100,8,0.8602844238281258
625957949785,100,8,0.16225147247314436
637138033052,100,8,-4.174235725402832
694313736399,100,8,-0.22992553710937785
708731377264,100,8,0.06834869384765341
724549951264,100,8,1.867724609375
735366842709,100,8,-1.61637268066406
786308519775,100,8,-2.256399536132818
837816405575,100,8,-2.223309326171875
881354056065,100,8,1.0816619873046875
883556332206,100,8,0.05729522705078125
891532907728,100,8,-1.8837139129638671
897928518708,100,8,-1.9093521118164065
898031750461,100,8,-1.1439834594726506
905631664907,100,8,-1.07880859375
929164172383,100,8,0.8730684280395508
952593450434,100,8,0.5526275634765596
25723101804,110,8,1.2194183349609375
35938706947,110,8,-1.2694274902343747
37822414888,110,8,-1.3692558288574215
47769424039,110,8,0.1283905029296875
49237847328,110,8,-1.3234642028808579
67981741856,110,8,0.564605712890625
81991281593,110,8,1.98953857421875
108424307545,110,8,-1.8578765869140625
132109080906,110,8,-0.8430526733398438
140384659403,110,8,1.1842849731445315
146859203465,110,8,-1.1631484985351563
186217949958,110,8,-3.7536956787109377
211445384891,110,8,-2.1091705322265626
220885766670,110,8,-2.5663177490234377
245556890498,110,8,-1.5693084716796875
251308053499,110,8,-0.06712760925292952
260547727346,110,8,0.706689453125
263123473152,110,8,-3.2397369384765624
264130884315,110,8,-0.21250152587890617
277495261980,110,8,-0.7410003662109375
288731469074,110,8,-0.6903732299804688
334186456864,110,8,1.2585037231445342
448933199979,110,8,-0.2021728515625
484121365239,110,8,-12.551421356201171
498265361879,110,8,-1.2242387771606444
525743780657,110,8,1.134197998046875
530361538287,110,8,-2.722381591796875
536445911973,110,8,3.0138736724853517
543766975635,110,8,1.4175750732421875
549097653944,110,8,0.447491455078125
555482115829,110,8,-1.619516372680664
558537738863,110,8,-0.6675338745117188
625957949785,110,8,-0.4820465087890625
637138033052,110,8,-0.26701965332031535
694313736399,110,8,-2.1660530090332037
708731377264,110,8,0.08434753417968768
724549951264,110,8,2.942658615112305
735366842709,110,8,-4.845467376708986
786308519775,110,8,-19.112655639648438
837816405575,110,8,-0.5050964355468779
881354056065,110,8,-1.5630661010742106
883556332206,110,8,-0.41388702392578125
891532907728,110,8,0.36351013183594033
897928518708,110,8,-0.8880630493164006
898031750461,110,8,-1.5115509033203125
905631664907,110,8,0.013388442993164062
929164172383,110,8,-2.4219764709472655
952593450434,110,8,-1.285263824462891
25723101804,120,8,-8.596141052246093
35938706947,120,8,-0.4509765625
37822414888,120,8,-1.031052398681641
47769424039,120,8,0.2460693359374943
49237847328,120,8,-0.29027986526489225
67981741856,120,8,-0.8270812988281191
81991281593,120,8,1.94561767578125
108424307545,120,8,0.610775375366211
132109080906,120,8,-0.20498924255371098
140384659403,120,8,0.896746826171875
146859203465,120,8,1.9261154174804687
186217949958,120,8,-2.7453277587890654
211445384891,120,8,0.10892028808593768
220885766670,120,8,0.9228878021240234
245556890498,120,8,-2.504454803466797
251308053499,120,8,-0.14017486572265642
260547727346,120,8,-0.5237396240234375
263123473152,120,8,-0.3784759521484375
264130884315,120,8,-0.9522979736328125
277495261980,120,8,0.02811279296875
288731469074,120,8,2.3026914596557617
334186456864,120,8,-2.0018524169921874
448933199979,120,8,-0.3076694488525392
484121365239,120,8,-8.591291046142578
498265361879,120,8,-0.34559783935546873
525743780657,120,8,-0.7361221313476557
530361538287,120,8,0.3451934814453141
536445911973,120,8,-0.8532684326171875
543766975635,120,8,-0.3637115478515625
549097653944,120,8,0.57515869140625
555482115829,120,8,-1.208331298828122
558537738863,120,8,-0.4470413208007784
625957949785,120,8,-0.9312911987304687
637138033052,120,8,-0.7715423583984375
694313736399,120,8,-0.852032470703125
708731377264,120,8,-2.267912769317627
724549951264,120,8,2.0289886474609347
735366842709,120,8,-3.3999725341796876
786308519775,120,8,0.84907989501953
837816405575,120,8,-1.0956954956054688
881354056065,120,8,-1.3700529098510743
883556332206,120,8,-2.209138107299805
891532907728,120,8,0.2318817138671875
897928518708,120,8,-2.728050231933595
898031750461,120,8,-2.91160888671875
905631664907,120,8,-1.6972793579101562
929164172383,120,8,-0.6538909912109367
952593450434,120,8,-1.1666595458984372
25723101804,130,8,-17.082010650634764
35938706947,130,8,-0.4964569091796875
37822414888,130,8,1.035183715820307
47769424039,130,8,-0.17364234924316407
49237847328,130,8,-1.7252243041992184
67981741856,130,8,0.081585693359375
81991281593,130,8,-0.612469482421875
108424307545,130,8,0.4762161254882811
132109080906,130,8,1.3919570922851534
140384659403,130,8,1.7550891876220693
146859203465,130,8,2.1782804489135748
186217949958,130,8,-1.0658859252929687
211445384891,130,8,0.23572082519530965
220885766670,130,8,1.047113037109375
245556890498,130,8,-3.145915222167969
251308053499,130,8,1.0782241821289034
260547727346,130,8,-0.3630340576171875
263123473152,130,8,-1.082803726196289
264130884315,130,8,-3.527549743652341
277495261980,130,8,-1.3612861633300781
288731469074,130,8,-4.778830718994142
334186456864,130,8,1.4726562500000004
448933199979,130,8,-2.66756591796875
484121365239,130,8,24.106389045715332
498265361879,130,8,-0.7070526123046873
525743780657,130,8,2.376864624023436
530361538287,130,8,-0.4699111938476534
536445911973,130,8,-2.0486022949218783
543766975635,130,8,-0.7137825012207039
549097653944,130,8,-34.386346435546876
555482115829,130,8,-0.175640869140625
558537738863,130,8,0.3978240966796932
625957949785,130,8,1.18614501953125
637138033052,130,8,1.3070770263671876
694313736399,130,8,0.5820587158203125
708731377264,130,8,-1.2779922485351562
724549951264,130,8,3.8512062072753905
735366842709,130,8,-2.5951080322265634
786308519775,130,8,-0.7356975555419922
837816405575,130,8,1.0398899078369142
881354056065,130,8,-1.3620635986328127
883556332206,130,8,2.7567626953125
891532907728,130,8,-0.10458984375000005
897928518708,130,8,-3.8757415771484434
898031750461,130,8,-1.4704368591308594
905631664907,130,8,1.0392028808593694
929164172383,130,8,-0.6856536865234316
952593450434,130,8,-0.66143798828125
1721418462,135,9,-3.790205383300781
33616929547,135,9,-0.3871551513671877
87299142964,135,9,-0.09293289184570153
214060187805,135,9,0.3587108612060554
230769543210,135,9,1.2954010009765626
247101632412,135,9,0.4283485412597642
290626679547,135,9,0.3669692993164061
290656034369,135,9,1.2586042404174804
292629866395,135,9,0.3525146484375
313978052698,135,9,2.2189727783203126
314581190701,135,9,-1.2895339965820312
333479267545,135,9,5.719584655761716
381056854035,135,9,-2.9433202743530273
395056795561,135,9,-1.6335845947265626
408276378177,135,9,1.801116943359375
418817504309,135,9,5.538753044605254
427979396888,135,9,9.53185806274414
439513294491,135,9,-0.18094482421875
450251729693,135,9,-2.7575775146484403
451075873570,135,9,0.31362915039061934
479406978469,135,9,1.17841796875
482947064097,135,9,1.458441162109375
488179284147,135,9,1.8053565979003898
530454018851,135,9,0.8180259704589844
587319151731,135,9,-0.3717170715332031
606417353264,135,9,-11.251805114746098
611182001186,135,9,0.18522949218749982
631329533178,135,9,-10.995002746582031
672964076977,135,9,-2.005952835083008
689640711294,135,9,-1.1425548553466804
747798201628,135,9,-0.0563812255859375
759023618418,135,9,-0.0919891357421875
794821160379,135,9,0.1707183837890625
821109032956,135,9,-0.781206130981446
823657240718,135,9,-1.4718978881836022
828356987563,135,9,-0.3165779113769533
831461226101,135,9,-0.4360076904296875
836667074589,135,9,2.0662231445312584
836677602492,135,9,-1.878324127197266
842916191322,135,9,-0.1163787841796875
857258294243,135,9,0.2988548278808601
863045202801,135,9,3.2619873046875
879490296822,135,9,3.7067352294921876
934420693200,135,9,0.153533935546875
942895571934,135,9,-0.8886032104492188
945312269032,135,9,0.28216094970703126
952949011931,135,9,1.7799949645996107
982415887992,135,9,1.3359241485595703
1721418462,145,9,-0.1692474365234375
33616929547,145,9,3.4102172851562473
87299142964,145,9,-0.22925071716308593
214060187805,145,9,0.934039306640625
230769543210,145,9,0.8041774749755846
247101632412,145,9,-0.7709369659423828
290626679547,145,9,-8.535610580444336
290656034369,145,9,-0.18248748779296875
292629866395,145,9,-0.7684631347656221
313978052698,145,9,-3.8700260162353515
314581190701,145,9,0.2001495361328125
333479267545,145,9,-0.606547546386718
381056854035,145,9,0.566900634765625
395056795561,145,9,0.0646209716796875
408276378177,145,9,0.03871612548828125
418817504309,145,9,1.9520721435546875
427979396888,145,9,0.5742797851562498
439513294491,145,9,-1.7245010375976562
450251729693,145,9,-0.5509429931640625
451075873570,145,9,3.025652313232422
479406978469,145,9,-1.000079345703131
482947064097,145,9,-0.8567001342773409
488179284147,145,9,3.181166076660156
530454018851,145,9,-0.7652175903320311
587319151731,145,9,0.9837337493896484
606417353264,145,9,16.43571777343751
611182001186,145,9,0.38433685302734377
631329533178,145,9,-0.2666889190673828
672964076977,145,9,-1.1393554687500003
689640711294,145,9,-1.0996582031250002
747798201628,145,9,-0.6394721984863289
759023618418,145,9,-1.510554885864258
794821160379,145,9,-0.00073699951171875
821109032956,145,9,-2.969100952148435
823657240718,145,9,1.6989303588867188
828356987563,145,9,-0.0445892333984375
831461226101,145,9,0.1330612182617216
836667074589,145,9,-0.9347808837890682
836677602492,145,9,-1.3095947265625
842916191322,145,9,1.0824672698974602
857258294243,145,9,0.3651306152343722
863045202801,145,9,-0.12074127197265624
879490296822,145,9,2.224467468261719
934420693200,145,9,0.06305999755859375
942895571934,145,9,-0.2345722198486328
945312269032,145,9,0.01760406494140625
952949011931,145,9,-0.03538818359375
982415887992,145,9,2.837441253662109
1721418462,155,9,-3.0664001464843746
33616929547,155,9,0.347607421875
87299142964,155,9,2.298980712890625
214060187805,155,9,1.5925918579101561
230769543210,155,9,-1.216473388671875
247101632412,155,9,-2.1019012451171877
290626679547,155,9,0.13719177246093733
290656034369,155,9,0.021466064453125
292629866395,155,9,0.376995849609375
313978052698,155,9,3.3027801513671875
314581190701,155,9,0.8558334350585938
333479267545,155,9,-0.449072265625
381056854035,155,9,-0.990165710449219
395056795561,155,9,1.005704116821289
408276378177,155,9,-2.0120353698730464
418817504309,155,9,3.425985717773436
427979396888,155,9,0.2829910278320285
439513294491,155,9,-1.267194747924804
450251729693,155,9,-2.217462158203125
451075873570,155,9,0.7097854614257841
479406978469,155,9,-0.020434951782227272
482947064097,155,9,0.5553916931152336
488179284147,155,9,2.028509521484375
530454018851,155,9,-2.9613372802734377
587319151731,155,9,-0.11449279785156534
606417353264,155,9,-15.275392150878906
611182001186,155,9,1.1580287933349616
631329533178,155,9,10.397053527832032
672964076977,155,9,-2.015913391113281
689640711294,155,9,-1.0155502319335994
747798201628,155,9,-0.8146148681640625
759023618418,155,9,1.0345504760742188
794821160379,155,9,3.618153762817383
821109032956,155,9,2.6779632568359433
823657240718,155,9,-1.2095439910888672
828356987563,155,9,-2.012960815429685
831461226101,155,9,-0.0308746337890625
836667074589,155,9,-0.9359687805175774
836677602492,155,9,-0.6503395080566421
842916191322,155,9,-1.8660491943359374
857258294243,155,9,4.088552856445313
863045202801,155,9,-1.6778991699218806
879490296822,155,9,2.216668701171875
934420693200,155,9,-1.522763442993164
942895571934,155,9,1.0280036926269531
945312269032,155,9,2.3142337799072257
952949011931,155,9,1.1826309204101562
982415887992,155,9,3.0248489379882844
1721418462,165,9,0.729458236694336
33616929547,165,9,0.18591251373291087
87299142964,165,9,0.5589828491210966
214060187805,165,9,0.5902290344238281
230769543210,165,9,-0.550938415527338
247101632412,165,9,1.063966369628912
290626679547,165,9,-0.4332542419433594
290656034369,165,9,-0.3247528076171875
292629866395,165,9,0.37785453796386703
313978052698,165,9,-1.4184158325195313
314581190701,165,9,-0.9275146484375
333479267545,165,9,0.5009048461914063
381056854035,165,9,-3.2455963134765624
395056795561,165,9,0.8741470336914062
408276378177,165,9,-1.8711303710937472
418817504309,165,9,2.5425537109374945
427979396888,165,9,0.21394767761230468
439513294491,165,9,0.8628662109375
450251729693,165,9,0.019260406494139914
451075873570,165,9,0.8260311126708985
479406978469,165,9,0.9282211303710909
482947064097,165,9,-0.4658905029296875
488179284147,165,9,0.56549072265625
530454018851,165,9,17.676160049438476
587319151731,165,9,1.8233673095703125
606417353264,165,9,7.019598388671875
611182001186,165,9,-1.4658111572265624
631329533178,165,9,-1.6845100402832025
672964076977,165,9,-2.956573486328125
689640711294,165,9,-2.5029960632324224
747798201628,165,9,-3.910546875
759023618418,165,9,1.6637382507324219
794821160379,165,9,0.7344299316406253
821109032956,165,9,0.1595642089843734
823657240718,165,9,0.9891998291015625
828356987563,165,9,-0.02950706481933594
831461226101,165,9,1.6656879425048836
836667074589,165,9,-0.33821105957031267
836677602492,165,9,-2.4791900634765573
842916191322,165,9,-3.4783721923828126
857258294243,165,9,1.5571380615234376
863045202801,165,9,5.183443450927735
879490296822,165,9,2.60438232421875
934420693200,165,9,-0.4016647338867159
942895571934,165,9,1.4935272216796873
945312269032,165,9,2.2155181884765627
952949011931,165,9,1.1676071166992188
982415887992,165,9,3.1265716552734375
6196976173,140,10,0.38134002685546875
16847613267,140,10,-0.4435699462890625
65927738090,140,10,-0.906036376953125
75201456900,140,10,0.8765670776367186
78828420490,140,10,3.8794326782226562
89758134912,140,10,1.0770294189453185
93308798968,140,10,0.439483642578125
114463583799,140,10,0.47840118408202964
132102677831,140,10,0.9384265899658196
183824516134,140,10,-2.680071640014649
199718243908,140,10,0.934619140625
211914503015,140,10,-0.02774200439453125
248674978269,140,10,0.5950942993164091
252662312705,140,10,0.1891845703125
326031055534,140,10,-1.8867431640625
340899273753,140,10,-4.047448730468756
347401194740,140,10,-0.6675800323486328
357323471689,140,10,-0.2045455932617216
366712725954,140,10,0.5151199340820298
399793741991,140,10,0.8927688598632827
409510251833,140,10,-4.229188919067382
460031946655,140,10,-0.6133211135864262
477302741259,140,10,-1.6345092773437557
478219331707,140,10,-1.2772605895996092
491837100125,140,10,-1.49373779296875
529569773934,140,10,-3.019293212890628
535793054616,140,10,-2.7678375244140656
549661439377,140,10,2.43304443359375
554783556843,140,10,-0.2015426635742248
589106590719,140,10,1.7593719482421875
594008709769,140,10,1.351609802246091
627511081285,140,10,0.21002044677734463
644298611907,140,10,-0.24032974243164223
660482772393,140,10,1.1986633300781278
688420796301,140,10,0.613648605346679
713283016113,140,10,-2.394305419921875
730041648726,140,10,-1.0034011840820312
749603402102,140,10,0.54332275390625
749614232918,140,10,1.0092742919921875
753638975787,140,10,0.13554077148437785
801419172901,140,10,-0.20289306640625
801640937104,140,10,2.7911346435546873
804923957446,140,10,-3.1770751953125
810153302503,140,10,-0.9617141723632813
825555997667,140,10,-1.4285614013671875
830764988902,140,10,0.5454227447509773
868766423314,140,10,-25.156549072265626
871249367017,140,10,0.21236343383789064
925397637533,140,10,-2.671721649169921
6196976173,150,10,1.60543212890625
16847613267,150,10,-1.2343551635742187
65927738090,150,10,-1.6909706115722671
75201456900,150,10,15.275907897949219
78828420490,150,10,2.4415008544921877
89758134912,150,10,2.412126159667969
93308798968,150,10,-0.4593353271484375
114463583799,150,10,1.1604095458984376
132102677831,150,10,1.5515747070312504
183824516134,150,10,-1.6048797607421874
199718243908,150,10,-1.92459716796875
211914503015,150,10,2.122763824462891
248674978269,150,10,-0.5922718048095703
252662312705,150,10,-0.09665832519531259
326031055534,150,10,-2.70260009765625
340899273753,150,10,1.9876525878906264
347401194740,150,10,-0.8101318359375014
357323471689,150,10,1.1571544647216792
366712725954,150,10,0.5094512939453125
399793741991,150,10,2.131128883361817
409510251833,150,10,1.2793151855468774
460031946655,150,10,-1.187139892578125
477302741259,150,10,-0.6838546752929687
478219331707,150,10,-1.0102630615234405
491837100125,150,10,-0.88773193359375
529569773934,150,10,-0.6599941253662109
535793054616,150,10,-1.0663970947265624
549661439377,150,10,-0.5513092041015625
554783556843,150,10,2.3573577880859373
589106590719,150,10,2.2769073486328124
594008709769,150,10,-0.28213958740234374
627511081285,150,10,-0.0149993896484375
644298611907,150,10,-0.7736202239990234
660482772393,150,10,1.1973419189453125
688420796301,150,10,1.5739761352539063
713283016113,150,10,-1.0336257934570312
730041648726,150,10,-2.0137361526489252
749603402102,150,10,-0.06881103515625
749614232918,150,10,-1.5020416259765628
753638975787,150,10,-0.4143220901489254
801419172901,150,10,0.913211441040039
801640937104,150,10,0.1571304321289034
804923957446,150,10,-4.406195068359375
810153302503,150,10,0.5613708496093779
825555997667,150,10,0.07943954467773437
830764988902,150,10,-2.0086639404296873
868766423314,150,10,22.283550262451172
871249367017,150,10,1.9127197265625
925397637533,150,10,-5.34144287109375
6196976173,160,10,0.9189704895019531
16847613267,160,10,-0.25050811767577985
65927738090,160,10,-2.682347106933591
75201456900,160,10,1.3800201416015625
78828420490,160,10,11.238521957397461
89758134912,160,10,-0.8013912200927734
93308798968,160,10,-0.4866950988769531
114463583799,160,10,2.2137706756591795
132102677831,160,10,-0.78929443359375
183824516134,160,10,0.10424804687500071
199718243908,160,10,0.06735458374023437
211914503015,160,10,1.7885826110839844
248674978269,160,10,-1.9420501708984375
252662312705,160,10,1.2111148834228516
326031055534,160,10,-0.958880615234375
340899273753,160,10,0.2064483642578125
347401194740,160,10,-3.089895629882815
357323471689,160,10,-0.436822509765625
366712725954,160,10,0.3079971313476591
399793741991,160,10,-0.010935974121090907
409510251833,160,10,-3.6892924308776855
460031946655,160,10,2.53326416015625
477302741259,160,10,-0.21770935058593768
478219331707,160,10,0.8584014892578125
491837100125,160,10,0.410186767578125
529569773934,160,10,-0.788623046875
535793054616,160,10,3.05401611328125
549661439377,160,10,0.04543037414550851
554783556843,160,10,1.8293258666992187
589106590719,160,10,0.1715171813964851
594008709769,160,10,-1.1091365814208978
627511081285,160,10,6.084481811523438
644298611907,160,10,-2.1251800537109373
660482772393,160,10,0.7845947265625
688420796301,160,10,1.8334220886230468
713283016113,160,10,-2.2361419677734373
730041648726,160,10,-0.064306640625
749603402102,160,10,-0.5321975708007812
749614232918,160,10,-1.2146148681640683
753638975787,160,10,-0.173162841796875
801419172901,160,10,-0.5600067138671876
801640937104,160,10,2.1758026123046874
804923957446,160,10,-4.527230834960937
810153302503,160,10,0.5662872314453127
825555997667,160,10,0.84119873046875
830764988902,160,10,0.71656494140625
868766423314,160,10,-0.47537994384765625
871249367017,160,10,0.7816818237304746
925397637533,160,10,-2.43377685546875
6196976173,170,10,0.3285186767578123
16847613267,170,10,0.4131256103515623
65927738090,170,10,-1.7474929809570312
75201456900,170,10,-2.2800405502319334
78828420490,170,10,2.007542419433591
89758134912,170,10,1.2947662353515625
93308798968,170,10,-1.4240158081054686
114463583799,170,10,0.9540908813476477
132102677831,170,10,-1.4685165405273382
183824516134,170,10,3.968212890625
199718243908,170,10,-0.389599609375
211914503015,170,10,-1.4563690185546876
248674978269,170,10,-0.5145019531249998
252662312705,170,10,0.8480148315429688
326031055534,170,10,-0.01977043151855464
340899273753,170,10,-3.7943614959716796
347401194740,170,10,1.2300506591796876
357323471689,170,10,-1.1729972839355454
366712725954,170,10,-1.2458358764648445
399793741991,170,10,0.8039642333984375
409510251833,170,10,1.9354263305664063
460031946655,170,10,-2.9551116943359403
477302741259,170,10,1.6365600585937528
478219331707,170,10,1.2660690307617188
491837100125,170,10,-1.3707687377929694
529569773934,170,10,1.76849365234375
535793054616,170,10,-0.9227073669433594
549661439377,170,10,1.61153564453125
554783556843,170,10,0.2839153289794922
589106590719,170,10,0.8256744384765625
594008709769,170,10,-0.670538330078125
627511081285,170,10,-0.4304412841796875
644298611907,170,10,-2.0298858642578126
660482772393,170,10,-0.03712921142578125
688420796301,170,10,1.632568359375
713283016113,170,10,-2.3092016220092773
730041648726,170,10,0.39842376708984373
749603402102,170,10,2.279601287841797
749614232918,170,10,-0.37816925048827843
753638975787,170,10,0.6318428039550777
801419172901,170,10,0.9432571411132813
801640937104,170,10,1.431005096435547
804923957446,170,10,4.044461059570312
810153302503,170,10,-0.7390018463134765
825555997667,170,10,-2.9916702270507813
830764988902,170,10,0.3037750244140652
868766423314,170,10,-1.3372940063476562
871249367017,170,10,-1.5141044616699217
925397637533,170,10,-2.5668685913085936
