subsetSlug,subsetLabel,syntheticId,model,parameter,trueValue,recoveredValue,error,absError
joint_devices,Mouse + Trackpad joint,joint_devices_MeanTimeseriesBaseBCC_0000,MeanTimeseriesBaseBCC,propVar_mouse,730.9841842406452,202.94263031108443,-528.0415539295607,528.0415539295607
joint_devices,Mouse + Trackpad joint,joint_devices_MeanTimeseriesBaseBCC_0000,MeanTimeseriesBaseBCC,propVar_trackpad,370.4000611214077,115.64627274887583,-254.75378837253186,254.75378837253186
joint_devices,Mouse + Trackpad joint,joint_devices_MeanTimeseriesBaseBCC_0000,MeanTimeseriesBaseBCC,visVarSlope,0.5846694694277819,0.4662088998077851,-0.11846056961999674,0.11846056961999674
joint_devices,Mouse + Trackpad joint,joint_devices_MeanTimeseriesBaseBCC_0000,MeanTimeseriesBaseBCC,retention,0.9842983770338329,0.9870156093542578,0.002717232320424867,0.002717232320424867
joint_devices,Mouse + Trackpad joint,joint_devices_MeanTimeseriesBaseBCC_0000,MeanTimeseriesBaseBCC,lr,0.02984812746275034,0.026321048651808177,-0.0035270788109421636,0.0035270788109421636
joint_devices,Mouse + Trackpad joint,joint_devices_MeanTimeseriesBaseBCC_0001,MeanTimeseriesBaseBCC,propVar_mouse,966.7700622345228,727.6106551243356,-239.1594071101872,239.1594071101872
joint_devices,Mouse + Trackpad joint,joint_devices_MeanTimeseriesBaseBCC_0001,MeanTimeseriesBaseBCC,propVar_trackpad,655.2247586208825,414.8175361269343,-240.40722249394827,240.40722249394827
joint_devices,Mouse + Trackpad joint,joint_devices_MeanTimeseriesBaseBCC_0001,MeanTimeseriesBaseBCC,visVarSlope,0.5556560235740104,0.5339869103536335,-0.0216691132203769,0.0216691132203769
joint_devices,Mouse + Trackpad joint,joint_devices_MeanTimeseriesBaseBCC_0001,MeanTimeseriesBaseBCC,retention,0.9547634343902317,0.9569102569830232,0.0021468225927915308,0.0021468225927915308
joint_devices,Mouse + Trackpad joint,joint_devices_MeanTimeseriesBaseBCC_0001,MeanTimeseriesBaseBCC,lr,0.14273942699240247,0.1397786931672972,-0.002960733825105255,0.002960733825105255
joint_devices,Mouse + Trackpad joint,joint_devices_MeanTimeseriesBaseBCC_0002,MeanTimeseriesBaseBCC,propVar_mouse,418.00614274135984,445.1606587630968,27.15451602173698,27.15451602173698
joint_devices,Mouse + Trackpad joint,joint_devices_MeanTimeseriesBaseBCC_0002,MeanTimeseriesBaseBCC,propVar_trackpad,878.4254801452115,1000.0,121.57451985478849,121.57451985478849
joint_devices,Mouse + Trackpad joint,joint_devices_MeanTimeseriesBaseBCC_0002,MeanTimeseriesBaseBCC,visVarSlope,0.4987763494954947,0.5076277689328453,0.008851419437350627,0.008851419437350627
joint_devices,Mouse + Trackpad joint,joint_devices_MeanTimeseriesBaseBCC_0002,MeanTimeseriesBaseBCC,retention,0.9908042421463163,0.9901913600241538,-0.0006128821221625946,0.0006128821221625946
joint_devices,Mouse + Trackpad joint,joint_devices_MeanTimeseriesBaseBCC_0002,MeanTimeseriesBaseBCC,lr,0.14052991069921786,0.14368951373517366,0.0031596030359558047,0.0031596030359558047
joint_devices,Mouse + Trackpad joint,joint_devices_MeanTimeseriesBaseBCC_0003,MeanTimeseriesBaseBCC,propVar_mouse,342.5715964206538,349.2297093264823,6.658112905828489,6.658112905828489
joint_devices,Mouse + Trackpad joint,joint_devices_MeanTimeseriesBaseBCC_0003,MeanTimeseriesBaseBCC,propVar_trackpad,454.5832695955276,467.4291456155898,12.845876020062178,12.845876020062178
joint_devices,Mouse + Trackpad joint,joint_devices_MeanTimeseriesBaseBCC_0003,MeanTimeseriesBaseBCC,visVarSlope,0.266757203904899,0.26873590867285724,0.0019787047679582503,0.0019787047679582503
joint_devices,Mouse + Trackpad joint,joint_devices_MeanTimeseriesBaseBCC_0003,MeanTimeseriesBaseBCC,retention,0.9910568921714373,0.9908126738291968,-0.00024421834224053196,0.00024421834224053196
joint_devices,Mouse + Trackpad joint,joint_devices_MeanTimeseriesBaseBCC_0003,MeanTimeseriesBaseBCC,lr,0.2001910484261812,0.20239881368969082,0.0022077652635096034,0.0022077652635096034
joint_devices,Mouse + Trackpad joint,joint_devices_MeanTimeseriesBaseBCC_0004,MeanTimeseriesBaseBCC,propVar_mouse,715.0794655707407,733.7600787628794,18.680613192138708,18.680613192138708
joint_devices,Mouse + Trackpad joint,joint_devices_MeanTimeseriesBaseBCC_0004,MeanTimeseriesBaseBCC,propVar_trackpad,319.02894330446816,325.6022593938386,6.573316089370451,6.573316089370451
joint_devices,Mouse + Trackpad joint,joint_devices_MeanTimeseriesBaseBCC_0004,MeanTimeseriesBaseBCC,visVarSlope,0.6295095112211901,0.6352821441015126,0.005772632880322481,0.005772632880322481
joint_devices,Mouse + Trackpad joint,joint_devices_MeanTimeseriesBaseBCC_0004,MeanTimeseriesBaseBCC,retention,0.9944547436583469,0.9943021458141904,-0.0001525978441564435,0.0001525978441564435
joint_devices,Mouse + Trackpad joint,joint_devices_MeanTimeseriesBaseBCC_0004,MeanTimeseriesBaseBCC,lr,0.24668995411853759,0.2478945490985558,0.0012045949800182087,0.0012045949800182087
joint_devices,Mouse + Trackpad joint,joint_devices_MeanTimeseriesBaseBCC_0005,MeanTimeseriesBaseBCC,propVar_mouse,327.43431203315254,323.58654964195824,-3.847762391194294,3.847762391194294
joint_devices,Mouse + Trackpad joint,joint_devices_MeanTimeseriesBaseBCC_0005,MeanTimeseriesBaseBCC,propVar_trackpad,389.1108769233767,383.84853353220694,-5.262343391169736,5.262343391169736
joint_devices,Mouse + Trackpad joint,joint_devices_MeanTimeseriesBaseBCC_0005,MeanTimeseriesBaseBCC,visVarSlope,0.2587518077781204,0.25744484520337246,-0.0013069625747479385,0.0013069625747479385
joint_devices,Mouse + Trackpad joint,joint_devices_MeanTimeseriesBaseBCC_0005,MeanTimeseriesBaseBCC,retention,0.9561215310702063,0.9568743452677249,0.0007528141975186031,0.0007528141975186031
joint_devices,Mouse + Trackpad joint,joint_devices_MeanTimeseriesBaseBCC_0005,MeanTimeseriesBaseBCC,lr,0.21647608268173804,0.21289792938427793,-0.0035781532974601127,0.0035781532974601127
joint_devices,Mouse + Trackpad joint,joint_devices_MeanTimeseriesBaseBCC_0006,MeanTimeseriesBaseBCC,propVar_mouse,701.99093790324,726.663669086017,24.672731182776943,24.672731182776943
joint_devices,Mouse + Trackpad joint,joint_devices_MeanTimeseriesBaseBCC_0006,MeanTimeseriesBaseBCC,propVar_trackpad,944.1152919522763,1000.0,55.884708047723734,55.884708047723734
joint_devices,Mouse + Trackpad joint,joint_devices_MeanTimeseriesBaseBCC_0006,MeanTimeseriesBaseBCC,visVarSlope,0.3715604447184897,0.3735949626288116,0.002034517910321887,0.002034517910321887
joint_devices,Mouse + Trackpad joint,joint_devices_MeanTimeseriesBaseBCC_0006,MeanTimeseriesBaseBCC,retention,0.9673372105824556,0.9676031363847902,0.00026592580233464336,0.00026592580233464336
joint_devices,Mouse + Trackpad joint,joint_devices_MeanTimeseriesBaseBCC_0006,MeanTimeseriesBaseBCC,lr,0.1488148333088705,0.14765158393705205,-0.0011632493718184422,0.0011632493718184422
joint_devices,Mouse + Trackpad joint,joint_devices_MeanTimeseriesBaseBCC_0007,MeanTimeseriesBaseBCC,propVar_mouse,325.0971284839187,293.2706019667366,-31.826526517182117,31.826526517182117
joint_devices,Mouse + Trackpad joint,joint_devices_MeanTimeseriesBaseBCC_0007,MeanTimeseriesBaseBCC,propVar_trackpad,214.37725886098477,196.39889712577525,-17.978361735209518,17.978361735209518
joint_devices,Mouse + Trackpad joint,joint_devices_MeanTimeseriesBaseBCC_0007,MeanTimeseriesBaseBCC,visVarSlope,0.4315122719536024,0.415974876831361,-0.015537395122241449,0.015537395122241449
joint_devices,Mouse + Trackpad joint,joint_devices_MeanTimeseriesBaseBCC_0007,MeanTimeseriesBaseBCC,retention,0.9598893075237819,0.9614111003995547,0.0015217928757728094,0.0015217928757728094
joint_devices,Mouse + Trackpad joint,joint_devices_MeanTimeseriesBaseBCC_0007,MeanTimeseriesBaseBCC,lr,0.21228159744762287,0.20461170470951448,-0.0076698927381083915,0.0076698927381083915
joint_devices,Mouse + Trackpad joint,joint_devices_MeanTimeseriesBaseBCC_0008,MeanTimeseriesBaseBCC,propVar_mouse,458.2808280770874,446.0674901377537,-12.213337939333712,12.213337939333712
joint_devices,Mouse + Trackpad joint,joint_devices_MeanTimeseriesBaseBCC_0008,MeanTimeseriesBaseBCC,propVar_trackpad,743.6717391377052,701.9810043332502,-41.69073480445502,41.69073480445502
joint_devices,Mouse + Trackpad joint,joint_devices_MeanTimeseriesBaseBCC_0008,MeanTimeseriesBaseBCC,visVarSlope,0.5213363422641286,0.5156886889713751,-0.005647653292753518,0.005647653292753518
joint_devices,Mouse + Trackpad joint,joint_devices_MeanTimeseriesBaseBCC_0008,MeanTimeseriesBaseBCC,retention,0.9643231357796754,0.9658492239455224,0.0015260881658469838,0.0015260881658469838
joint_devices,Mouse + Trackpad joint,joint_devices_MeanTimeseriesBaseBCC_0008,MeanTimeseriesBaseBCC,lr,0.2637646855520695,0.2551121218888364,-0.008652563663233082,0.008652563663233082
joint_devices,Mouse + Trackpad joint,joint_devices_MeanTimeseriesBaseBCC_0009,MeanTimeseriesBaseBCC,propVar_mouse,762.8803537425474,802.9594669191205,40.07911317657306,40.07911317657306
joint_devices,Mouse + Trackpad joint,joint_devices_MeanTimeseriesBaseBCC_0009,MeanTimeseriesBaseBCC,propVar_trackpad,338.18963943451513,345.97548912162716,7.785849687112034,7.785849687112034
joint_devices,Mouse + Trackpad joint,joint_devices_MeanTimeseriesBaseBCC_0009,MeanTimeseriesBaseBCC,visVarSlope,0.3565615430353265,0.3573769615293748,0.0008154184940483145,0.0008154184940483145
joint_devices,Mouse + Trackpad joint,joint_devices_MeanTimeseriesBaseBCC_0009,MeanTimeseriesBaseBCC,retention,0.9835267375381641,0.9829979355629541,-0.0005288019752099915,0.0005288019752099915
joint_devices,Mouse + Trackpad joint,joint_devices_MeanTimeseriesBaseBCC_0009,MeanTimeseriesBaseBCC,lr,0.04429201355135965,0.04503662787397518,0.0007446143226155291,0.0007446143226155291
joint_devices,Mouse + Trackpad joint,joint_devices_MeanTimeseriesBaseBCC_0010,MeanTimeseriesBaseBCC,propVar_mouse,329.8350007507898,376.571985599028,46.736984848238194,46.736984848238194
joint_devices,Mouse + Trackpad joint,joint_devices_MeanTimeseriesBaseBCC_0010,MeanTimeseriesBaseBCC,propVar_trackpad,172.57129708358505,197.90323611336987,25.33193902978482,25.33193902978482
joint_devices,Mouse + Trackpad joint,joint_devices_MeanTimeseriesBaseBCC_0010,MeanTimeseriesBaseBCC,visVarSlope,0.5560000524640842,0.5804256340830376,0.024425581618953363,0.024425581618953363
joint_devices,Mouse + Trackpad joint,joint_devices_MeanTimeseriesBaseBCC_0010,MeanTimeseriesBaseBCC,retention,0.9826112704785642,0.9816445046883409,-0.0009667657902233673,0.0009667657902233673
joint_devices,Mouse + Trackpad joint,joint_devices_MeanTimeseriesBaseBCC_0010,MeanTimeseriesBaseBCC,lr,0.22348532409975483,0.22469611492171568,0.0012107908219608499,0.0012107908219608499
joint_devices,Mouse + Trackpad joint,joint_devices_MeanTimeseriesBaseBCC_0011,MeanTimeseriesBaseBCC,propVar_mouse,737.879971501022,999.9999999987583,262.12002849773626,262.12002849773626
joint_devices,Mouse + Trackpad joint,joint_devices_MeanTimeseriesBaseBCC_0011,MeanTimeseriesBaseBCC,propVar_trackpad,383.77224638217393,597.600541992113,213.82829560993906,213.82829560993906
joint_devices,Mouse + Trackpad joint,joint_devices_MeanTimeseriesBaseBCC_0011,MeanTimeseriesBaseBCC,visVarSlope,0.4687267798443864,0.49460628502145576,0.025879505177069384,0.025879505177069384
joint_devices,Mouse + Trackpad joint,joint_devices_MeanTimeseriesBaseBCC_0011,MeanTimeseriesBaseBCC,retention,0.9553696089418986,0.9505564887817861,-0.004813120160112483,0.004813120160112483
joint_devices,Mouse + Trackpad joint,joint_devices_MeanTimeseriesBaseBCC_0011,MeanTimeseriesBaseBCC,lr,0.036298408876117426,0.04290629928320768,0.0066078904070902555,0.0066078904070902555
joint_devices,Mouse + Trackpad joint,joint_devices_MeanTimeseriesBaseBCC_0012,MeanTimeseriesBaseBCC,propVar_mouse,631.4786764727838,632.044969795001,0.5662933222171205,0.5662933222171205
joint_devices,Mouse + Trackpad joint,joint_devices_MeanTimeseriesBaseBCC_0012,MeanTimeseriesBaseBCC,propVar_trackpad,392.1358501570256,391.32390522176473,-0.8119449352608399,0.8119449352608399
joint_devices,Mouse + Trackpad joint,joint_devices_MeanTimeseriesBaseBCC_0012,MeanTimeseriesBaseBCC,visVarSlope,0.46732474405570446,0.4675220039257993,0.0001972598700948347,0.0001972598700948347
joint_devices,Mouse + Trackpad joint,joint_devices_MeanTimeseriesBaseBCC_0012,MeanTimeseriesBaseBCC,retention,0.9878073049387244,0.987989381686224,0.00018207674749959324,0.00018207674749959324
joint_devices,Mouse + Trackpad joint,joint_devices_MeanTimeseriesBaseBCC_0012,MeanTimeseriesBaseBCC,lr,0.20115891137589242,0.19891844257558486,-0.0022404688003075657,0.0022404688003075657
joint_devices,Mouse + Trackpad joint,joint_devices_MeanTimeseriesBaseBCC_0013,MeanTimeseriesBaseBCC,propVar_mouse,538.5524647496053,581.0281987433038,42.475733993698555,42.475733993698555
joint_devices,Mouse + Trackpad joint,joint_devices_MeanTimeseriesBaseBCC_0013,MeanTimeseriesBaseBCC,propVar_trackpad,458.31769375957765,498.4863914978246,40.168697738246976,40.168697738246976
joint_devices,Mouse + Trackpad joint,joint_devices_MeanTimeseriesBaseBCC_0013,MeanTimeseriesBaseBCC,visVarSlope,0.3628103406882738,0.3663153842053853,0.0035050435171115057,0.0035050435171115057
joint_devices,Mouse + Trackpad joint,joint_devices_MeanTimeseriesBaseBCC_0013,MeanTimeseriesBaseBCC,retention,0.9497153823508865,0.9484241356234238,-0.0012912467274627248,0.0012912467274627248
joint_devices,Mouse + Trackpad joint,joint_devices_MeanTimeseriesBaseBCC_0013,MeanTimeseriesBaseBCC,lr,0.13840752634610087,0.14145837852288118,0.0030508521767803054,0.0030508521767803054
joint_devices,Mouse + Trackpad joint,joint_devices_MeanTimeseriesBaseBCC_0014,MeanTimeseriesBaseBCC,propVar_mouse,336.6145273023449,461.68131633985394,125.06678903750901,125.06678903750901
joint_devices,Mouse + Trackpad joint,joint_devices_MeanTimeseriesBaseBCC_0014,MeanTimeseriesBaseBCC,propVar_trackpad,351.0277435274182,749.5681158180494,398.5403722906312,398.5403722906312
joint_devices,Mouse + Trackpad joint,joint_devices_MeanTimeseriesBaseBCC_0014,MeanTimeseriesBaseBCC,visVarSlope,0.5825915307704954,0.5853591822827187,0.002767651512223246,0.002767651512223246
joint_devices,Mouse + Trackpad joint,joint_devices_MeanTimeseriesBaseBCC_0014,MeanTimeseriesBaseBCC,retention,0.9602540560244709,0.9547726263895355,-0.005481429634935364,0.005481429634935364
joint_devices,Mouse + Trackpad joint,joint_devices_MeanTimeseriesBaseBCC_0014,MeanTimeseriesBaseBCC,lr,0.018478578755958666,0.019614479615913002,0.0011359008599543356,0.0011359008599543356
joint_devices,Mouse + Trackpad joint,joint_devices_MeanTimeseriesBaseBCC_0015,MeanTimeseriesBaseBCC,propVar_mouse,369.27507265694766,362.0768213972013,-7.198251259746371,7.198251259746371
joint_devices,Mouse + Trackpad joint,joint_devices_MeanTimeseriesBaseBCC_0015,MeanTimeseriesBaseBCC,propVar_trackpad,286.4125600738264,277.9045042824006,-8.508055791425818,8.508055791425818
joint_devices,Mouse + Trackpad joint,joint_devices_MeanTimeseriesBaseBCC_0015,MeanTimeseriesBaseBCC,visVarSlope,0.505996907353987,0.4995529308459603,-0.006443976508026639,0.006443976508026639
joint_devices,Mouse + Trackpad joint,joint_devices_MeanTimeseriesBaseBCC_0015,MeanTimeseriesBaseBCC,retention,0.9770172526436868,0.9772676773093784,0.0002504246656915843,0.0002504246656915843
joint_devices,Mouse + Trackpad joint,joint_devices_MeanTimeseriesBaseBCC_0015,MeanTimeseriesBaseBCC,lr,0.24843770255965186,0.24350130581449755,-0.004936396745154309,0.004936396745154309
joint_devices,Mouse + Trackpad joint,joint_devices_MeanTimeseriesBaseBCC_0016,MeanTimeseriesBaseBCC,propVar_mouse,627.9088626912356,896.1359521161534,268.2270894249177,268.2270894249177
joint_devices,Mouse + Trackpad joint,joint_devices_MeanTimeseriesBaseBCC_0016,MeanTimeseriesBaseBCC,propVar_trackpad,349.69955054468994,84.46202128641065,-265.2375292582793,265.2375292582793
joint_devices,Mouse + Trackpad joint,joint_devices_MeanTimeseriesBaseBCC_0016,MeanTimeseriesBaseBCC,visVarSlope,0.5668384553296428,0.4706844253055793,-0.09615403002406353,0.09615403002406353
joint_devices,Mouse + Trackpad joint,joint_devices_MeanTimeseriesBaseBCC_0016,MeanTimeseriesBaseBCC,retention,0.9567795924152972,0.9661005804648356,0.009320988049538403,0.009320988049538403
joint_devices,Mouse + Trackpad joint,joint_devices_MeanTimeseriesBaseBCC_0016,MeanTimeseriesBaseBCC,lr,0.007199016900819312,0.0055633644126634706,-0.0016356524881558417,0.0016356524881558417
joint_devices,Mouse + Trackpad joint,joint_devices_MeanTimeseriesBaseBCC_0017,MeanTimeseriesBaseBCC,propVar_mouse,283.23976341053526,330.4349687908299,47.195205380294624,47.195205380294624
joint_devices,Mouse + Trackpad joint,joint_devices_MeanTimeseriesBaseBCC_0017,MeanTimeseriesBaseBCC,propVar_trackpad,611.7587676142333,946.9424223903859,335.1836547761526,335.1836547761526
joint_devices,Mouse + Trackpad joint,joint_devices_MeanTimeseriesBaseBCC_0017,MeanTimeseriesBaseBCC,visVarSlope,0.42598119356378383,0.4390258835808781,0.01304469001709424,0.01304469001709424
joint_devices,Mouse + Trackpad joint,joint_devices_MeanTimeseriesBaseBCC_0017,MeanTimeseriesBaseBCC,retention,0.9564837969505816,0.9558640343477615,-0.0006197626028201508,0.0006197626028201508
joint_devices,Mouse + Trackpad joint,joint_devices_MeanTimeseriesBaseBCC_0017,MeanTimeseriesBaseBCC,lr,0.15879446363518,0.15586791066405842,-0.002926552971121571,0.002926552971121571
joint_devices,Mouse + Trackpad joint,joint_devices_MeanTimeseriesBaseBCC_0018,MeanTimeseriesBaseBCC,propVar_mouse,308.7742190039511,256.5298982358023,-52.24432076814878,52.24432076814878
joint_devices,Mouse + Trackpad joint,joint_devices_MeanTimeseriesBaseBCC_0018,MeanTimeseriesBaseBCC,propVar_trackpad,584.2036725447655,420.9073665900737,-163.29630595469177,163.29630595469177
joint_devices,Mouse + Trackpad joint,joint_devices_MeanTimeseriesBaseBCC_0018,MeanTimeseriesBaseBCC,visVarSlope,0.4196928116928412,0.400138165828278,-0.01955464586456318,0.01955464586456318
joint_devices,Mouse + Trackpad joint,joint_devices_MeanTimeseriesBaseBCC_0018,MeanTimeseriesBaseBCC,retention,0.9678851798054086,0.9684176952082258,0.0005325154028172907,0.0005325154028172907
joint_devices,Mouse + Trackpad joint,joint_devices_MeanTimeseriesBaseBCC_0018,MeanTimeseriesBaseBCC,lr,0.09555762755647618,0.09440662954625148,-0.0011509980102246964,0.0011509980102246964
joint_devices,Mouse + Trackpad joint,joint_devices_MeanTimeseriesBaseBCC_0019,MeanTimeseriesBaseBCC,propVar_mouse,598.9739587413036,613.1741060205384,14.200147279234784,14.200147279234784
joint_devices,Mouse + Trackpad joint,joint_devices_MeanTimeseriesBaseBCC_0019,MeanTimeseriesBaseBCC,propVar_trackpad,323.17016501063773,328.9557264828532,5.785561472215477,5.785561472215477
joint_devices,Mouse + Trackpad joint,joint_devices_MeanTimeseriesBaseBCC_0019,MeanTimeseriesBaseBCC,visVarSlope,0.27629026918966926,0.27724159603519494,0.0009513268455256796,0.0009513268455256796
joint_devices,Mouse + Trackpad joint,joint_devices_MeanTimeseriesBaseBCC_0019,MeanTimeseriesBaseBCC,retention,0.9542390093807874,0.9536577851305059,-0.000581224250281509,0.000581224250281509
joint_devices,Mouse + Trackpad joint,joint_devices_MeanTimeseriesBaseBCC_0019,MeanTimeseriesBaseBCC,lr,0.30485012607839806,0.3068195087812539,0.0019693827028558486,0.0019693827028558486
joint_devices,Mouse + Trackpad joint,joint_devices_MeanTimeseriesCausalInf_0000,MeanTimeseriesCausalInf,senseVar_mouse,4889.2469828410685,5977.570740757536,1088.323757916468,1088.323757916468
joint_devices,Mouse + Trackpad joint,joint_devices_MeanTimeseriesCausalInf_0000,MeanTimeseriesCausalInf,senseVar_trackpad,2422.794171107644,1633.1957751452378,-789.5983959624064,789.5983959624064
joint_devices,Mouse + Trackpad joint,joint_devices_MeanTimeseriesCausalInf_0000,MeanTimeseriesCausalInf,c,0.07974736054492076,3.573168609344659e-05,-0.07971162885882732,0.07971162885882732
joint_devices,Mouse + Trackpad joint,joint_devices_MeanTimeseriesCausalInf_0000,MeanTimeseriesCausalInf,retention,0.9910311762180227,0.9417466722860732,-0.0492845039319495,0.0492845039319495
joint_devices,Mouse + Trackpad joint,joint_devices_MeanTimeseriesCausalInf_0000,MeanTimeseriesCausalInf,lr,0.9916407195841755,0.025856288319186693,-0.9657844312649888,0.9657844312649888
joint_devices,Mouse + Trackpad joint,joint_devices_MeanTimeseriesCausalInf_0001,MeanTimeseriesCausalInf,senseVar_mouse,5067.115112151723,5041.175825927886,-25.93928622383737,25.93928622383737
joint_devices,Mouse + Trackpad joint,joint_devices_MeanTimeseriesCausalInf_0001,MeanTimeseriesCausalInf,senseVar_trackpad,1173.7612390044276,1197.2823305015922,23.52109149716466,23.52109149716466
joint_devices,Mouse + Trackpad joint,joint_devices_MeanTimeseriesCausalInf_0001,MeanTimeseriesCausalInf,c,0.32457342454753907,0.3486539945347724,0.024080569987233347,0.024080569987233347
joint_devices,Mouse + Trackpad joint,joint_devices_MeanTimeseriesCausalInf_0001,MeanTimeseriesCausalInf,retention,0.9546290076384564,0.95520145250444,0.0005724448659836234,0.0005724448659836234
joint_devices,Mouse + Trackpad joint,joint_devices_MeanTimeseriesCausalInf_0001,MeanTimeseriesCausalInf,lr,0.939802457976732,1.0,0.06019754202326799,0.06019754202326799
joint_devices,Mouse + Trackpad joint,joint_devices_MeanTimeseriesCausalInf_0002,MeanTimeseriesCausalInf,senseVar_mouse,4532.160700593487,4535.596415590556,3.4357149970692262,3.4357149970692262
joint_devices,Mouse + Trackpad joint,joint_devices_MeanTimeseriesCausalInf_0002,MeanTimeseriesCausalInf,senseVar_trackpad,728.6112538121325,729.2227924225548,0.611538610422258,0.611538610422258
joint_devices,Mouse + Trackpad joint,joint_devices_MeanTimeseriesCausalInf_0002,MeanTimeseriesCausalInf,c,0.12939677513585718,0.13773610576878945,0.008339330632932268,0.008339330632932268
joint_devices,Mouse + Trackpad joint,joint_devices_MeanTimeseriesCausalInf_0002,MeanTimeseriesCausalInf,retention,0.957689111433381,0.9573705067410986,-0.0003186046922823982,0.0003186046922823982
joint_devices,Mouse + Trackpad joint,joint_devices_MeanTimeseriesCausalInf_0002,MeanTimeseriesCausalInf,lr,0.9048901965969024,0.96683108273021,0.061940886133307616,0.061940886133307616
joint_devices,Mouse + Trackpad joint,joint_devices_MeanTimeseriesCausalInf_0003,MeanTimeseriesCausalInf,senseVar_mouse,5057.025408977177,5102.441230279933,45.41582130275583,45.41582130275583
joint_devices,Mouse + Trackpad joint,joint_devices_MeanTimeseriesCausalInf_0003,MeanTimeseriesCausalInf,senseVar_trackpad,408.2551384574068,430.04279017969395,21.787651722287137,21.787651722287137
joint_devices,Mouse + Trackpad joint,joint_devices_MeanTimeseriesCausalInf_0003,MeanTimeseriesCausalInf,c,0.6787796396675291,0.5858443561191542,-0.09293528354837488,0.09293528354837488
joint_devices,Mouse + Trackpad joint,joint_devices_MeanTimeseriesCausalInf_0003,MeanTimeseriesCausalInf,retention,0.9628024097858278,0.9648804938774237,0.002078084091595933,0.002078084091595933
joint_devices,Mouse + Trackpad joint,joint_devices_MeanTimeseriesCausalInf_0003,MeanTimeseriesCausalInf,lr,0.9848329844317253,0.7964639103580543,-0.18836907407367098,0.18836907407367098
joint_devices,Mouse + Trackpad joint,joint_devices_MeanTimeseriesCausalInf_0004,MeanTimeseriesCausalInf,senseVar_mouse,5217.388187826753,10000.0,4782.611812173247,4782.611812173247
joint_devices,Mouse + Trackpad joint,joint_devices_MeanTimeseriesCausalInf_0004,MeanTimeseriesCausalInf,senseVar_trackpad,851.3315599536168,1385.243918239708,533.9123582860911,533.9123582860911
joint_devices,Mouse + Trackpad joint,joint_devices_MeanTimeseriesCausalInf_0004,MeanTimeseriesCausalInf,c,0.09546101053997298,0.018692336281819124,-0.07676867425815385,0.07676867425815385
joint_devices,Mouse + Trackpad joint,joint_devices_MeanTimeseriesCausalInf_0004,MeanTimeseriesCausalInf,retention,0.9930186455557763,0.9532554133989168,-0.03976323215685951,0.03976323215685951
joint_devices,Mouse + Trackpad joint,joint_devices_MeanTimeseriesCausalInf_0004,MeanTimeseriesCausalInf,lr,0.8188847764145178,0.2837747113429727,-0.5351100650715451,0.5351100650715451
joint_devices,Mouse + Trackpad joint,joint_devices_MeanTimeseriesCausalInf_0005,MeanTimeseriesCausalInf,senseVar_mouse,2590.6377489611805,2577.2301698050605,-13.407579156119937,13.407579156119937
joint_devices,Mouse + Trackpad joint,joint_devices_MeanTimeseriesCausalInf_0005,MeanTimeseriesCausalInf,senseVar_trackpad,651.4666125291495,643.1355214363781,-8.33109109277143,8.33109109277143
joint_devices,Mouse + Trackpad joint,joint_devices_MeanTimeseriesCausalInf_0005,MeanTimeseriesCausalInf,c,0.46593819408475723,0.545102977085696,0.07916478300093877,0.07916478300093877
joint_devices,Mouse + Trackpad joint,joint_devices_MeanTimeseriesCausalInf_0005,MeanTimeseriesCausalInf,retention,0.9497804162412244,0.9521376092544753,0.00235719301325088,0.00235719301325088
joint_devices,Mouse + Trackpad joint,joint_devices_MeanTimeseriesCausalInf_0005,MeanTimeseriesCausalInf,lr,0.8866239453357985,1.0,0.11337605466420153,0.11337605466420153
joint_devices,Mouse + Trackpad joint,joint_devices_MeanTimeseriesCausalInf_0006,MeanTimeseriesCausalInf,senseVar_mouse,749.1903336058615,749.7792087820972,0.5888751762356605,0.5888751762356605
joint_devices,Mouse + Trackpad joint,joint_devices_MeanTimeseriesCausalInf_0006,MeanTimeseriesCausalInf,senseVar_trackpad,3878.180926208,3880.1657764225747,1.9848502145746352,1.9848502145746352
joint_devices,Mouse + Trackpad joint,joint_devices_MeanTimeseriesCausalInf_0006,MeanTimeseriesCausalInf,c,0.19840295836878388,0.20567689767650646,0.007273939307722577,0.007273939307722577
joint_devices,Mouse + Trackpad joint,joint_devices_MeanTimeseriesCausalInf_0006,MeanTimeseriesCausalInf,retention,0.9773659303177027,0.9772578386508746,-0.0001080916668281251,0.0001080916668281251
joint_devices,Mouse + Trackpad joint,joint_devices_MeanTimeseriesCausalInf_0006,MeanTimeseriesCausalInf,lr,0.9631403839871429,1.0,0.036859616012857144,0.036859616012857144
joint_devices,Mouse + Trackpad joint,joint_devices_MeanTimeseriesCausalInf_0007,MeanTimeseriesCausalInf,senseVar_mouse,3195.9798508445588,3180.1972838632933,-15.782566981265518,15.782566981265518
joint_devices,Mouse + Trackpad joint,joint_devices_MeanTimeseriesCausalInf_0007,MeanTimeseriesCausalInf,senseVar_trackpad,3576.1492937843286,3583.650608954277,7.501315169948157,7.501315169948157
joint_devices,Mouse + Trackpad joint,joint_devices_MeanTimeseriesCausalInf_0007,MeanTimeseriesCausalInf,c,0.09565558774941292,0.08510441105387544,-0.010551176695537484,0.010551176695537484
joint_devices,Mouse + Trackpad joint,joint_devices_MeanTimeseriesCausalInf_0007,MeanTimeseriesCausalInf,retention,0.9651010586578115,0.9653134447783295,0.00021238612051799333,0.00021238612051799333
joint_devices,Mouse + Trackpad joint,joint_devices_MeanTimeseriesCausalInf_0007,MeanTimeseriesCausalInf,lr,0.8554041585882033,0.7593744138061076,-0.0960297447820957,0.0960297447820957
joint_devices,Mouse + Trackpad joint,joint_devices_MeanTimeseriesCausalInf_0008,MeanTimeseriesCausalInf,senseVar_mouse,1889.526477346167,1832.747703008718,-56.77877433744902,56.77877433744902
joint_devices,Mouse + Trackpad joint,joint_devices_MeanTimeseriesCausalInf_0008,MeanTimeseriesCausalInf,senseVar_trackpad,540.9853667904873,532.511198351822,-8.474168438665288,8.474168438665288
joint_devices,Mouse + Trackpad joint,joint_devices_MeanTimeseriesCausalInf_0008,MeanTimeseriesCausalInf,c,0.31109225644645205,0.1407020608349576,-0.17039019561149446,0.17039019561149446
joint_devices,Mouse + Trackpad joint,joint_devices_MeanTimeseriesCausalInf_0008,MeanTimeseriesCausalInf,retention,0.9585817459503939,0.9593982330263873,0.0008164870759933551,0.0008164870759933551
joint_devices,Mouse + Trackpad joint,joint_devices_MeanTimeseriesCausalInf_0008,MeanTimeseriesCausalInf,lr,0.8891430903107945,0.40275036535229647,-0.48639272495849806,0.48639272495849806
joint_devices,Mouse + Trackpad joint,joint_devices_MeanTimeseriesCausalInf_0009,MeanTimeseriesCausalInf,senseVar_mouse,582.5291783492144,576.544182098206,-5.984996251008397,5.984996251008397
joint_devices,Mouse + Trackpad joint,joint_devices_MeanTimeseriesCausalInf_0009,MeanTimeseriesCausalInf,senseVar_trackpad,433.9144909891568,434.42845410341357,0.5139631142567964,0.5139631142567964
joint_devices,Mouse + Trackpad joint,joint_devices_MeanTimeseriesCausalInf_0009,MeanTimeseriesCausalInf,c,0.3214712252546346,0.24218481531405267,-0.07928640994058195,0.07928640994058195
joint_devices,Mouse + Trackpad joint,joint_devices_MeanTimeseriesCausalInf_0009,MeanTimeseriesCausalInf,retention,0.9662146883260674,0.9667424002551344,0.0005277119290669763,0.0005277119290669763
joint_devices,Mouse + Trackpad joint,joint_devices_MeanTimeseriesCausalInf_0009,MeanTimeseriesCausalInf,lr,0.9581637900588834,0.7201059884926482,-0.23805780156623524,0.23805780156623524
joint_devices,Mouse + Trackpad joint,joint_devices_MeanTimeseriesCausalInf_0010,MeanTimeseriesCausalInf,senseVar_mouse,602.2598367406645,588.2382657338474,-14.021571006817112,14.021571006817112
joint_devices,Mouse + Trackpad joint,joint_devices_MeanTimeseriesCausalInf_0010,MeanTimeseriesCausalInf,senseVar_trackpad,473.13862977872674,457.44723503651227,-15.69139474221447,15.69139474221447
joint_devices,Mouse + Trackpad joint,joint_devices_MeanTimeseriesCausalInf_0010,MeanTimeseriesCausalInf,c,0.2550420097090933,0.13389476510099318,-0.12114724460810011,0.12114724460810011
joint_devices,Mouse + Trackpad joint,joint_devices_MeanTimeseriesCausalInf_0010,MeanTimeseriesCausalInf,retention,0.9717345033940594,0.97227204931041,0.0005375459163505791,0.0005375459163505791
joint_devices,Mouse + Trackpad joint,joint_devices_MeanTimeseriesCausalInf_0010,MeanTimeseriesCausalInf,lr,0.8803244363187007,0.4721344821316244,-0.4081899541870763,0.4081899541870763
joint_devices,Mouse + Trackpad joint,joint_devices_MeanTimeseriesCausalInf_0011,MeanTimeseriesCausalInf,senseVar_mouse,8554.908731283824,8585.170785658242,30.262054374417858,30.262054374417858
joint_devices,Mouse + Trackpad joint,joint_devices_MeanTimeseriesCausalInf_0011,MeanTimeseriesCausalInf,senseVar_trackpad,454.4261374827012,451.21344477333173,-3.2126927093694917,3.2126927093694917
joint_devices,Mouse + Trackpad joint,joint_devices_MeanTimeseriesCausalInf_0011,MeanTimeseriesCausalInf,c,0.1534372949288723,0.17828303584318686,0.024845740914314574,0.024845740914314574
joint_devices,Mouse + Trackpad joint,joint_devices_MeanTimeseriesCausalInf_0011,MeanTimeseriesCausalInf,retention,0.9505264796740565,0.9510231685558812,0.0004966888818247472,0.0004966888818247472
joint_devices,Mouse + Trackpad joint,joint_devices_MeanTimeseriesCausalInf_0011,MeanTimeseriesCausalInf,lr,0.8719569649212126,1.0,0.12804303507878745,0.12804303507878745
joint_devices,Mouse + Trackpad joint,joint_devices_MeanTimeseriesCausalInf_0012,MeanTimeseriesCausalInf,senseVar_mouse,2816.225572908377,2814.7361181169354,-1.489454791441858,1.489454791441858
joint_devices,Mouse + Trackpad joint,joint_devices_MeanTimeseriesCausalInf_0012,MeanTimeseriesCausalInf,senseVar_trackpad,378.1793723804146,376.9638725255314,-1.2154998548832054,1.2154998548832054
joint_devices,Mouse + Trackpad joint,joint_devices_MeanTimeseriesCausalInf_0012,MeanTimeseriesCausalInf,c,0.11599185242176183,0.11250342227773573,-0.0034884301440260973,0.0034884301440260973
joint_devices,Mouse + Trackpad joint,joint_devices_MeanTimeseriesCausalInf_0012,MeanTimeseriesCausalInf,retention,0.9877984581398811,0.9878049787277756,6.520587894520702e-06,6.520587894520702e-06
joint_devices,Mouse + Trackpad joint,joint_devices_MeanTimeseriesCausalInf_0012,MeanTimeseriesCausalInf,lr,0.9792572416704862,0.9508890538232557,-0.028368187847230497,0.028368187847230497
joint_devices,Mouse + Trackpad joint,joint_devices_MeanTimeseriesCausalInf_0013,MeanTimeseriesCausalInf,senseVar_mouse,582.168422567603,577.2028297433394,-4.965592824263581,4.965592824263581
joint_devices,Mouse + Trackpad joint,joint_devices_MeanTimeseriesCausalInf_0013,MeanTimeseriesCausalInf,senseVar_trackpad,1241.1669090005662,1240.5452846442588,-0.6216243563073931,0.6216243563073931
joint_devices,Mouse + Trackpad joint,joint_devices_MeanTimeseriesCausalInf_0013,MeanTimeseriesCausalInf,c,0.14040034843394916,0.1416660585856363,0.0012657101516871383,0.0012657101516871383
joint_devices,Mouse + Trackpad joint,joint_devices_MeanTimeseriesCausalInf_0013,MeanTimeseriesCausalInf,retention,0.9645733863875375,0.9650822925043668,0.0005089061168292996,0.0005089061168292996
joint_devices,Mouse + Trackpad joint,joint_devices_MeanTimeseriesCausalInf_0013,MeanTimeseriesCausalInf,lr,0.9785275535596226,0.9748721349719769,-0.0036554185876457312,0.0036554185876457312
joint_devices,Mouse + Trackpad joint,joint_devices_MeanTimeseriesCausalInf_0014,MeanTimeseriesCausalInf,senseVar_mouse,4765.266791412261,4925.248745437709,159.98195402544752,159.98195402544752
joint_devices,Mouse + Trackpad joint,joint_devices_MeanTimeseriesCausalInf_0014,MeanTimeseriesCausalInf,senseVar_trackpad,2276.8252218747684,2201.8156651164963,-75.00955675827208,75.00955675827208
joint_devices,Mouse + Trackpad joint,joint_devices_MeanTimeseriesCausalInf_0014,MeanTimeseriesCausalInf,c,0.12005764079419759,0.09973996879162678,-0.020317672002570814,0.020317672002570814
joint_devices,Mouse + Trackpad joint,joint_devices_MeanTimeseriesCausalInf_0014,MeanTimeseriesCausalInf,retention,0.9915475548182815,0.9878719752231041,-0.0036755795951773917,0.0036755795951773917
joint_devices,Mouse + Trackpad joint,joint_devices_MeanTimeseriesCausalInf_0014,MeanTimeseriesCausalInf,lr,0.9149238587663303,0.9982040692148633,0.08328021044853295,0.08328021044853295
joint_devices,Mouse + Trackpad joint,joint_devices_MeanTimeseriesCausalInf_0015,MeanTimeseriesCausalInf,senseVar_mouse,6873.758949323932,6899.739956895451,25.981007571518603,25.981007571518603
joint_devices,Mouse + Trackpad joint,joint_devices_MeanTimeseriesCausalInf_0015,MeanTimeseriesCausalInf,senseVar_trackpad,2186.2196242732234,2187.07194254197,0.8523182687467852,0.8523182687467852
joint_devices,Mouse + Trackpad joint,joint_devices_MeanTimeseriesCausalInf_0015,MeanTimeseriesCausalInf,c,0.10969280473904362,0.1143091075095856,0.00461630277054198,0.00461630277054198
joint_devices,Mouse + Trackpad joint,joint_devices_MeanTimeseriesCausalInf_0015,MeanTimeseriesCausalInf,retention,0.9720421504251568,0.9721884981252781,0.00014634770012122988,0.00014634770012122988
joint_devices,Mouse + Trackpad joint,joint_devices_MeanTimeseriesCausalInf_0015,MeanTimeseriesCausalInf,lr,0.8448308335821064,0.8750612042412429,0.030230370659136474,0.030230370659136474
joint_devices,Mouse + Trackpad joint,joint_devices_MeanTimeseriesCausalInf_0016,MeanTimeseriesCausalInf,senseVar_mouse,1951.8896963134139,1967.7389918118593,15.849295498445372,15.849295498445372
joint_devices,Mouse + Trackpad joint,joint_devices_MeanTimeseriesCausalInf_0016,MeanTimeseriesCausalInf,senseVar_trackpad,795.0268853694732,800.5393222772037,5.512436907730489,5.512436907730489
joint_devices,Mouse + Trackpad joint,joint_devices_MeanTimeseriesCausalInf_0016,MeanTimeseriesCausalInf,c,0.6911228095215061,0.7503415954456034,0.05921878592409735,0.05921878592409735
joint_devices,Mouse + Trackpad joint,joint_devices_MeanTimeseriesCausalInf_0016,MeanTimeseriesCausalInf,retention,0.9871427576910805,0.9875495032377274,0.00040674554664688056,0.00040674554664688056
joint_devices,Mouse + Trackpad joint,joint_devices_MeanTimeseriesCausalInf_0016,MeanTimeseriesCausalInf,lr,0.9443540472487475,0.9998664567378338,0.05551240948908631,0.05551240948908631
joint_devices,Mouse + Trackpad joint,joint_devices_MeanTimeseriesCausalInf_0017,MeanTimeseriesCausalInf,senseVar_mouse,1489.856381223905,1498.443458457223,8.587077233318041,8.587077233318041
joint_devices,Mouse + Trackpad joint,joint_devices_MeanTimeseriesCausalInf_0017,MeanTimeseriesCausalInf,senseVar_trackpad,972.8837613332729,979.687214187438,6.80345285416513,6.80345285416513
joint_devices,Mouse + Trackpad joint,joint_devices_MeanTimeseriesCausalInf_0017,MeanTimeseriesCausalInf,c,0.07020033989970127,0.07781033918927713,0.007609999289575856,0.007609999289575856
joint_devices,Mouse + Trackpad joint,joint_devices_MeanTimeseriesCausalInf_0017,MeanTimeseriesCausalInf,retention,0.9597081795107666,0.9596001582387629,-0.00010802127200371103,0.00010802127200371103
joint_devices,Mouse + Trackpad joint,joint_devices_MeanTimeseriesCausalInf_0017,MeanTimeseriesCausalInf,lr,0.8088651714625199,0.8916432294197466,0.0827780579572267,0.0827780579572267
joint_devices,Mouse + Trackpad joint,joint_devices_MeanTimeseriesCausalInf_0018,MeanTimeseriesCausalInf,senseVar_mouse,3124.5263820048563,3133.870241934303,9.343859929446808,9.343859929446808
joint_devices,Mouse + Trackpad joint,joint_devices_MeanTimeseriesCausalInf_0018,MeanTimeseriesCausalInf,senseVar_trackpad,3595.6338757781,3594.6044234704464,-1.029452307653628,1.029452307653628
joint_devices,Mouse + Trackpad joint,joint_devices_MeanTimeseriesCausalInf_0018,MeanTimeseriesCausalInf,c,0.24004703117244133,0.27181117780370434,0.03176414663126301,0.03176414663126301
joint_devices,Mouse + Trackpad joint,joint_devices_MeanTimeseriesCausalInf_0018,MeanTimeseriesCausalInf,retention,0.9838107650656728,0.9836472584666847,-0.00016350659898811681,0.00016350659898811681
joint_devices,Mouse + Trackpad joint,joint_devices_MeanTimeseriesCausalInf_0018,MeanTimeseriesCausalInf,lr,0.8398770632719164,0.9536444309805577,0.11376736770864138,0.11376736770864138
joint_devices,Mouse + Trackpad joint,joint_devices_MeanTimeseriesCausalInf_0019,MeanTimeseriesCausalInf,senseVar_mouse,1674.817548900606,1675.3878040174466,0.5702551168405989,0.5702551168405989
joint_devices,Mouse + Trackpad joint,joint_devices_MeanTimeseriesCausalInf_0019,MeanTimeseriesCausalInf,senseVar_trackpad,3038.210902461549,3028.6554597856216,-9.555442675927225,9.555442675927225
joint_devices,Mouse + Trackpad joint,joint_devices_MeanTimeseriesCausalInf_0019,MeanTimeseriesCausalInf,c,0.06052598930112135,0.05722857643016756,-0.0032974128709537948,0.0032974128709537948
joint_devices,Mouse + Trackpad joint,joint_devices_MeanTimeseriesCausalInf_0019,MeanTimeseriesCausalInf,retention,0.960144029883166,0.9603168386333271,0.00017280875016101316,0.00017280875016101316
joint_devices,Mouse + Trackpad joint,joint_devices_MeanTimeseriesCausalInf_0019,MeanTimeseriesCausalInf,lr,0.9692029331249719,0.9173594014250983,-0.051843531699873546,0.051843531699873546
joint_devices,Mouse + Trackpad joint,joint_devices_MeanTimeseriesVectorBCC_0000,MeanTimeseriesVectorBCC,propVar_mouse,117.39158906269545,117.83666711872776,0.4450780560323153,0.4450780560323153
joint_devices,Mouse + Trackpad joint,joint_devices_MeanTimeseriesVectorBCC_0000,MeanTimeseriesVectorBCC,propVar_trackpad,33.03644694875382,33.075573539221764,0.03912659046794431,0.03912659046794431
joint_devices,Mouse + Trackpad joint,joint_devices_MeanTimeseriesVectorBCC_0000,MeanTimeseriesVectorBCC,visVarSlope,0.08305933504199169,0.08375930523879872,0.0006999701968070371,0.0006999701968070371
joint_devices,Mouse + Trackpad joint,joint_devices_MeanTimeseriesVectorBCC_0000,MeanTimeseriesVectorBCC,retention,0.977177930671538,0.9769370203682148,-0.00024091030332318297,0.00024091030332318297
joint_devices,Mouse + Trackpad joint,joint_devices_MeanTimeseriesVectorBCC_0000,MeanTimeseriesVectorBCC,lr,0.1337127192856626,0.13430930284151443,0.0005965835558518207,0.0005965835558518207
joint_devices,Mouse + Trackpad joint,joint_devices_MeanTimeseriesVectorBCC_0001,MeanTimeseriesVectorBCC,propVar_mouse,230.28305610381747,428.4999382607876,198.21688215697012,198.21688215697012
joint_devices,Mouse + Trackpad joint,joint_devices_MeanTimeseriesVectorBCC_0001,MeanTimeseriesVectorBCC,propVar_trackpad,424.06421499644347,1000.0,575.9357850035565,575.9357850035565
joint_devices,Mouse + Trackpad joint,joint_devices_MeanTimeseriesVectorBCC_0001,MeanTimeseriesVectorBCC,visVarSlope,0.010642652136096945,0.012130722969828802,0.0014880708337318572,0.0014880708337318572
joint_devices,Mouse + Trackpad joint,joint_devices_MeanTimeseriesVectorBCC_0001,MeanTimeseriesVectorBCC,retention,0.9659003983153875,0.9658289000490403,-7.149826634722523e-05,7.149826634722523e-05
joint_devices,Mouse + Trackpad joint,joint_devices_MeanTimeseriesVectorBCC_0001,MeanTimeseriesVectorBCC,lr,0.10557437127401108,0.10379744165635035,-0.0017769296176607247,0.0017769296176607247
joint_devices,Mouse + Trackpad joint,joint_devices_MeanTimeseriesVectorBCC_0002,MeanTimeseriesVectorBCC,propVar_mouse,386.8950976469008,365.9735943488876,-20.921503298013192,20.921503298013192
joint_devices,Mouse + Trackpad joint,joint_devices_MeanTimeseriesVectorBCC_0002,MeanTimeseriesVectorBCC,propVar_trackpad,127.78561513996316,122.18171145622183,-5.603903683741322,5.603903683741322
joint_devices,Mouse + Trackpad joint,joint_devices_MeanTimeseriesVectorBCC_0002,MeanTimeseriesVectorBCC,visVarSlope,0.16095019255734336,0.1603229552380277,-0.00062723731931566,0.00062723731931566
joint_devices,Mouse + Trackpad joint,joint_devices_MeanTimeseriesVectorBCC_0002,MeanTimeseriesVectorBCC,retention,0.9541946719216047,0.9566206837978876,0.0024260118762828853,0.0024260118762828853
joint_devices,Mouse + Trackpad joint,joint_devices_MeanTimeseriesVectorBCC_0002,MeanTimeseriesVectorBCC,lr,0.0955006834784729,0.09175796749753554,-0.0037427159809373667,0.0037427159809373667
joint_devices,Mouse + Trackpad joint,joint_devices_MeanTimeseriesVectorBCC_0003,MeanTimeseriesVectorBCC,propVar_mouse,145.60092951466711,162.74250172703566,17.141572212368544,17.141572212368544
joint_devices,Mouse + Trackpad joint,joint_devices_MeanTimeseriesVectorBCC_0003,MeanTimeseriesVectorBCC,propVar_trackpad,177.5930583788578,203.99373877145203,26.40068039259424,26.40068039259424
joint_devices,Mouse + Trackpad joint,joint_devices_MeanTimeseriesVectorBCC_0003,MeanTimeseriesVectorBCC,visVarSlope,0.28780703907215177,0.28747294859049183,-0.00033409048165994326,0.00033409048165994326
joint_devices,Mouse + Trackpad joint,joint_devices_MeanTimeseriesVectorBCC_0003,MeanTimeseriesVectorBCC,retention,0.956234231012419,0.9601196504281144,0.0038854194156954236,0.0038854194156954236
joint_devices,Mouse + Trackpad joint,joint_devices_MeanTimeseriesVectorBCC_0003,MeanTimeseriesVectorBCC,lr,0.06038121102465995,0.05379859022187425,-0.006582620802785703,0.006582620802785703
joint_devices,Mouse + Trackpad joint,joint_devices_MeanTimeseriesVectorBCC_0004,MeanTimeseriesVectorBCC,propVar_mouse,271.6109699675199,306.5504359177406,34.939465950220665,34.939465950220665
joint_devices,Mouse + Trackpad joint,joint_devices_MeanTimeseriesVectorBCC_0004,MeanTimeseriesVectorBCC,propVar_trackpad,59.40164558003607,61.72988450850027,2.328238928464202,2.328238928464202
joint_devices,Mouse + Trackpad joint,joint_devices_MeanTimeseriesVectorBCC_0004,MeanTimeseriesVectorBCC,visVarSlope,0.029032246759338434,0.029894460689247063,0.0008622139299086298,0.0008622139299086298
joint_devices,Mouse + Trackpad joint,joint_devices_MeanTimeseriesVectorBCC_0004,MeanTimeseriesVectorBCC,retention,0.9997813518721838,0.9993146050700676,-0.00046674680211611363,0.00046674680211611363
joint_devices,Mouse + Trackpad joint,joint_devices_MeanTimeseriesVectorBCC_0004,MeanTimeseriesVectorBCC,lr,0.2427734895959717,0.24419674103292263,0.0014232514369509341,0.0014232514369509341
joint_devices,Mouse + Trackpad joint,joint_devices_MeanTimeseriesVectorBCC_0005,MeanTimeseriesVectorBCC,propVar_mouse,214.10607581825695,1000.0,785.893924181743,785.893924181743
joint_devices,Mouse + Trackpad joint,joint_devices_MeanTimeseriesVectorBCC_0005,MeanTimeseriesVectorBCC,propVar_trackpad,108.35871528485526,231.99410849097825,123.63539320612298,123.63539320612298
joint_devices,Mouse + Trackpad joint,joint_devices_MeanTimeseriesVectorBCC_0005,MeanTimeseriesVectorBCC,visVarSlope,0.0036927803258633525,0.005174566283496293,0.0014817859576329402,0.0014817859576329402
joint_devices,Mouse + Trackpad joint,joint_devices_MeanTimeseriesVectorBCC_0005,MeanTimeseriesVectorBCC,retention,0.9553759733932415,0.9527212864358308,-0.002654686957410779,0.002654686957410779
joint_devices,Mouse + Trackpad joint,joint_devices_MeanTimeseriesVectorBCC_0005,MeanTimeseriesVectorBCC,lr,0.19700927315887193,0.19409865989293945,-0.002910613265932477,0.002910613265932477
joint_devices,Mouse + Trackpad joint,joint_devices_MeanTimeseriesVectorBCC_0006,MeanTimeseriesVectorBCC,propVar_mouse,484.9311816268068,387.56969028404023,-97.36149134276656,97.36149134276656
joint_devices,Mouse + Trackpad joint,joint_devices_MeanTimeseriesVectorBCC_0006,MeanTimeseriesVectorBCC,propVar_trackpad,57.89717976044777,50.15369186416986,-7.743487896277912,7.743487896277912
joint_devices,Mouse + Trackpad joint,joint_devices_MeanTimeseriesVectorBCC_0006,MeanTimeseriesVectorBCC,visVarSlope,0.19171872752433172,0.1852330920722384,-0.006485635452093325,0.006485635452093325
joint_devices,Mouse + Trackpad joint,joint_devices_MeanTimeseriesVectorBCC_0006,MeanTimeseriesVectorBCC,retention,0.9571260004284875,0.9571589896640931,3.2989235605573874e-05,3.2989235605573874e-05
joint_devices,Mouse + Trackpad joint,joint_devices_MeanTimeseriesVectorBCC_0006,MeanTimeseriesVectorBCC,lr,0.026430093267670093,0.026941469499992498,0.0005113762323224053,0.0005113762323224053
joint_devices,Mouse + Trackpad joint,joint_devices_MeanTimeseriesVectorBCC_0007,MeanTimeseriesVectorBCC,propVar_mouse,140.6237988626475,1000.0,859.3762011373525,859.3762011373525
joint_devices,Mouse + Trackpad joint,joint_devices_MeanTimeseriesVectorBCC_0007,MeanTimeseriesVectorBCC,propVar_trackpad,98.86294619967093,279.87664839690234,181.0137021972314,181.0137021972314
joint_devices,Mouse + Trackpad joint,joint_devices_MeanTimeseriesVectorBCC_0007,MeanTimeseriesVectorBCC,visVarSlope,0.003315868722132736,0.0043664379765172455,0.0010505692543845094,0.0010505692543845094
joint_devices,Mouse + Trackpad joint,joint_devices_MeanTimeseriesVectorBCC_0007,MeanTimeseriesVectorBCC,retention,0.9830987392431169,0.9819795884156808,-0.0011191508274360773,0.0011191508274360773
joint_devices,Mouse + Trackpad joint,joint_devices_MeanTimeseriesVectorBCC_0007,MeanTimeseriesVectorBCC,lr,0.041908166363040365,0.041521746141578254,-0.00038642022146211097,0.00038642022146211097
joint_devices,Mouse + Trackpad joint,joint_devices_MeanTimeseriesVectorBCC_0008,MeanTimeseriesVectorBCC,propVar_mouse,788.8504190617024,960.7562494560152,171.90583039431283,171.90583039431283
joint_devices,Mouse + Trackpad joint,joint_devices_MeanTimeseriesVectorBCC_0008,MeanTimeseriesVectorBCC,propVar_trackpad,80.70794020540636,85.29432394277279,4.5863837373664325,4.5863837373664325
joint_devices,Mouse + Trackpad joint,joint_devices_MeanTimeseriesVectorBCC_0008,MeanTimeseriesVectorBCC,visVarSlope,0.061395587921018596,0.0629368458878861,0.001541257966867507,0.001541257966867507
joint_devices,Mouse + Trackpad joint,joint_devices_MeanTimeseriesVectorBCC_0008,MeanTimeseriesVectorBCC,retention,0.9845286169572861,0.9844073352989232,-0.00012128165836289284,0.00012128165836289284
joint_devices,Mouse + Trackpad joint,joint_devices_MeanTimeseriesVectorBCC_0008,MeanTimeseriesVectorBCC,lr,0.09801596406503205,0.09756754672243019,-0.00044841734260185617,0.00044841734260185617
joint_devices,Mouse + Trackpad joint,joint_devices_MeanTimeseriesVectorBCC_0009,MeanTimeseriesVectorBCC,propVar_mouse,374.44600013609596,371.0634953730301,-3.3825047630658673,3.3825047630658673
joint_devices,Mouse + Trackpad joint,joint_devices_MeanTimeseriesVectorBCC_0009,MeanTimeseriesVectorBCC,propVar_trackpad,50.82472258364333,51.64698008621005,0.8222575025667211,0.8222575025667211
joint_devices,Mouse + Trackpad joint,joint_devices_MeanTimeseriesVectorBCC_0009,MeanTimeseriesVectorBCC,visVarSlope,0.3301659286714145,0.32776147387467697,-0.0024044547967375096,0.0024044547967375096
joint_devices,Mouse + Trackpad joint,joint_devices_MeanTimeseriesVectorBCC_0009,MeanTimeseriesVectorBCC,retention,0.9675898838614332,0.967882696366492,0.00029281250505885925,0.00029281250505885925
joint_devices,Mouse + Trackpad joint,joint_devices_MeanTimeseriesVectorBCC_0009,MeanTimeseriesVectorBCC,lr,0.20068222470178493,0.19787516966192437,-0.002807055039860562,0.002807055039860562
joint_devices,Mouse + Trackpad joint,joint_devices_MeanTimeseriesVectorBCC_0010,MeanTimeseriesVectorBCC,propVar_mouse,772.1496124262399,806.4100114937847,34.26039906754488,34.26039906754488
joint_devices,Mouse + Trackpad joint,joint_devices_MeanTimeseriesVectorBCC_0010,MeanTimeseriesVectorBCC,propVar_trackpad,249.7406140321858,255.79063831803285,6.0500242858470585,6.0500242858470585
joint_devices,Mouse + Trackpad joint,joint_devices_MeanTimeseriesVectorBCC_0010,MeanTimeseriesVectorBCC,visVarSlope,0.2436022785913911,0.2462135286453453,0.002611250053954184,0.002611250053954184
joint_devices,Mouse + Trackpad joint,joint_devices_MeanTimeseriesVectorBCC_0010,MeanTimeseriesVectorBCC,retention,0.9875450069527834,0.987326195877295,-0.00021881107548837875,0.00021881107548837875
joint_devices,Mouse + Trackpad joint,joint_devices_MeanTimeseriesVectorBCC_0010,MeanTimeseriesVectorBCC,lr,0.09600682382622645,0.09753775130635056,0.0015309274801241085,0.0015309274801241085
joint_devices,Mouse + Trackpad joint,joint_devices_MeanTimeseriesVectorBCC_0011,MeanTimeseriesVectorBCC,propVar_mouse,282.05254269852094,445.1890289989263,163.13648630040535,163.13648630040535
joint_devices,Mouse + Trackpad joint,joint_devices_MeanTimeseriesVectorBCC_0011,MeanTimeseriesVectorBCC,propVar_trackpad,211.35734430516735,363.3359208493666,151.97857654419923,151.97857654419923
joint_devices,Mouse + Trackpad joint,joint_devices_MeanTimeseriesVectorBCC_0011,MeanTimeseriesVectorBCC,visVarSlope,0.3297014588609538,0.3765009880282983,0.04679952916734448,0.04679952916734448
joint_devices,Mouse + Trackpad joint,joint_devices_MeanTimeseriesVectorBCC_0011,MeanTimeseriesVectorBCC,retention,0.9618872023906868,0.9561604470804763,-0.005726755310210496,0.005726755310210496
joint_devices,Mouse + Trackpad joint,joint_devices_MeanTimeseriesVectorBCC_0011,MeanTimeseriesVectorBCC,lr,0.2569250057752055,0.2749102848696617,0.017985279094456186,0.017985279094456186
joint_devices,Mouse + Trackpad joint,joint_devices_MeanTimeseriesVectorBCC_0012,MeanTimeseriesVectorBCC,propVar_mouse,724.7371471979633,1000.0,275.2628528020367,275.2628528020367
joint_devices,Mouse + Trackpad joint,joint_devices_MeanTimeseriesVectorBCC_0012,MeanTimeseriesVectorBCC,propVar_trackpad,102.18640500872124,114.0429845469928,11.85657953827156,11.85657953827156
joint_devices,Mouse + Trackpad joint,joint_devices_MeanTimeseriesVectorBCC_0012,MeanTimeseriesVectorBCC,visVarSlope,0.3773146238841374,0.39382963533492393,0.016515011450786543,0.016515011450786543
joint_devices,Mouse + Trackpad joint,joint_devices_MeanTimeseriesVectorBCC_0012,MeanTimeseriesVectorBCC,retention,0.9767231926343104,0.9755713995030332,-0.0011517931312772234,0.0011517931312772234
joint_devices,Mouse + Trackpad joint,joint_devices_MeanTimeseriesVectorBCC_0012,MeanTimeseriesVectorBCC,lr,0.09289017972016327,0.0965283830253473,0.0036382033051840373,0.0036382033051840373
joint_devices,Mouse + Trackpad joint,joint_devices_MeanTimeseriesVectorBCC_0013,MeanTimeseriesVectorBCC,propVar_mouse,251.1632573054833,254.19549903054272,3.032241725059407,3.032241725059407
joint_devices,Mouse + Trackpad joint,joint_devices_MeanTimeseriesVectorBCC_0013,MeanTimeseriesVectorBCC,propVar_trackpad,33.228369227782416,34.04452997489441,0.8161607471119936,0.8161607471119936
joint_devices,Mouse + Trackpad joint,joint_devices_MeanTimeseriesVectorBCC_0013,MeanTimeseriesVectorBCC,visVarSlope,0.3338068233744988,0.33362796351334906,-0.00017885986114973829,0.00017885986114973829
joint_devices,Mouse + Trackpad joint,joint_devices_MeanTimeseriesVectorBCC_0013,MeanTimeseriesVectorBCC,retention,0.9657339089834872,0.9674256324810093,0.001691723497522113,0.001691723497522113
joint_devices,Mouse + Trackpad joint,joint_devices_MeanTimeseriesVectorBCC_0013,MeanTimeseriesVectorBCC,lr,0.17274543950282073,0.16414908434988537,-0.008596355152935359,0.008596355152935359
joint_devices,Mouse + Trackpad joint,joint_devices_MeanTimeseriesVectorBCC_0014,MeanTimeseriesVectorBCC,propVar_mouse,877.3093300628832,1000.0,122.69066993711681,122.69066993711681
joint_devices,Mouse + Trackpad joint,joint_devices_MeanTimeseriesVectorBCC_0014,MeanTimeseriesVectorBCC,propVar_trackpad,142.9619916329837,146.8062137398367,3.844222106852982,3.844222106852982
joint_devices,Mouse + Trackpad joint,joint_devices_MeanTimeseriesVectorBCC_0014,MeanTimeseriesVectorBCC,visVarSlope,0.009109925775373489,0.009503760218929768,0.0003938344435562794,0.0003938344435562794
joint_devices,Mouse + Trackpad joint,joint_devices_MeanTimeseriesVectorBCC_0014,MeanTimeseriesVectorBCC,retention,0.9583562136061808,0.9582121903733639,-0.00014402323281692553,0.00014402323281692553
joint_devices,Mouse + Trackpad joint,joint_devices_MeanTimeseriesVectorBCC_0014,MeanTimeseriesVectorBCC,lr,0.26648586245473876,0.26627116421044683,-0.00021469824429193318,0.00021469824429193318
joint_devices,Mouse + Trackpad joint,joint_devices_MeanTimeseriesVectorBCC_0015,MeanTimeseriesVectorBCC,propVar_mouse,447.6397629618885,413.2771832890191,-34.3625796728694,34.3625796728694
joint_devices,Mouse + Trackpad joint,joint_devices_MeanTimeseriesVectorBCC_0015,MeanTimeseriesVectorBCC,propVar_trackpad,275.8632859859144,260.84814609088477,-15.01513989502962,15.01513989502962
joint_devices,Mouse + Trackpad joint,joint_devices_MeanTimeseriesVectorBCC_0015,MeanTimeseriesVectorBCC,visVarSlope,0.06778962542692392,0.06651528103144723,-0.0012743443954766898,0.0012743443954766898
joint_devices,Mouse + Trackpad joint,joint_devices_MeanTimeseriesVectorBCC_0015,MeanTimeseriesVectorBCC,retention,0.991728519178109,0.9919691973523524,0.00024067817424344717,0.00024067817424344717
joint_devices,Mouse + Trackpad joint,joint_devices_MeanTimeseriesVectorBCC_0015,MeanTimeseriesVectorBCC,lr,0.2570617769247384,0.25743428464733253,0.0003725077225941176,0.0003725077225941176
joint_devices,Mouse + Trackpad joint,joint_devices_MeanTimeseriesVectorBCC_0016,MeanTimeseriesVectorBCC,propVar_mouse,251.02198040205374,226.3012883701575,-24.72069203189625,24.72069203189625
joint_devices,Mouse + Trackpad joint,joint_devices_MeanTimeseriesVectorBCC_0016,MeanTimeseriesVectorBCC,propVar_trackpad,89.433647521489,83.20981354714785,-6.223833974341147,6.223833974341147
joint_devices,Mouse + Trackpad joint,joint_devices_MeanTimeseriesVectorBCC_0016,MeanTimeseriesVectorBCC,visVarSlope,0.3641396512956955,0.3503507970616648,-0.0137888542340307,0.0137888542340307
joint_devices,Mouse + Trackpad joint,joint_devices_MeanTimeseriesVectorBCC_0016,MeanTimeseriesVectorBCC,retention,0.997993940868502,0.9984247528812836,0.00043081201278161174,0.00043081201278161174
joint_devices,Mouse + Trackpad joint,joint_devices_MeanTimeseriesVectorBCC_0016,MeanTimeseriesVectorBCC,lr,0.07670095622560409,0.0750151097931198,-0.0016858464324842892,0.0016858464324842892
joint_devices,Mouse + Trackpad joint,joint_devices_MeanTimeseriesVectorBCC_0017,MeanTimeseriesVectorBCC,propVar_mouse,349.07502888580194,293.14779287640266,-55.92723600939928,55.92723600939928
joint_devices,Mouse + Trackpad joint,joint_devices_MeanTimeseriesVectorBCC_0017,MeanTimeseriesVectorBCC,propVar_trackpad,120.85427227188896,105.91951470968368,-14.934757562205277,14.934757562205277
joint_devices,Mouse + Trackpad joint,joint_devices_MeanTimeseriesVectorBCC_0017,MeanTimeseriesVectorBCC,visVarSlope,0.2066108739818248,0.19817812258733988,-0.008432751394484905,0.008432751394484905
joint_devices,Mouse + Trackpad joint,joint_devices_MeanTimeseriesVectorBCC_0017,MeanTimeseriesVectorBCC,retention,0.9779317167018006,0.9784120336566456,0.00048031695484507253,0.00048031695484507253
joint_devices,Mouse + Trackpad joint,joint_devices_MeanTimeseriesVectorBCC_0017,MeanTimeseriesVectorBCC,lr,0.08536337585939814,0.0853157755904761,-4.760026892204616e-05,4.760026892204616e-05
joint_devices,Mouse + Trackpad joint,joint_devices_MeanTimeseriesVectorBCC_0018,MeanTimeseriesVectorBCC,propVar_mouse,645.7126494759169,652.7293462229027,7.016696746985758,7.016696746985758
joint_devices,Mouse + Trackpad joint,joint_devices_MeanTimeseriesVectorBCC_0018,MeanTimeseriesVectorBCC,propVar_trackpad,339.9433423665252,353.3524620139067,13.409119647381488,13.409119647381488
joint_devices,Mouse + Trackpad joint,joint_devices_MeanTimeseriesVectorBCC_0018,MeanTimeseriesVectorBCC,visVarSlope,0.049287238436573864,0.0497012709476415,0.00041403251106763433,0.00041403251106763433
joint_devices,Mouse + Trackpad joint,joint_devices_MeanTimeseriesVectorBCC_0018,MeanTimeseriesVectorBCC,retention,0.9827612399098944,0.9823463312111764,-0.000414908698717964,0.000414908698717964
joint_devices,Mouse + Trackpad joint,joint_devices_MeanTimeseriesVectorBCC_0018,MeanTimeseriesVectorBCC,lr,0.20214759942607372,0.20610192399944652,0.003954324573372803,0.003954324573372803
joint_devices,Mouse + Trackpad joint,joint_devices_MeanTimeseriesVectorBCC_0019,MeanTimeseriesVectorBCC,propVar_mouse,179.7344293863759,165.04500661752692,-14.68942276884897,14.68942276884897
joint_devices,Mouse + Trackpad joint,joint_devices_MeanTimeseriesVectorBCC_0019,MeanTimeseriesVectorBCC,propVar_trackpad,192.31097771738126,175.19723422108106,-17.113743496300202,17.113743496300202
joint_devices,Mouse + Trackpad joint,joint_devices_MeanTimeseriesVectorBCC_0019,MeanTimeseriesVectorBCC,visVarSlope,0.24834214150854364,0.2407938920709267,-0.0075482494376169496,0.0075482494376169496
joint_devices,Mouse + Trackpad joint,joint_devices_MeanTimeseriesVectorBCC_0019,MeanTimeseriesVectorBCC,retention,0.9598795239744567,0.9614181329827121,0.0015386090082553094,0.0015386090082553094
joint_devices,Mouse + Trackpad joint,joint_devices_MeanTimeseriesVectorBCC_0019,MeanTimeseriesVectorBCC,lr,0.23029136464563515,0.22590565685095626,-0.004385707794678895,0.004385707794678895
