subsetSlug,deviceSubsetSlug,deviceSubsetLabel,syntheticId,metric,rmsDiffAcrossClampGrid,meanAbsDiffAcrossClampGrid,maxAbsDiffAcrossClampGrid
joint_devices,mouse,Mouse,joint_devices_MeanTimeseriesVectorBCC_0000,w_visual,0.0016684295356913215,0.001334070315668713,0.0026358955379972016
joint_devices,mouse,Mouse,joint_devices_MeanTimeseriesVectorBCC_0000,w_proprioceptive,0.0002933908289461518,0.00021274473228315768,0.0006166659806994268
joint_devices,mouse,Mouse,joint_devices_MeanTimeseriesVectorBCC_0000,w_motor_prior,0.001429616575802211,0.0011579060072647888,0.0021828130458977912
joint_devices,mouse,Mouse,joint_devices_MeanTimeseriesVectorBCC_0000,beta_lr_times_w_visual,0.00034932613627934074,0.00029380095375582983,0.0005515176038161929
joint_devices,mouse,Mouse,joint_devices_MeanTimeseriesVectorBCC_0000,alpha_retention_minus_lr_times_w_proprioceptive,0.00037372112116504125,0.0003631971846577847,0.000468447941039285
joint_devices,trackpad,Trackpad,joint_devices_MeanTimeseriesVectorBCC_0000,w_visual,0.0013820902502530593,0.001180371791213804,0.0024622019469366374
joint_devices,trackpad,Trackpad,joint_devices_MeanTimeseriesVectorBCC_0000,w_proprioceptive,0.0006348277531873026,0.000512601454032497,0.0012115278847736333
joint_devices,trackpad,Trackpad,joint_devices_MeanTimeseriesVectorBCC_0000,w_motor_prior,0.0007587274771677552,0.0006677703371812914,0.0012506740621630041
joint_devices,trackpad,Trackpad,joint_devices_MeanTimeseriesVectorBCC_0000,beta_lr_times_w_visual,0.00026498248969328986,0.00022160519776308536,0.0004763808033140249
joint_devices,trackpad,Trackpad,joint_devices_MeanTimeseriesVectorBCC_0000,alpha_retention_minus_lr_times_w_proprioceptive,0.0005125849299955427,0.0004967310328904406,0.0006269924399645577
joint_devices,mouse,Mouse,joint_devices_MeanTimeseriesVectorBCC_0001,w_visual,0.004842689036550203,0.004342385268721091,0.006194131979180062
joint_devices,mouse,Mouse,joint_devices_MeanTimeseriesVectorBCC_0001,w_proprioceptive,0.011435974623878055,0.010609642406779104,0.018397711703360787
joint_devices,mouse,Mouse,joint_devices_MeanTimeseriesVectorBCC_0001,w_motor_prior,0.009320185350020911,0.00644637946438178,0.019114201008655712
joint_devices,mouse,Mouse,joint_devices_MeanTimeseriesVectorBCC_0001,beta_lr_times_w_visual,0.001183904132323663,0.0011707685964332994,0.0015273547918319974
joint_devices,mouse,Mouse,joint_devices_MeanTimeseriesVectorBCC_0001,alpha_retention_minus_lr_times_w_proprioceptive,0.0011711911961647425,0.0010752161814036876,0.0019227614890587885
joint_devices,trackpad,Trackpad,joint_devices_MeanTimeseriesVectorBCC_0001,w_visual,0.007329631347550593,0.005746949136888918,0.01505484282100622
joint_devices,trackpad,Trackpad,joint_devices_MeanTimeseriesVectorBCC_0001,w_proprioceptive,0.007693676774712122,0.0071187797466902855,0.012410506816850445
joint_devices,trackpad,Trackpad,joint_devices_MeanTimeseriesVectorBCC_0001,w_motor_prior,0.013745859364083908,0.009638040191984882,0.02746534963785663
joint_devices,trackpad,Trackpad,joint_devices_MeanTimeseriesVectorBCC_0001,beta_lr_times_w_visual,0.0018888662504687296,0.0017896737488485078,0.002890538112376051
joint_devices,trackpad,Trackpad,joint_devices_MeanTimeseriesVectorBCC_0001,alpha_retention_minus_lr_times_w_proprioceptive,0.0007583826427433345,0.0006906774222506518,0.0012586782103249927
joint_devices,mouse,Mouse,joint_devices_MeanTimeseriesVectorBCC_0002,w_visual,0.0006460479893046002,0.0005855468158965805,0.0009891809414445119
joint_devices,mouse,Mouse,joint_devices_MeanTimeseriesVectorBCC_0002,w_proprioceptive,0.004881013416505229,0.0039969910770399466,0.007568376839089841
joint_devices,mouse,Mouse,joint_devices_MeanTimeseriesVectorBCC_0002,w_motor_prior,0.004534877593696691,0.003411444261143407,0.007394015812035026
joint_devices,mouse,Mouse,joint_devices_MeanTimeseriesVectorBCC_0002,beta_lr_times_w_visual,0.002401857782723001,0.0020056032882635293,0.0035462264656517944
joint_devices,mouse,Mouse,joint_devices_MeanTimeseriesVectorBCC_0002,alpha_retention_minus_lr_times_w_proprioceptive,0.002370829217671215,0.0023706346558455688,0.002410761381988813
joint_devices,trackpad,Trackpad,joint_devices_MeanTimeseriesVectorBCC_0002,w_visual,0.0010958941607552362,0.0009383416453418473,0.0016469543153878607
joint_devices,trackpad,Trackpad,joint_devices_MeanTimeseriesVectorBCC_0002,w_proprioceptive,0.005870128282354919,0.005180294810262346,0.008337319697564738
joint_devices,trackpad,Trackpad,joint_devices_MeanTimeseriesVectorBCC_0002,w_motor_prior,0.005345068968909149,0.004241953164920461,0.008184653472252168
joint_devices,trackpad,Trackpad,joint_devices_MeanTimeseriesVectorBCC_0002,beta_lr_times_w_visual,0.0021282933911147533,0.001685499680691444,0.003375193782025429
joint_devices,trackpad,Trackpad,joint_devices_MeanTimeseriesVectorBCC_0002,alpha_retention_minus_lr_times_w_proprioceptive,0.0024982630441013802,0.002497360005224214,0.002580511081189063
joint_devices,mouse,Mouse,joint_devices_MeanTimeseriesVectorBCC_0003,w_visual,0.005611376983315028,0.004650579031568286,0.010049236644908588
joint_devices,mouse,Mouse,joint_devices_MeanTimeseriesVectorBCC_0003,w_proprioceptive,0.018707402975970403,0.01675567065101497,0.02494955570413382
joint_devices,mouse,Mouse,joint_devices_MeanTimeseriesVectorBCC_0003,w_motor_prior,0.015767109413762446,0.012105091619446676,0.024141036429141338
joint_devices,mouse,Mouse,joint_devices_MeanTimeseriesVectorBCC_0003,beta_lr_times_w_visual,0.0032403566697218693,0.0023575212740084,0.005725956867335992
joint_devices,mouse,Mouse,joint_devices_MeanTimeseriesVectorBCC_0003,alpha_retention_minus_lr_times_w_proprioceptive,0.006341800536239645,0.006212530568825994,0.007541793918333983
joint_devices,trackpad,Trackpad,joint_devices_MeanTimeseriesVectorBCC_0003,w_visual,0.004003403982263372,0.0032408742049776862,0.006524159507427185
joint_devices,trackpad,Trackpad,joint_devices_MeanTimeseriesVectorBCC_0003,w_proprioceptive,0.01575818476254936,0.014274564049624522,0.020848081101248556
joint_devices,trackpad,Trackpad,joint_devices_MeanTimeseriesVectorBCC_0003,w_motor_prior,0.013856079573291574,0.011033689844646814,0.020469882862789612
joint_devices,trackpad,Trackpad,joint_devices_MeanTimeseriesVectorBCC_0003,beta_lr_times_w_visual,0.0029801412884805393,0.002126287484573419,0.005462022696026157
joint_devices,trackpad,Trackpad,joint_devices_MeanTimeseriesVectorBCC_0003,alpha_retention_minus_lr_times_w_proprioceptive,0.0055559741134236255,0.005499784747091702,0.006290720060700639
joint_devices,mouse,Mouse,joint_devices_MeanTimeseriesVectorBCC_0004,w_visual,0.002043468728968626,0.0016922323653885546,0.003932380059482821
joint_devices,mouse,Mouse,joint_devices_MeanTimeseriesVectorBCC_0004,w_proprioceptive,0.004386111994908397,0.0036716357724804007,0.00797817462273434
joint_devices,mouse,Mouse,joint_devices_MeanTimeseriesVectorBCC_0004,w_motor_prior,0.006047823528101325,0.0041706998758779135,0.011910554682217023
joint_devices,mouse,Mouse,joint_devices_MeanTimeseriesVectorBCC_0004,beta_lr_times_w_visual,0.0012429476198430305,0.001077683269838356,0.0016570766279002946
joint_devices,mouse,Mouse,joint_devices_MeanTimeseriesVectorBCC_0004,alpha_retention_minus_lr_times_w_proprioceptive,0.0006558825962270153,0.0004570743988051851,0.0013423647547757822
joint_devices,trackpad,Trackpad,joint_devices_MeanTimeseriesVectorBCC_0004,w_visual,0.0036210221511728184,0.0029020510291491095,0.006054358484308298
joint_devices,trackpad,Trackpad,joint_devices_MeanTimeseriesVectorBCC_0004,w_proprioceptive,0.0023612347843410147,0.0022867808785664804,0.0035414322868882464
joint_devices,trackpad,Trackpad,joint_devices_MeanTimeseriesVectorBCC_0004,w_motor_prior,0.005499131109113538,0.004107173607364421,0.009595790771196433
joint_devices,trackpad,Trackpad,joint_devices_MeanTimeseriesVectorBCC_0004,beta_lr_times_w_visual,0.0011620179947504166,0.0010766337754725425,0.0016277486866121682
joint_devices,trackpad,Trackpad,joint_devices_MeanTimeseriesVectorBCC_0004,alpha_retention_minus_lr_times_w_proprioceptive,0.00011655734216865761,0.00010640936825216663,0.00017108716600267027
joint_devices,mouse,Mouse,joint_devices_MeanTimeseriesVectorBCC_0005,w_visual,0.009417838538813861,0.00906978547300713,0.011338704025607105
joint_devices,mouse,Mouse,joint_devices_MeanTimeseriesVectorBCC_0005,w_proprioceptive,0.014710584762102295,0.01447219835374711,0.01923474776713324
joint_devices,mouse,Mouse,joint_devices_MeanTimeseriesVectorBCC_0005,w_motor_prior,0.007478560563764803,0.005402412880739928,0.01499342867756985
joint_devices,mouse,Mouse,joint_devices_MeanTimeseriesVectorBCC_0005,beta_lr_times_w_visual,0.0010515267674006277,0.0009497372518425667,0.0018124220687699422
joint_devices,mouse,Mouse,joint_devices_MeanTimeseriesVectorBCC_0005,alpha_retention_minus_lr_times_w_proprioceptive,0.000563684041679867,0.00044284463720309364,0.0011545107208600358
joint_devices,trackpad,Trackpad,joint_devices_MeanTimeseriesVectorBCC_0005,w_visual,0.010103814799644404,0.008826116340866608,0.013753544696043618
joint_devices,trackpad,Trackpad,joint_devices_MeanTimeseriesVectorBCC_0005,w_proprioceptive,0.017173002369051806,0.017051964162640106,0.020669997801216044
joint_devices,trackpad,Trackpad,joint_devices_MeanTimeseriesVectorBCC_0005,w_motor_prior,0.01239720845884645,0.009164692336352961,0.024425375859533596
joint_devices,trackpad,Trackpad,joint_devices_MeanTimeseriesVectorBCC_0005,beta_lr_times_w_visual,0.001544636328620865,0.0010370315559702185,0.0031595847427378643
joint_devices,trackpad,Trackpad,joint_devices_MeanTimeseriesVectorBCC_0005,alpha_retention_minus_lr_times_w_proprioceptive,0.0008637463619682116,0.0007576471367648635,0.0014953818632472693
joint_devices,mouse,Mouse,joint_devices_MeanTimeseriesVectorBCC_0006,w_visual,0.0025444380246680714,0.002134212700232489,0.005013954905744744
joint_devices,mouse,Mouse,joint_devices_MeanTimeseriesVectorBCC_0006,w_proprioceptive,0.018072352136761654,0.014793535990920818,0.027917628936096672
joint_devices,mouse,Mouse,joint_devices_MeanTimeseriesVectorBCC_0006,w_motor_prior,0.020148693967960166,0.016242050736987614,0.029489027153275282
joint_devices,mouse,Mouse,joint_devices_MeanTimeseriesVectorBCC_0006,beta_lr_times_w_visual,0.00032779441179977675,0.0002926312905499127,0.0004366035549545136
joint_devices,mouse,Mouse,joint_devices_MeanTimeseriesVectorBCC_0006,alpha_retention_minus_lr_times_w_proprioceptive,0.0005056337341552494,0.0004026314225716865,0.0007885954603638057
joint_devices,trackpad,Trackpad,joint_devices_MeanTimeseriesVectorBCC_0006,w_visual,0.004765808042862954,0.0034297252899846997,0.007601340102841858
joint_devices,trackpad,Trackpad,joint_devices_MeanTimeseriesVectorBCC_0006,w_proprioceptive,0.026028006083757663,0.02409302067214606,0.03475583048244901
joint_devices,trackpad,Trackpad,joint_devices_MeanTimeseriesVectorBCC_0006,w_motor_prior,0.02448803982272648,0.020666943523014573,0.03477042304586164
joint_devices,trackpad,Trackpad,joint_devices_MeanTimeseriesVectorBCC_0006,beta_lr_times_w_visual,0.00012171530929236876,9.494208514209781e-05,0.00022472844035706027
joint_devices,trackpad,Trackpad,joint_devices_MeanTimeseriesVectorBCC_0006,alpha_retention_minus_lr_times_w_proprioceptive,0.0008269108589573001,0.0007556272713289819,0.001118966841627378
joint_devices,mouse,Mouse,joint_devices_MeanTimeseriesVectorBCC_0007,w_visual,0.019248486726287425,0.019245555909826753,0.01967415280392737
joint_devices,mouse,Mouse,joint_devices_MeanTimeseriesVectorBCC_0007,w_proprioceptive,0.0240370917049367,0.023680387828411587,0.031124505794324266
joint_devices,mouse,Mouse,joint_devices_MeanTimeseriesVectorBCC_0007,w_motor_prior,0.0058490824095793195,0.004434831918584901,0.011497861036833229
joint_devices,mouse,Mouse,joint_devices_MeanTimeseriesVectorBCC_0007,beta_lr_times_w_visual,0.0004425814920059822,0.000442168098910253,0.00046782462406809444
joint_devices,mouse,Mouse,joint_devices_MeanTimeseriesVectorBCC_0007,alpha_retention_minus_lr_times_w_proprioceptive,0.00021372858788989768,0.00019246251599547293,0.00029089606397458834
joint_devices,trackpad,Trackpad,joint_devices_MeanTimeseriesVectorBCC_0007,w_visual,0.016059831852022616,0.015796043993045503,0.018434139758770618
joint_devices,trackpad,Trackpad,joint_devices_MeanTimeseriesVectorBCC_0007,w_proprioceptive,0.023460933184310362,0.023229479873937836,0.029107577599420148
joint_devices,trackpad,Trackpad,joint_devices_MeanTimeseriesVectorBCC_0007,w_motor_prior,0.009669048812825147,0.007433435880892281,0.018749619127533937
joint_devices,trackpad,Trackpad,joint_devices_MeanTimeseriesVectorBCC_0007,beta_lr_times_w_visual,0.0003361982473166028,0.0003169612106303354,0.00041854738494125077
joint_devices,trackpad,Trackpad,joint_devices_MeanTimeseriesVectorBCC_0007,alpha_retention_minus_lr_times_w_proprioceptive,0.00019734551462273698,0.00017386032979367638,0.00027430388429150465
joint_devices,mouse,Mouse,joint_devices_MeanTimeseriesVectorBCC_0008,w_visual,0.0035379824257274397,0.002635578689972197,0.00576194813105857
joint_devices,mouse,Mouse,joint_devices_MeanTimeseriesVectorBCC_0008,w_proprioceptive,0.005432480530201425,0.0041928658242784125,0.009933429724348727
joint_devices,mouse,Mouse,joint_devices_MeanTimeseriesVectorBCC_0008,w_motor_prior,0.008901159467071111,0.006451676579801867,0.015489038695319368
joint_devices,mouse,Mouse,joint_devices_MeanTimeseriesVectorBCC_0008,beta_lr_times_w_visual,0.0005660921630031096,0.0005418534579758084,0.0007580092617800183
joint_devices,mouse,Mouse,joint_devices_MeanTimeseriesVectorBCC_0008,alpha_retention_minus_lr_times_w_proprioceptive,0.0004584766613042616,0.0003158573729252212,0.0008760832446733646
joint_devices,trackpad,Trackpad,joint_devices_MeanTimeseriesVectorBCC_0008,w_visual,0.0025902083685142643,0.0022452548003367885,0.004056018708324227
joint_devices,trackpad,Trackpad,joint_devices_MeanTimeseriesVectorBCC_0008,w_proprioceptive,0.0057449918854333565,0.0050021767737721,0.009483527570477435
joint_devices,trackpad,Trackpad,joint_devices_MeanTimeseriesVectorBCC_0008,w_motor_prior,0.007965159447581152,0.0062241002315262545,0.012535249653876535
joint_devices,trackpad,Trackpad,joint_devices_MeanTimeseriesVectorBCC_0008,beta_lr_times_w_visual,0.00039033960647681865,0.00037323507303042543,0.0005336451926605743
joint_devices,trackpad,Trackpad,joint_devices_MeanTimeseriesVectorBCC_0008,alpha_retention_minus_lr_times_w_proprioceptive,0.000540147291713975,0.00043510894284248813,0.0009367128625407117
joint_devices,mouse,Mouse,joint_devices_MeanTimeseriesVectorBCC_0009,w_visual,0.0012265717173432671,0.0009599752844310716,0.002442414002430837
joint_devices,mouse,Mouse,joint_devices_MeanTimeseriesVectorBCC_0009,w_proprioceptive,0.0008078762376270511,0.0006242380284051309,0.001265831683133517
joint_devices,mouse,Mouse,joint_devices_MeanTimeseriesVectorBCC_0009,w_motor_prior,0.001749243487649763,0.0015842133128362319,0.0026928204028086045
joint_devices,mouse,Mouse,joint_devices_MeanTimeseriesVectorBCC_0009,beta_lr_times_w_visual,0.0013726421848648026,0.0009415974710441559,0.002530473890893503
joint_devices,mouse,Mouse,joint_devices_MeanTimeseriesVectorBCC_0009,alpha_retention_minus_lr_times_w_proprioceptive,0.0004764123033104024,0.0004685710731520132,0.0005475776878911542
joint_devices,trackpad,Trackpad,joint_devices_MeanTimeseriesVectorBCC_0009,w_visual,0.0023818265496641303,0.0018509434913732054,0.00417230576979144
joint_devices,trackpad,Trackpad,joint_devices_MeanTimeseriesVectorBCC_0009,w_proprioceptive,0.0038147103073566243,0.0037077821757871623,0.004613731371825358
joint_devices,trackpad,Trackpad,joint_devices_MeanTimeseriesVectorBCC_0009,w_motor_prior,0.0025965456462153655,0.0020265346571677074,0.003878309374040545
joint_devices,trackpad,Trackpad,joint_devices_MeanTimeseriesVectorBCC_0009,beta_lr_times_w_visual,0.0007990209349490293,0.0004580387117292501,0.0018431255797947688
joint_devices,trackpad,Trackpad,joint_devices_MeanTimeseriesVectorBCC_0009,alpha_retention_minus_lr_times_w_proprioceptive,0.002030198381291378,0.0019575760823490884,0.002379516844708829
joint_devices,mouse,Mouse,joint_devices_MeanTimeseriesVectorBCC_0010,w_visual,0.001591460321743307,0.0012680220763060081,0.002855441383642743
joint_devices,mouse,Mouse,joint_devices_MeanTimeseriesVectorBCC_0010,w_proprioceptive,0.002281686965590859,0.0018616812771405304,0.003487623821855343
joint_devices,mouse,Mouse,joint_devices_MeanTimeseriesVectorBCC_0010,w_motor_prior,0.00358206773667835,0.003129703353446525,0.005272663789249177
joint_devices,mouse,Mouse,joint_devices_MeanTimeseriesVectorBCC_0010,beta_lr_times_w_visual,0.0008250842092528811,0.0005846573847407693,0.0014224867942144448
joint_devices,mouse,Mouse,joint_devices_MeanTimeseriesVectorBCC_0010,alpha_retention_minus_lr_times_w_proprioceptive,0.00013837394807980914,0.00011569945448275387,0.00020429876294314475
joint_devices,trackpad,Trackpad,joint_devices_MeanTimeseriesVectorBCC_0010,w_visual,0.0014980738670039638,0.0011686430209118088,0.0029550025736767016
joint_devices,trackpad,Trackpad,joint_devices_MeanTimeseriesVectorBCC_0010,w_proprioceptive,0.0019838618185816807,0.00169223753645462,0.00290548888170436
joint_devices,trackpad,Trackpad,joint_devices_MeanTimeseriesVectorBCC_0010,w_motor_prior,0.0031246196071752154,0.002860880557366434,0.004235093257794698
joint_devices,trackpad,Trackpad,joint_devices_MeanTimeseriesVectorBCC_0010,beta_lr_times_w_visual,0.0007008811983455907,0.0004703273766833557,0.0013245079370399343
joint_devices,trackpad,Trackpad,joint_devices_MeanTimeseriesVectorBCC_0010,alpha_retention_minus_lr_times_w_proprioceptive,0.0001967578790817314,0.00019496100967172914,0.00022500839114381055
joint_devices,mouse,Mouse,joint_devices_MeanTimeseriesVectorBCC_0011,w_visual,0.015002367771786124,0.01133091600648403,0.03085768656057941
joint_devices,mouse,Mouse,joint_devices_MeanTimeseriesVectorBCC_0011,w_proprioceptive,0.04716074785213538,0.040140020578490115,0.06767043127263364
joint_devices,mouse,Mouse,joint_devices_MeanTimeseriesVectorBCC_0011,w_motor_prior,0.057464329582608484,0.05121413995842705,0.0749123837877026
joint_devices,mouse,Mouse,joint_devices_MeanTimeseriesVectorBCC_0011,beta_lr_times_w_visual,0.008071382049158363,0.0052956036718294595,0.01663416793631617
joint_devices,mouse,Mouse,joint_devices_MeanTimeseriesVectorBCC_0011,alpha_retention_minus_lr_times_w_proprioceptive,0.006097977752478667,0.005360031943669005,0.00892192774438183
joint_devices,trackpad,Trackpad,joint_devices_MeanTimeseriesVectorBCC_0011,w_visual,0.01501222549124742,0.010932397801427057,0.029620190212299058
joint_devices,trackpad,Trackpad,joint_devices_MeanTimeseriesVectorBCC_0011,w_proprioceptive,0.04657008936190223,0.04151316269100092,0.06315325927507029
joint_devices,trackpad,Trackpad,joint_devices_MeanTimeseriesVectorBCC_0011,w_motor_prior,0.056628532246582354,0.05240492949960668,0.0699530364565627
joint_devices,trackpad,Trackpad,joint_devices_MeanTimeseriesVectorBCC_0011,beta_lr_times_w_visual,0.0067995929675692,0.004392605022047325,0.015362612718133994
joint_devices,trackpad,Trackpad,joint_devices_MeanTimeseriesVectorBCC_0011,alpha_retention_minus_lr_times_w_proprioceptive,0.006015111721387143,0.005192406377898751,0.008583116551216685
joint_devices,mouse,Mouse,joint_devices_MeanTimeseriesVectorBCC_0012,w_visual,0.004886113647591533,0.003658059681264523,0.010108884942537533
joint_devices,mouse,Mouse,joint_devices_MeanTimeseriesVectorBCC_0012,w_proprioceptive,0.017912011072701534,0.015353239540018975,0.025219388240118323
joint_devices,mouse,Mouse,joint_devices_MeanTimeseriesVectorBCC_0012,w_motor_prior,0.021258781918899055,0.018952595678584525,0.027613835471717696
joint_devices,mouse,Mouse,joint_devices_MeanTimeseriesVectorBCC_0012,beta_lr_times_w_visual,0.0017163263063208352,0.0011226287147713904,0.003351648403475946
joint_devices,mouse,Mouse,joint_devices_MeanTimeseriesVectorBCC_0012,alpha_retention_minus_lr_times_w_proprioceptive,0.0007663892136476728,0.000713558517721008,0.0009703890774619417
joint_devices,trackpad,Trackpad,joint_devices_MeanTimeseriesVectorBCC_0012,w_visual,0.003708121192109708,0.002728195225175619,0.007087062899742758
joint_devices,trackpad,Trackpad,joint_devices_MeanTimeseriesVectorBCC_0012,w_proprioceptive,0.016742577177647922,0.01519756155908588,0.02227262410020836
joint_devices,trackpad,Trackpad,joint_devices_MeanTimeseriesVectorBCC_0012,w_motor_prior,0.019060662117489587,0.017685032834082657,0.023074020967789655
joint_devices,trackpad,Trackpad,joint_devices_MeanTimeseriesVectorBCC_0012,beta_lr_times_w_visual,0.0014091066906305673,0.000849864827375248,0.003070313984234671
joint_devices,trackpad,Trackpad,joint_devices_MeanTimeseriesVectorBCC_0012,alpha_retention_minus_lr_times_w_proprioceptive,0.0005708358021063533,0.000454058271095209,0.0009291744927000245
joint_devices,mouse,Mouse,joint_devices_MeanTimeseriesVectorBCC_0013,w_visual,0.0005074996842124108,0.0004128290443526205,0.0009344832012103677
joint_devices,mouse,Mouse,joint_devices_MeanTimeseriesVectorBCC_0013,w_proprioceptive,0.0016292408436312422,0.0014451551001143786,0.002189691561979401
joint_devices,mouse,Mouse,joint_devices_MeanTimeseriesVectorBCC_0013,w_motor_prior,0.0013773983807082077,0.0010323260557617373,0.002121072669452162
joint_devices,mouse,Mouse,joint_devices_MeanTimeseriesVectorBCC_0013,beta_lr_times_w_visual,0.004476689064970242,0.0033015174225518164,0.007746696542120013
joint_devices,mouse,Mouse,joint_devices_MeanTimeseriesVectorBCC_0013,alpha_retention_minus_lr_times_w_proprioceptive,0.0033242626956909056,0.0032086926843242075,0.0041187867644243426
joint_devices,trackpad,Trackpad,joint_devices_MeanTimeseriesVectorBCC_0013,w_visual,0.002150678276529237,0.0016336971540740243,0.003495025377226957
joint_devices,trackpad,Trackpad,joint_devices_MeanTimeseriesVectorBCC_0013,w_proprioceptive,0.005457182919014197,0.005352674680645004,0.006079049430215033
joint_devices,trackpad,Trackpad,joint_devices_MeanTimeseriesVectorBCC_0013,w_motor_prior,0.004319376494022293,0.003718977526571002,0.005894547716219833
joint_devices,trackpad,Trackpad,joint_devices_MeanTimeseriesVectorBCC_0013,beta_lr_times_w_visual,0.002921597323211279,0.0019357357049066468,0.006000921474750426
joint_devices,trackpad,Trackpad,joint_devices_MeanTimeseriesVectorBCC_0013,alpha_retention_minus_lr_times_w_proprioceptive,0.0063860320073098244,0.0062035719297986736,0.007531681562952808
joint_devices,mouse,Mouse,joint_devices_MeanTimeseriesVectorBCC_0014,w_visual,0.0015759833008728206,0.0011106655509746516,0.00335145689188987
joint_devices,mouse,Mouse,joint_devices_MeanTimeseriesVectorBCC_0014,w_proprioceptive,0.0006932240262761957,0.0006609415267281063,0.0010429032036650705
joint_devices,mouse,Mouse,joint_devices_MeanTimeseriesVectorBCC_0014,w_motor_prior,0.0021442017907774766,0.001468854030590134,0.0043943600955548695
joint_devices,mouse,Mouse,joint_devices_MeanTimeseriesVectorBCC_0014,beta_lr_times_w_visual,0.0005441115405137348,0.0004137400885999738,0.0010782347507712897
joint_devices,mouse,Mouse,joint_devices_MeanTimeseriesVectorBCC_0014,alpha_retention_minus_lr_times_w_proprioceptive,6.539392567285264e-05,4.727978389656995e-05,0.00013612297681264707
joint_devices,trackpad,Trackpad,joint_devices_MeanTimeseriesVectorBCC_0014,w_visual,0.0031015871710973536,0.0021245070989579506,0.0063138482630772375
joint_devices,trackpad,Trackpad,joint_devices_MeanTimeseriesVectorBCC_0014,w_proprioceptive,0.000403518650346573,0.00035830357776258075,0.0005516305286716143
joint_devices,trackpad,Trackpad,joint_devices_MeanTimeseriesVectorBCC_0014,w_motor_prior,0.003066856867220953,0.002154811964400087,0.006077804063667036
joint_devices,trackpad,Trackpad,joint_devices_MeanTimeseriesVectorBCC_0014,beta_lr_times_w_visual,0.0009385292406617072,0.0006812849642312616,0.0018407737920206058
joint_devices,trackpad,Trackpad,joint_devices_MeanTimeseriesVectorBCC_0014,alpha_retention_minus_lr_times_w_proprioceptive,9.635475866755024e-05,6.484100576921448e-05,0.00019395859911919278
joint_devices,mouse,Mouse,joint_devices_MeanTimeseriesVectorBCC_0015,w_visual,0.0027280134634007627,0.002066131413859147,0.00435567963278749
joint_devices,mouse,Mouse,joint_devices_MeanTimeseriesVectorBCC_0015,w_proprioceptive,0.0038937299724699174,0.003046281113394951,0.007057284798614533
joint_devices,mouse,Mouse,joint_devices_MeanTimeseriesVectorBCC_0015,w_motor_prior,0.00655631765190153,0.004825169346690989,0.011076711572252762
joint_devices,mouse,Mouse,joint_devices_MeanTimeseriesVectorBCC_0015,beta_lr_times_w_visual,0.0008392743761527204,0.0007141066828791186,0.0012736738730972919
joint_devices,mouse,Mouse,joint_devices_MeanTimeseriesVectorBCC_0015,alpha_retention_minus_lr_times_w_proprioceptive,0.0008506560578474774,0.000587862179608073,0.0016175042022392727
joint_devices,trackpad,Trackpad,joint_devices_MeanTimeseriesVectorBCC_0015,w_visual,0.003044465972880481,0.002394721970470772,0.004905269069405582
joint_devices,trackpad,Trackpad,joint_devices_MeanTimeseriesVectorBCC_0015,w_proprioceptive,0.002935715953398691,0.0024124423767209052,0.005055328260062483
joint_devices,trackpad,Trackpad,joint_devices_MeanTimeseriesVectorBCC_0015,w_motor_prior,0.005882095430591784,0.004642795606309289,0.008838845109746751
joint_devices,trackpad,Trackpad,joint_devices_MeanTimeseriesVectorBCC_0015,beta_lr_times_w_visual,0.0009095214467234382,0.0007958197973320699,0.0013880781362078654
joint_devices,trackpad,Trackpad,joint_devices_MeanTimeseriesVectorBCC_0015,alpha_retention_minus_lr_times_w_proprioceptive,0.0005992057188082425,0.0004224472883253283,0.001102844388479407
joint_devices,mouse,Mouse,joint_devices_MeanTimeseriesVectorBCC_0016,w_visual,0.004123374890632283,0.003102721825809576,0.008545736100940782
joint_devices,mouse,Mouse,joint_devices_MeanTimeseriesVectorBCC_0016,w_proprioceptive,0.0133865028813892,0.011436708198933613,0.01919009271461644
joint_devices,mouse,Mouse,joint_devices_MeanTimeseriesVectorBCC_0016,w_motor_prior,0.016146804900867704,0.014430666004046067,0.020809113641360066
joint_devices,mouse,Mouse,joint_devices_MeanTimeseriesVectorBCC_0016,beta_lr_times_w_visual,0.0007548575116179724,0.0004892761157636186,0.0015536503917764621
joint_devices,mouse,Mouse,joint_devices_MeanTimeseriesVectorBCC_0016,alpha_retention_minus_lr_times_w_proprioceptive,0.0004144727902703852,0.0003651284408750788,0.0006019649643486114
joint_devices,trackpad,Trackpad,joint_devices_MeanTimeseriesVectorBCC_0016,w_visual,0.0037866815979034473,0.0027554747696627796,0.007193686627144924
joint_devices,trackpad,Trackpad,joint_devices_MeanTimeseriesVectorBCC_0016,w_proprioceptive,0.01163592804413077,0.010439925672454293,0.015860791792821738
joint_devices,trackpad,Trackpad,joint_devices_MeanTimeseriesVectorBCC_0016,w_motor_prior,0.014030766375385558,0.01309012387987586,0.01694410654901113
joint_devices,trackpad,Trackpad,joint_devices_MeanTimeseriesVectorBCC_0016,beta_lr_times_w_visual,0.0006109832305637134,0.0003701484760727353,0.001405784754987767
joint_devices,trackpad,Trackpad,joint_devices_MeanTimeseriesVectorBCC_0016,alpha_retention_minus_lr_times_w_proprioceptive,0.00022361769712481565,0.00021274660015471736,0.0003006146443348401
joint_devices,mouse,Mouse,joint_devices_MeanTimeseriesVectorBCC_0017,w_visual,0.0037768771511903602,0.00308152734659469,0.007505576209781595
joint_devices,mouse,Mouse,joint_devices_MeanTimeseriesVectorBCC_0017,w_proprioceptive,0.01725755438317206,0.014215273786877628,0.026515117981815745
joint_devices,mouse,Mouse,joint_devices_MeanTimeseriesVectorBCC_0017,w_motor_prior,0.020330612537973344,0.016800485470975172,0.028474257512312473
joint_devices,mouse,Mouse,joint_devices_MeanTimeseriesVectorBCC_0017,beta_lr_times_w_visual,0.00031478408480916606,0.0002618178179313557,0.0006256895302917606
joint_devices,mouse,Mouse,joint_devices_MeanTimeseriesVectorBCC_0017,alpha_retention_minus_lr_times_w_proprioceptive,0.001105082941740153,0.00086070878169342,0.0017732521746518515
joint_devices,trackpad,Trackpad,joint_devices_MeanTimeseriesVectorBCC_0017,w_visual,0.0029382363661144867,0.0024988933334372126,0.005080830454591068
joint_devices,trackpad,Trackpad,joint_devices_MeanTimeseriesVectorBCC_0017,w_proprioceptive,0.01792550666893808,0.015790514928025128,0.025630855916966955
joint_devices,trackpad,Trackpad,joint_devices_MeanTimeseriesVectorBCC_0017,w_motor_prior,0.01995817468358421,0.017333540889268327,0.026599533931590758
joint_devices,trackpad,Trackpad,joint_devices_MeanTimeseriesVectorBCC_0017,beta_lr_times_w_visual,0.0002492810032005746,0.00021445321393496819,0.0004159385372399325
joint_devices,trackpad,Trackpad,joint_devices_MeanTimeseriesVectorBCC_0017,alpha_retention_minus_lr_times_w_proprioceptive,0.0011206941603330554,0.0008853342254903224,0.0016940375082201697
joint_devices,mouse,Mouse,joint_devices_MeanTimeseriesVectorBCC_0018,w_visual,0.001831250149763264,0.001324536360992487,0.0030184958449333
joint_devices,mouse,Mouse,joint_devices_MeanTimeseriesVectorBCC_0018,w_proprioceptive,0.00014375859636275745,0.00011629570109527535,0.000298250198354319
joint_devices,mouse,Mouse,joint_devices_MeanTimeseriesVectorBCC_0018,w_motor_prior,0.0019664121641434036,0.0014366011436476363,0.0033167460432875773
joint_devices,mouse,Mouse,joint_devices_MeanTimeseriesVectorBCC_0018,beta_lr_times_w_visual,0.002912505714485041,0.002711493840660318,0.0037599554996095574
joint_devices,mouse,Mouse,joint_devices_MeanTimeseriesVectorBCC_0018,alpha_retention_minus_lr_times_w_proprioceptive,0.0005050862079956375,0.0004996450431684896,0.0006153558791496261
joint_devices,trackpad,Trackpad,joint_devices_MeanTimeseriesVectorBCC_0018,w_visual,0.0012565196052014877,0.000965629348127911,0.001987478522087305
joint_devices,trackpad,Trackpad,joint_devices_MeanTimeseriesVectorBCC_0018,w_proprioceptive,0.0014905411550030724,0.0012268280063194358,0.002606776912435743
joint_devices,trackpad,Trackpad,joint_devices_MeanTimeseriesVectorBCC_0018,w_motor_prior,0.0027106494186380867,0.0020453251996127783,0.004451421761778929
joint_devices,trackpad,Trackpad,joint_devices_MeanTimeseriesVectorBCC_0018,beta_lr_times_w_visual,0.0026968355744667037,0.0024331073760870065,0.00365904179507881
joint_devices,trackpad,Trackpad,joint_devices_MeanTimeseriesVectorBCC_0018,alpha_retention_minus_lr_times_w_proprioceptive,0.00032264115072218173,0.00031628657212944,0.00037780858579272714
joint_devices,mouse,Mouse,joint_devices_MeanTimeseriesVectorBCC_0019,w_visual,0.0024721444353338496,0.002000625008040809,0.004473013074204613
joint_devices,mouse,Mouse,joint_devices_MeanTimeseriesVectorBCC_0019,w_proprioceptive,0.011944034105115096,0.010106634089623727,0.017771192948970838
joint_devices,mouse,Mouse,joint_devices_MeanTimeseriesVectorBCC_0019,w_motor_prior,0.013770795076036632,0.011721610180136616,0.018651846999741428
joint_devices,mouse,Mouse,joint_devices_MeanTimeseriesVectorBCC_0019,beta_lr_times_w_visual,0.0023342783540663127,0.0016066219695326798,0.0042610468039668
joint_devices,mouse,Mouse,joint_devices_MeanTimeseriesVectorBCC_0019,alpha_retention_minus_lr_times_w_proprioceptive,0.0009555682146436463,0.0009134524260560467,0.0011960056421156384
joint_devices,trackpad,Trackpad,joint_devices_MeanTimeseriesVectorBCC_0019,w_visual,0.003282366907508459,0.0025519933423877733,0.006600631583408012
joint_devices,trackpad,Trackpad,joint_devices_MeanTimeseriesVectorBCC_0019,w_proprioceptive,0.009866027974123037,0.008601082182511592,0.014077504401712848
joint_devices,trackpad,Trackpad,joint_devices_MeanTimeseriesVectorBCC_0019,w_motor_prior,0.012235052444265041,0.011006136645313417,0.015992278817787975
joint_devices,trackpad,Trackpad,joint_devices_MeanTimeseriesVectorBCC_0019,beta_lr_times_w_visual,0.0019399265199477721,0.0012935849856580692,0.003930275448525311
joint_devices,trackpad,Trackpad,joint_devices_MeanTimeseriesVectorBCC_0019,alpha_retention_minus_lr_times_w_proprioceptive,0.0008275015824353762,0.0007841837054989309,0.0011821637149412867
