subsetSlug,syntheticId,region,nRows,fitRmseToNoisySyntheticData,rmsTrueRecoveredPredictionDiff,meanAbsTrueRecoveredPredictionDiff,maxAbsTrueRecoveredPredictionDiff
joint_devices,joint_devices_MeanTimeseriesVectorBCC_0000,all,20800,7.045332713404172,0.10321642720190329,0.0869759769821484,0.2434279020762915
joint_devices,joint_devices_MeanTimeseriesVectorBCC_0000,high_clamped,6720,7.045332713404172,0.06296181007794927,0.05522710577440309,0.11460250060898147
joint_devices,joint_devices_MeanTimeseriesVectorBCC_0000,high_late_clamped,3920,7.045332713404172,0.0666012800292272,0.05929299315164428,0.11460250060898147
joint_devices,joint_devices_MeanTimeseriesVectorBCC_0001,all,20800,7.081145916814471,0.10904278535742046,0.07631166992766776,0.5803963078108154
joint_devices,joint_devices_MeanTimeseriesVectorBCC_0001,high_clamped,6720,7.081145916814471,0.06548704692363132,0.04772619931838841,0.22283606859787142
joint_devices,joint_devices_MeanTimeseriesVectorBCC_0001,high_late_clamped,3920,7.081145916814471,0.0657642132951245,0.04541782007085371,0.1437850231147877
joint_devices,joint_devices_MeanTimeseriesVectorBCC_0002,all,20800,7.0181207669207595,0.08332393353213427,0.054075777358948786,0.5447707527888497
joint_devices,joint_devices_MeanTimeseriesVectorBCC_0002,high_clamped,6720,7.0181207669207595,0.031004211100279382,0.021635518433658175,0.16293745214343858
joint_devices,joint_devices_MeanTimeseriesVectorBCC_0002,high_late_clamped,3920,7.0181207669207595,0.014870270287478216,0.013100840026673702,0.029617968473644396
joint_devices,joint_devices_MeanTimeseriesVectorBCC_0003,all,20800,7.073377245414512,0.11651849079513645,0.0855029664325367,0.5184996457758189
joint_devices,joint_devices_MeanTimeseriesVectorBCC_0003,high_clamped,6720,7.073377245414512,0.04124697834279562,0.032064860961912224,0.1060265171761614
joint_devices,joint_devices_MeanTimeseriesVectorBCC_0003,high_late_clamped,3920,7.073377245414512,0.04743201415150149,0.03902708737697509,0.1060265171761614
joint_devices,joint_devices_MeanTimeseriesVectorBCC_0004,all,20800,7.024116659740855,0.06126982996898362,0.050772844233476326,0.32941772382767454
joint_devices,joint_devices_MeanTimeseriesVectorBCC_0004,high_clamped,6720,7.024116659740855,0.04448021375443579,0.04075369809261132,0.08477703950993032
joint_devices,joint_devices_MeanTimeseriesVectorBCC_0004,high_late_clamped,3920,7.024116659740855,0.04844225975884893,0.04459634836670446,0.08477703950993032
joint_devices,joint_devices_MeanTimeseriesVectorBCC_0005,all,20800,7.073081642342029,0.08402950318395733,0.06079054657446393,0.33264503126844147
joint_devices,joint_devices_MeanTimeseriesVectorBCC_0005,high_clamped,6720,7.073081642342029,0.02346009150405387,0.019827451232005938,0.08972962473910684
joint_devices,joint_devices_MeanTimeseriesVectorBCC_0005,high_late_clamped,3920,7.073081642342029,0.02458309480636391,0.02211536879997544,0.04902126665362516
joint_devices,joint_devices_MeanTimeseriesVectorBCC_0006,all,20800,7.0625734722659,0.07075467783670371,0.04449550211545516,0.17682970510824703
joint_devices,joint_devices_MeanTimeseriesVectorBCC_0006,high_clamped,6720,7.0625734722659,0.03773893635605273,0.02359285909515438,0.09820651229782129
joint_devices,joint_devices_MeanTimeseriesVectorBCC_0006,high_late_clamped,3920,7.0625734722659,0.038526531449900994,0.024227480308985156,0.09498827823551892
joint_devices,joint_devices_MeanTimeseriesVectorBCC_0007,all,20800,7.054393989955552,0.058832366457135,0.046771384614373995,0.16511804192867885
joint_devices,joint_devices_MeanTimeseriesVectorBCC_0007,high_clamped,6720,7.054393989955552,0.0473646096717909,0.040513262099885386,0.11600120957913873
joint_devices,joint_devices_MeanTimeseriesVectorBCC_0007,high_late_clamped,3920,7.054393989955552,0.04473600711075657,0.03891912087543573,0.08608961127038128
joint_devices,joint_devices_MeanTimeseriesVectorBCC_0008,all,20800,7.003334972872146,0.05537183640295165,0.04243935398141626,0.23228415473911923
joint_devices,joint_devices_MeanTimeseriesVectorBCC_0008,high_clamped,6720,7.003334972872146,0.03861134932445109,0.029363128143141466,0.11929089118373781
joint_devices,joint_devices_MeanTimeseriesVectorBCC_0008,high_late_clamped,3920,7.003334972872146,0.03443168023556609,0.02618314171842241,0.07965356399347456
joint_devices,joint_devices_MeanTimeseriesVectorBCC_0009,all,20800,7.091763701406132,0.07189939876080233,0.05302678239228411,0.19657076548975283
joint_devices,joint_devices_MeanTimeseriesVectorBCC_0009,high_clamped,6720,7.091763701406132,0.018560773732849627,0.01540241958084086,0.03850670064443307
joint_devices,joint_devices_MeanTimeseriesVectorBCC_0009,high_late_clamped,3920,7.091763701406132,0.01986316920581004,0.01705644157933207,0.03850670064443307
joint_devices,joint_devices_MeanTimeseriesVectorBCC_0010,all,20800,7.137008291024328,0.05791634042548953,0.03811372717855591,0.21161832595259966
joint_devices,joint_devices_MeanTimeseriesVectorBCC_0010,high_clamped,6720,7.137008291024328,0.012338585621051449,0.007727616956047386,0.03844321074765844
joint_devices,joint_devices_MeanTimeseriesVectorBCC_0010,high_late_clamped,3920,7.137008291024328,0.014848806013519426,0.010018089897499314,0.03844321074765844
joint_devices,joint_devices_MeanTimeseriesVectorBCC_0011,all,20800,7.054962036469562,0.15493509239661232,0.10000262279939173,0.6940520341838976
joint_devices,joint_devices_MeanTimeseriesVectorBCC_0011,high_clamped,6720,7.054962036469562,0.03057516454104375,0.012712872058854218,0.20259036636781502
joint_devices,joint_devices_MeanTimeseriesVectorBCC_0011,high_late_clamped,3920,7.054962036469562,0.0026309525806222684,0.0020115348171712492,0.008164524918555571
joint_devices,joint_devices_MeanTimeseriesVectorBCC_0012,all,20800,7.051169622364921,0.09363666635291708,0.0615138424536032,0.2920016167026631
joint_devices,joint_devices_MeanTimeseriesVectorBCC_0012,high_clamped,6720,7.051169622364921,0.021207269911067285,0.015318453785133005,0.06766180416803991
joint_devices,joint_devices_MeanTimeseriesVectorBCC_0012,high_late_clamped,3920,7.051169622364921,0.025852592265327157,0.019857928628435297,0.06766180416803991
joint_devices,joint_devices_MeanTimeseriesVectorBCC_0013,all,20800,7.030526231953465,0.08529037472380295,0.056211580618629964,0.6523373884913894
joint_devices,joint_devices_MeanTimeseriesVectorBCC_0013,high_clamped,6720,7.030526231953465,0.016905279536570676,0.013153783094752798,0.07802092429881213
joint_devices,joint_devices_MeanTimeseriesVectorBCC_0013,high_late_clamped,3920,7.030526231953465,0.016896065200519447,0.01395687144615605,0.03726085893637787
joint_devices,joint_devices_MeanTimeseriesVectorBCC_0014,all,20800,6.9891514875590595,0.019851308192103408,0.015401759204912114,0.07404261636406773
joint_devices,joint_devices_MeanTimeseriesVectorBCC_0014,high_clamped,6720,6.9891514875590595,0.017236277474871345,0.012879582735615307,0.05212721654478969
joint_devices,joint_devices_MeanTimeseriesVectorBCC_0014,high_late_clamped,3920,6.9891514875590595,0.016432727278545875,0.012000154679920962,0.03167427463986883
joint_devices,joint_devices_MeanTimeseriesVectorBCC_0015,all,20800,7.032830778977261,0.0661954916137967,0.05179097588608799,0.3919683803999021
joint_devices,joint_devices_MeanTimeseriesVectorBCC_0015,high_clamped,6720,7.032830778977261,0.05124447345590976,0.04159846479511542,0.13734016847442376
joint_devices,joint_devices_MeanTimeseriesVectorBCC_0015,high_late_clamped,3920,7.032830778977261,0.056985988698906476,0.04841534207811097,0.10983122471185425
joint_devices,joint_devices_MeanTimeseriesVectorBCC_0016,all,20800,7.053846106197711,0.06966155306109226,0.051116998739905835,0.19501098407712902
joint_devices,joint_devices_MeanTimeseriesVectorBCC_0016,high_clamped,6720,7.053846106197711,0.02080385281322689,0.015824745022462675,0.049022311421225595
joint_devices,joint_devices_MeanTimeseriesVectorBCC_0016,high_late_clamped,3920,7.053846106197711,0.019821180195090233,0.014144519342917506,0.049022311421225595
joint_devices,joint_devices_MeanTimeseriesVectorBCC_0017,all,20800,7.075915798508319,0.05703347961902071,0.04073820931062579,0.23929659460335984
joint_devices,joint_devices_MeanTimeseriesVectorBCC_0017,high_clamped,6720,7.075915798508319,0.026197616577620993,0.01788483823832493,0.12019746914788243
joint_devices,joint_devices_MeanTimeseriesVectorBCC_0017,high_late_clamped,3920,7.075915798508319,0.017340717771930483,0.012451227301273552,0.04966886238906909
joint_devices,joint_devices_MeanTimeseriesVectorBCC_0018,all,20800,7.046944446389919,0.1004854271175135,0.06388289801386085,0.6148788150875362
joint_devices,joint_devices_MeanTimeseriesVectorBCC_0018,high_clamped,6720,7.046944446389919,0.02968699032982027,0.022504018451125075,0.13667430548332504
joint_devices,joint_devices_MeanTimeseriesVectorBCC_0018,high_late_clamped,3920,7.046944446389919,0.019788214374315473,0.017945987044358472,0.040980002746465516
joint_devices,joint_devices_MeanTimeseriesVectorBCC_0019,all,20800,7.058538178896885,0.04964196566273486,0.03721315079319462,0.17332257442382115
joint_devices,joint_devices_MeanTimeseriesVectorBCC_0019,high_clamped,6720,7.058538178896885,0.020624548591169644,0.01370947100968186,0.05797837885603485
joint_devices,joint_devices_MeanTimeseriesVectorBCC_0019,high_late_clamped,3920,7.058538178896885,0.020183972304279624,0.01310280633190318,0.04894766707900544
