series_id,series_label,source_paper,source_year,source_doi,source_experiment,group_id,source_file,subject_id,perturbation_size_deg,extent_window,subject_mean_extent_deg
morehead_multiclamp_local,Morehead multi-clamp,Ryan Morehead multi-size clamp data,,,Local multi-size clamp MATLAB files,1237,data_MultiSizeClamp_1237.mat,msc_1237_s01,1.75,mean aligned trials 301-500 after baseline correction using aligned trials 31-40,
morehead_multiclamp_local,Morehead multi-clamp,Ryan Morehead multi-size clamp data,,,Local multi-size clamp MATLAB files,1237,data_MultiSizeClamp_1237.mat,msc_1237_s02,1.75,mean aligned trials 301-500 after baseline correction using aligned trials 31-40,3.424481619591775
morehead_multiclamp_local,Morehead multi-clamp,Ryan Morehead multi-size clamp data,,,Local multi-size clamp MATLAB files,1237,data_MultiSizeClamp_1237.mat,msc_1237_s03,1.75,mean aligned trials 301-500 after baseline correction using aligned trials 31-40,23.305457072742577
morehead_multiclamp_local,Morehead multi-clamp,Ryan Morehead multi-size clamp data,,,Local multi-size clamp MATLAB files,1237,data_MultiSizeClamp_1237.mat,msc_1237_s04,1.75,mean aligned trials 301-500 after baseline correction using aligned trials 31-40,22.49484172653309
morehead_multiclamp_local,Morehead multi-clamp,Ryan Morehead multi-size clamp data,,,Local multi-size clamp MATLAB files,1237,data_MultiSizeClamp_1237.mat,msc_1237_s05,1.75,mean aligned trials 301-500 after baseline correction using aligned trials 31-40,9.534787661771206
morehead_multiclamp_local,Morehead multi-clamp,Ryan Morehead multi-size clamp data,,,Local multi-size clamp MATLAB files,1237,data_MultiSizeClamp_1237.mat,msc_1237_s06,1.75,mean aligned trials 301-500 after baseline correction using aligned trials 31-40,11.551787241578923
morehead_multiclamp_local,Morehead multi-clamp,Ryan Morehead multi-size clamp data,,,Local multi-size clamp MATLAB files,1237,data_MultiSizeClamp_1237.mat,msc_1237_s07,1.75,mean aligned trials 301-500 after baseline correction using aligned trials 31-40,1.0268455071741118
morehead_multiclamp_local,Morehead multi-clamp,Ryan Morehead multi-size clamp data,,,Local multi-size clamp MATLAB files,1237,data_MultiSizeClamp_1237.mat,msc_1237_s08,1.75,mean aligned trials 301-500 after baseline correction using aligned trials 31-40,18.160264291123323
morehead_multiclamp_local,Morehead multi-clamp,Ryan Morehead multi-size clamp data,,,Local multi-size clamp MATLAB files,1237,data_MultiSizeClamp_1237.mat,msc_1237_s09,1.75,mean aligned trials 301-500 after baseline correction using aligned trials 31-40,9.647294756278361
morehead_multiclamp_local,Morehead multi-clamp,Ryan Morehead multi-size clamp data,,,Local multi-size clamp MATLAB files,1237,data_MultiSizeClamp_1237.mat,msc_1237_s10,1.75,mean aligned trials 301-500 after baseline correction using aligned trials 31-40,20.024452221221228
morehead_multiclamp_local,Morehead multi-clamp,Ryan Morehead multi-size clamp data,,,Local multi-size clamp MATLAB files,1237,data_MultiSizeClamp_1237.mat,msc_1237_s11,1.75,mean aligned trials 301-500 after baseline correction using aligned trials 31-40,12.16754701111115
morehead_multiclamp_local,Morehead multi-clamp,Ryan Morehead multi-size clamp data,,,Local multi-size clamp MATLAB files,1237,data_MultiSizeClamp_1237.mat,msc_1237_s12,1.75,mean aligned trials 301-500 after baseline correction using aligned trials 31-40,8.456991309995407
morehead_multiclamp_local,Morehead multi-clamp,Ryan Morehead multi-size clamp data,,,Local multi-size clamp MATLAB files,1237,data_MultiSizeClamp_1237.mat,msc_1237_s13,1.75,mean aligned trials 301-500 after baseline correction using aligned trials 31-40,12.841995149305202
morehead_multiclamp_local,Morehead multi-clamp,Ryan Morehead multi-size clamp data,,,Local multi-size clamp MATLAB files,1237,data_MultiSizeClamp_1237.mat,msc_1237_s14,1.75,mean aligned trials 301-500 after baseline correction using aligned trials 31-40,14.869567465338436
morehead_multiclamp_local,Morehead multi-clamp,Ryan Morehead multi-size clamp data,,,Local multi-size clamp MATLAB files,1237,data_MultiSizeClamp_1237.mat,msc_1237_s15,1.75,mean aligned trials 301-500 after baseline correction using aligned trials 31-40,19.63505592693815
morehead_multiclamp_local,Morehead multi-clamp,Ryan Morehead multi-size clamp data,,,Local multi-size clamp MATLAB files,1237,data_MultiSizeClamp_1237.mat,msc_1237_s16,1.75,mean aligned trials 301-500 after baseline correction using aligned trials 31-40,21.285337194712003
morehead_multiclamp_local,Morehead multi-clamp,Ryan Morehead multi-size clamp data,,,Local multi-size clamp MATLAB files,1237,data_MultiSizeClamp_1237.mat,msc_1237_s17,1.75,mean aligned trials 301-500 after baseline correction using aligned trials 31-40,6.2244471344416965
morehead_multiclamp_local,Morehead multi-clamp,Ryan Morehead multi-size clamp data,,,Local multi-size clamp MATLAB files,1237,data_MultiSizeClamp_1237.mat,msc_1237_s18,1.75,mean aligned trials 301-500 after baseline correction using aligned trials 31-40,56.47383736275086
morehead_multiclamp_local,Morehead multi-clamp,Ryan Morehead multi-size clamp data,,,Local multi-size clamp MATLAB files,1237,data_MultiSizeClamp_1237.mat,msc_1237_s19,1.75,mean aligned trials 301-500 after baseline correction using aligned trials 31-40,31.60089881244252
morehead_multiclamp_local,Morehead multi-clamp,Ryan Morehead multi-size clamp data,,,Local multi-size clamp MATLAB files,1237,data_MultiSizeClamp_1237.mat,msc_1237_s20,1.75,mean aligned trials 301-500 after baseline correction using aligned trials 31-40,18.184531966976486
morehead_multiclamp_local,Morehead multi-clamp,Ryan Morehead multi-size clamp data,,,Local multi-size clamp MATLAB files,1237,data_MultiSizeClamp_1237.mat,msc_1237_s01,2.5,mean aligned trials 301-500 after baseline correction using aligned trials 31-40,
morehead_multiclamp_local,Morehead multi-clamp,Ryan Morehead multi-size clamp data,,,Local multi-size clamp MATLAB files,1237,data_MultiSizeClamp_1237.mat,msc_1237_s02,2.5,mean aligned trials 301-500 after baseline correction using aligned trials 31-40,13.105264788280948
morehead_multiclamp_local,Morehead multi-clamp,Ryan Morehead multi-size clamp data,,,Local multi-size clamp MATLAB files,1237,data_MultiSizeClamp_1237.mat,msc_1237_s03,2.5,mean aligned trials 301-500 after baseline correction using aligned trials 31-40,19.35971392548909
morehead_multiclamp_local,Morehead multi-clamp,Ryan Morehead multi-size clamp data,,,Local multi-size clamp MATLAB files,1237,data_MultiSizeClamp_1237.mat,msc_1237_s04,2.5,mean aligned trials 301-500 after baseline correction using aligned trials 31-40,22.212751855799127
morehead_multiclamp_local,Morehead multi-clamp,Ryan Morehead multi-size clamp data,,,Local multi-size clamp MATLAB files,1237,data_MultiSizeClamp_1237.mat,msc_1237_s05,2.5,mean aligned trials 301-500 after baseline correction using aligned trials 31-40,-1.1822080923633758
morehead_multiclamp_local,Morehead multi-clamp,Ryan Morehead multi-size clamp data,,,Local multi-size clamp MATLAB files,1237,data_MultiSizeClamp_1237.mat,msc_1237_s06,2.5,mean aligned trials 301-500 after baseline correction using aligned trials 31-40,21.808293488421707
morehead_multiclamp_local,Morehead multi-clamp,Ryan Morehead multi-size clamp data,,,Local multi-size clamp MATLAB files,1237,data_MultiSizeClamp_1237.mat,msc_1237_s07,2.5,mean aligned trials 301-500 after baseline correction using aligned trials 31-40,7.2875328913588096
morehead_multiclamp_local,Morehead multi-clamp,Ryan Morehead multi-size clamp data,,,Local multi-size clamp MATLAB files,1237,data_MultiSizeClamp_1237.mat,msc_1237_s08,2.5,mean aligned trials 301-500 after baseline correction using aligned trials 31-40,31.42686624817876
morehead_multiclamp_local,Morehead multi-clamp,Ryan Morehead multi-size clamp data,,,Local multi-size clamp MATLAB files,1237,data_MultiSizeClamp_1237.mat,msc_1237_s09,2.5,mean aligned trials 301-500 after baseline correction using aligned trials 31-40,4.062763939301224
morehead_multiclamp_local,Morehead multi-clamp,Ryan Morehead multi-size clamp data,,,Local multi-size clamp MATLAB files,1237,data_MultiSizeClamp_1237.mat,msc_1237_s10,2.5,mean aligned trials 301-500 after baseline correction using aligned trials 31-40,24.805152351761368
morehead_multiclamp_local,Morehead multi-clamp,Ryan Morehead multi-size clamp data,,,Local multi-size clamp MATLAB files,1237,data_MultiSizeClamp_1237.mat,msc_1237_s11,2.5,mean aligned trials 301-500 after baseline correction using aligned trials 31-40,18.145819524976755
morehead_multiclamp_local,Morehead multi-clamp,Ryan Morehead multi-size clamp data,,,Local multi-size clamp MATLAB files,1237,data_MultiSizeClamp_1237.mat,msc_1237_s12,2.5,mean aligned trials 301-500 after baseline correction using aligned trials 31-40,21.747509373809116
morehead_multiclamp_local,Morehead multi-clamp,Ryan Morehead multi-size clamp data,,,Local multi-size clamp MATLAB files,1237,data_MultiSizeClamp_1237.mat,msc_1237_s13,2.5,mean aligned trials 301-500 after baseline correction using aligned trials 31-40,18.111847632009273
morehead_multiclamp_local,Morehead multi-clamp,Ryan Morehead multi-size clamp data,,,Local multi-size clamp MATLAB files,1237,data_MultiSizeClamp_1237.mat,msc_1237_s14,2.5,mean aligned trials 301-500 after baseline correction using aligned trials 31-40,3.762425709728606
morehead_multiclamp_local,Morehead multi-clamp,Ryan Morehead multi-size clamp data,,,Local multi-size clamp MATLAB files,1237,data_MultiSizeClamp_1237.mat,msc_1237_s15,2.5,mean aligned trials 301-500 after baseline correction using aligned trials 31-40,24.654582508470966
morehead_multiclamp_local,Morehead multi-clamp,Ryan Morehead multi-size clamp data,,,Local multi-size clamp MATLAB files,1237,data_MultiSizeClamp_1237.mat,msc_1237_s16,2.5,mean aligned trials 301-500 after baseline correction using aligned trials 31-40,26.072770742593406
morehead_multiclamp_local,Morehead multi-clamp,Ryan Morehead multi-size clamp data,,,Local multi-size clamp MATLAB files,1237,data_MultiSizeClamp_1237.mat,msc_1237_s17,2.5,mean aligned trials 301-500 after baseline correction using aligned trials 31-40,5.609926609972548
morehead_multiclamp_local,Morehead multi-clamp,Ryan Morehead multi-size clamp data,,,Local multi-size clamp MATLAB files,1237,data_MultiSizeClamp_1237.mat,msc_1237_s18,2.5,mean aligned trials 301-500 after baseline correction using aligned trials 31-40,42.840527202923994
morehead_multiclamp_local,Morehead multi-clamp,Ryan Morehead multi-size clamp data,,,Local multi-size clamp MATLAB files,1237,data_MultiSizeClamp_1237.mat,msc_1237_s19,2.5,mean aligned trials 301-500 after baseline correction using aligned trials 31-40,37.800056728317855
morehead_multiclamp_local,Morehead multi-clamp,Ryan Morehead multi-size clamp data,,,Local multi-size clamp MATLAB files,1237,data_MultiSizeClamp_1237.mat,msc_1237_s20,2.5,mean aligned trials 301-500 after baseline correction using aligned trials 31-40,8.843557941206393
morehead_multiclamp_local,Morehead multi-clamp,Ryan Morehead multi-size clamp data,,,Local multi-size clamp MATLAB files,1237,data_MultiSizeClamp_1237.mat,msc_1237_s01,3.5,mean aligned trials 301-500 after baseline correction using aligned trials 31-40,
morehead_multiclamp_local,Morehead multi-clamp,Ryan Morehead multi-size clamp data,,,Local multi-size clamp MATLAB files,1237,data_MultiSizeClamp_1237.mat,msc_1237_s02,3.5,mean aligned trials 301-500 after baseline correction using aligned trials 31-40,4.302233513785929
morehead_multiclamp_local,Morehead multi-clamp,Ryan Morehead multi-size clamp data,,,Local multi-size clamp MATLAB files,1237,data_MultiSizeClamp_1237.mat,msc_1237_s03,3.5,mean aligned trials 301-500 after baseline correction using aligned trials 31-40,18.71927486860378
morehead_multiclamp_local,Morehead multi-clamp,Ryan Morehead multi-size clamp data,,,Local multi-size clamp MATLAB files,1237,data_MultiSizeClamp_1237.mat,msc_1237_s04,3.5,mean aligned trials 301-500 after baseline correction using aligned trials 31-40,22.08456587868485
morehead_multiclamp_local,Morehead multi-clamp,Ryan Morehead multi-size clamp data,,,Local multi-size clamp MATLAB files,1237,data_MultiSizeClamp_1237.mat,msc_1237_s05,3.5,mean aligned trials 301-500 after baseline correction using aligned trials 31-40,12.307174750976392
morehead_multiclamp_local,Morehead multi-clamp,Ryan Morehead multi-size clamp data,,,Local multi-size clamp MATLAB files,1237,data_MultiSizeClamp_1237.mat,msc_1237_s06,3.5,mean aligned trials 301-500 after baseline correction using aligned trials 31-40,11.919707754341065
morehead_multiclamp_local,Morehead multi-clamp,Ryan Morehead multi-size clamp data,,,Local multi-size clamp MATLAB files,1237,data_MultiSizeClamp_1237.mat,msc_1237_s07,3.5,mean aligned trials 301-500 after baseline correction using aligned trials 31-40,16.729000787624727
morehead_multiclamp_local,Morehead multi-clamp,Ryan Morehead multi-size clamp data,,,Local multi-size clamp MATLAB files,1237,data_MultiSizeClamp_1237.mat,msc_1237_s08,3.5,mean aligned trials 301-500 after baseline correction using aligned trials 31-40,21.028595532784674
morehead_multiclamp_local,Morehead multi-clamp,Ryan Morehead multi-size clamp data,,,Local multi-size clamp MATLAB files,1237,data_MultiSizeClamp_1237.mat,msc_1237_s09,3.5,mean aligned trials 301-500 after baseline correction using aligned trials 31-40,19.24622966075304
morehead_multiclamp_local,Morehead multi-clamp,Ryan Morehead multi-size clamp data,,,Local multi-size clamp MATLAB files,1237,data_MultiSizeClamp_1237.mat,msc_1237_s10,3.5,mean aligned trials 301-500 after baseline correction using aligned trials 31-40,28.176643072887007
morehead_multiclamp_local,Morehead multi-clamp,Ryan Morehead multi-size clamp data,,,Local multi-size clamp MATLAB files,1237,data_MultiSizeClamp_1237.mat,msc_1237_s11,3.5,mean aligned trials 301-500 after baseline correction using aligned trials 31-40,7.7915861690203645
morehead_multiclamp_local,Morehead multi-clamp,Ryan Morehead multi-size clamp data,,,Local multi-size clamp MATLAB files,1237,data_MultiSizeClamp_1237.mat,msc_1237_s12,3.5,mean aligned trials 301-500 after baseline correction using aligned trials 31-40,22.7995803161842
morehead_multiclamp_local,Morehead multi-clamp,Ryan Morehead multi-size clamp data,,,Local multi-size clamp MATLAB files,1237,data_MultiSizeClamp_1237.mat,msc_1237_s13,3.5,mean aligned trials 301-500 after baseline correction using aligned trials 31-40,27.42221947086086
morehead_multiclamp_local,Morehead multi-clamp,Ryan Morehead multi-size clamp data,,,Local multi-size clamp MATLAB files,1237,data_MultiSizeClamp_1237.mat,msc_1237_s14,3.5,mean aligned trials 301-500 after baseline correction using aligned trials 31-40,18.885268983064776
morehead_multiclamp_local,Morehead multi-clamp,Ryan Morehead multi-size clamp data,,,Local multi-size clamp MATLAB files,1237,data_MultiSizeClamp_1237.mat,msc_1237_s15,3.5,mean aligned trials 301-500 after baseline correction using aligned trials 31-40,34.89405578046498
morehead_multiclamp_local,Morehead multi-clamp,Ryan Morehead multi-size clamp data,,,Local multi-size clamp MATLAB files,1237,data_MultiSizeClamp_1237.mat,msc_1237_s16,3.5,mean aligned trials 301-500 after baseline correction using aligned trials 31-40,29.15309609574354
morehead_multiclamp_local,Morehead multi-clamp,Ryan Morehead multi-size clamp data,,,Local multi-size clamp MATLAB files,1237,data_MultiSizeClamp_1237.mat,msc_1237_s17,3.5,mean aligned trials 301-500 after baseline correction using aligned trials 31-40,17.524087339490798
morehead_multiclamp_local,Morehead multi-clamp,Ryan Morehead multi-size clamp data,,,Local multi-size clamp MATLAB files,1237,data_MultiSizeClamp_1237.mat,msc_1237_s18,3.5,mean aligned trials 301-500 after baseline correction using aligned trials 31-40,31.735293855987035
morehead_multiclamp_local,Morehead multi-clamp,Ryan Morehead multi-size clamp data,,,Local multi-size clamp MATLAB files,1237,data_MultiSizeClamp_1237.mat,msc_1237_s19,3.5,mean aligned trials 301-500 after baseline correction using aligned trials 31-40,46.74644808826221
morehead_multiclamp_local,Morehead multi-clamp,Ryan Morehead multi-size clamp data,,,Local multi-size clamp MATLAB files,1237,data_MultiSizeClamp_1237.mat,msc_1237_s20,3.5,mean aligned trials 301-500 after baseline correction using aligned trials 31-40,29.32689024024196
morehead_multiclamp_local,Morehead multi-clamp,Ryan Morehead multi-size clamp data,,,Local multi-size clamp MATLAB files,1237,data_MultiSizeClamp_1237.mat,msc_1237_s01,7.5,mean aligned trials 301-500 after baseline correction using aligned trials 31-40,
morehead_multiclamp_local,Morehead multi-clamp,Ryan Morehead multi-size clamp data,,,Local multi-size clamp MATLAB files,1237,data_MultiSizeClamp_1237.mat,msc_1237_s02,7.5,mean aligned trials 301-500 after baseline correction using aligned trials 31-40,29.98097990610741
morehead_multiclamp_local,Morehead multi-clamp,Ryan Morehead multi-size clamp data,,,Local multi-size clamp MATLAB files,1237,data_MultiSizeClamp_1237.mat,msc_1237_s03,7.5,mean aligned trials 301-500 after baseline correction using aligned trials 31-40,23.06877795764282
morehead_multiclamp_local,Morehead multi-clamp,Ryan Morehead multi-size clamp data,,,Local multi-size clamp MATLAB files,1237,data_MultiSizeClamp_1237.mat,msc_1237_s04,7.5,mean aligned trials 301-500 after baseline correction using aligned trials 31-40,39.89616555191599
morehead_multiclamp_local,Morehead multi-clamp,Ryan Morehead multi-size clamp data,,,Local multi-size clamp MATLAB files,1237,data_MultiSizeClamp_1237.mat,msc_1237_s05,7.5,mean aligned trials 301-500 after baseline correction using aligned trials 31-40,29.484395553271217
morehead_multiclamp_local,Morehead multi-clamp,Ryan Morehead multi-size clamp data,,,Local multi-size clamp MATLAB files,1237,data_MultiSizeClamp_1237.mat,msc_1237_s06,7.5,mean aligned trials 301-500 after baseline correction using aligned trials 31-40,26.81239390020555
morehead_multiclamp_local,Morehead multi-clamp,Ryan Morehead multi-size clamp data,,,Local multi-size clamp MATLAB files,1237,data_MultiSizeClamp_1237.mat,msc_1237_s07,7.5,mean aligned trials 301-500 after baseline correction using aligned trials 31-40,14.147038938113594
morehead_multiclamp_local,Morehead multi-clamp,Ryan Morehead multi-size clamp data,,,Local multi-size clamp MATLAB files,1237,data_MultiSizeClamp_1237.mat,msc_1237_s08,7.5,mean aligned trials 301-500 after baseline correction using aligned trials 31-40,8.677825792039087
morehead_multiclamp_local,Morehead multi-clamp,Ryan Morehead multi-size clamp data,,,Local multi-size clamp MATLAB files,1237,data_MultiSizeClamp_1237.mat,msc_1237_s09,7.5,mean aligned trials 301-500 after baseline correction using aligned trials 31-40,15.522942248751791
morehead_multiclamp_local,Morehead multi-clamp,Ryan Morehead multi-size clamp data,,,Local multi-size clamp MATLAB files,1237,data_MultiSizeClamp_1237.mat,msc_1237_s10,7.5,mean aligned trials 301-500 after baseline correction using aligned trials 31-40,34.21029836168802
morehead_multiclamp_local,Morehead multi-clamp,Ryan Morehead multi-size clamp data,,,Local multi-size clamp MATLAB files,1237,data_MultiSizeClamp_1237.mat,msc_1237_s11,7.5,mean aligned trials 301-500 after baseline correction using aligned trials 31-40,24.1065100373342
morehead_multiclamp_local,Morehead multi-clamp,Ryan Morehead multi-size clamp data,,,Local multi-size clamp MATLAB files,1237,data_MultiSizeClamp_1237.mat,msc_1237_s12,7.5,mean aligned trials 301-500 after baseline correction using aligned trials 31-40,39.910365659073655
morehead_multiclamp_local,Morehead multi-clamp,Ryan Morehead multi-size clamp data,,,Local multi-size clamp MATLAB files,1237,data_MultiSizeClamp_1237.mat,msc_1237_s13,7.5,mean aligned trials 301-500 after baseline correction using aligned trials 31-40,27.1187648230392
morehead_multiclamp_local,Morehead multi-clamp,Ryan Morehead multi-size clamp data,,,Local multi-size clamp MATLAB files,1237,data_MultiSizeClamp_1237.mat,msc_1237_s14,7.5,mean aligned trials 301-500 after baseline correction using aligned trials 31-40,13.566333810043979
morehead_multiclamp_local,Morehead multi-clamp,Ryan Morehead multi-size clamp data,,,Local multi-size clamp MATLAB files,1237,data_MultiSizeClamp_1237.mat,msc_1237_s15,7.5,mean aligned trials 301-500 after baseline correction using aligned trials 31-40,35.796615288844094
morehead_multiclamp_local,Morehead multi-clamp,Ryan Morehead multi-size clamp data,,,Local multi-size clamp MATLAB files,1237,data_MultiSizeClamp_1237.mat,msc_1237_s16,7.5,mean aligned trials 301-500 after baseline correction using aligned trials 31-40,16.16661794757205
morehead_multiclamp_local,Morehead multi-clamp,Ryan Morehead multi-size clamp data,,,Local multi-size clamp MATLAB files,1237,data_MultiSizeClamp_1237.mat,msc_1237_s17,7.5,mean aligned trials 301-500 after baseline correction using aligned trials 31-40,37.37760440901663
morehead_multiclamp_local,Morehead multi-clamp,Ryan Morehead multi-size clamp data,,,Local multi-size clamp MATLAB files,1237,data_MultiSizeClamp_1237.mat,msc_1237_s18,7.5,mean aligned trials 301-500 after baseline correction using aligned trials 31-40,74.67184363583753
morehead_multiclamp_local,Morehead multi-clamp,Ryan Morehead multi-size clamp data,,,Local multi-size clamp MATLAB files,1237,data_MultiSizeClamp_1237.mat,msc_1237_s19,7.5,mean aligned trials 301-500 after baseline correction using aligned trials 31-40,52.74950258114432
morehead_multiclamp_local,Morehead multi-clamp,Ryan Morehead multi-size clamp data,,,Local multi-size clamp MATLAB files,1237,data_MultiSizeClamp_1237.mat,msc_1237_s20,7.5,mean aligned trials 301-500 after baseline correction using aligned trials 31-40,20.243684739934704
morehead_multiclamp_local,Morehead multi-clamp,Ryan Morehead multi-size clamp data,,,Local multi-size clamp MATLAB files,15304560,data_MultiSizeClamp_15304560.mat,msc_15304560_s01,15.0,mean aligned trials 301-500 after baseline correction using aligned trials 31-40,32.67960618135554
morehead_multiclamp_local,Morehead multi-clamp,Ryan Morehead multi-size clamp data,,,Local multi-size clamp MATLAB files,15304560,data_MultiSizeClamp_15304560.mat,msc_15304560_s02,15.0,mean aligned trials 301-500 after baseline correction using aligned trials 31-40,21.877867557707297
morehead_multiclamp_local,Morehead multi-clamp,Ryan Morehead multi-size clamp data,,,Local multi-size clamp MATLAB files,15304560,data_MultiSizeClamp_15304560.mat,msc_15304560_s03,15.0,mean aligned trials 301-500 after baseline correction using aligned trials 31-40,37.53299000485072
morehead_multiclamp_local,Morehead multi-clamp,Ryan Morehead multi-size clamp data,,,Local multi-size clamp MATLAB files,15304560,data_MultiSizeClamp_15304560.mat,msc_15304560_s04,15.0,mean aligned trials 301-500 after baseline correction using aligned trials 31-40,27.121315117705684
morehead_multiclamp_local,Morehead multi-clamp,Ryan Morehead multi-size clamp data,,,Local multi-size clamp MATLAB files,15304560,data_MultiSizeClamp_15304560.mat,msc_15304560_s05,15.0,mean aligned trials 301-500 after baseline correction using aligned trials 31-40,22.049089310564305
morehead_multiclamp_local,Morehead multi-clamp,Ryan Morehead multi-size clamp data,,,Local multi-size clamp MATLAB files,15304560,data_MultiSizeClamp_15304560.mat,msc_15304560_s06,15.0,mean aligned trials 301-500 after baseline correction using aligned trials 31-40,35.6403398561839
morehead_multiclamp_local,Morehead multi-clamp,Ryan Morehead multi-size clamp data,,,Local multi-size clamp MATLAB files,15304560,data_MultiSizeClamp_15304560.mat,msc_15304560_s07,15.0,mean aligned trials 301-500 after baseline correction using aligned trials 31-40,33.20242647843077
morehead_multiclamp_local,Morehead multi-clamp,Ryan Morehead multi-size clamp data,,,Local multi-size clamp MATLAB files,15304560,data_MultiSizeClamp_15304560.mat,msc_15304560_s08,15.0,mean aligned trials 301-500 after baseline correction using aligned trials 31-40,19.843478297544458
morehead_multiclamp_local,Morehead multi-clamp,Ryan Morehead multi-size clamp data,,,Local multi-size clamp MATLAB files,15304560,data_MultiSizeClamp_15304560.mat,msc_15304560_s09,15.0,mean aligned trials 301-500 after baseline correction using aligned trials 31-40,17.5785813985378
morehead_multiclamp_local,Morehead multi-clamp,Ryan Morehead multi-size clamp data,,,Local multi-size clamp MATLAB files,15304560,data_MultiSizeClamp_15304560.mat,msc_15304560_s10,15.0,mean aligned trials 301-500 after baseline correction using aligned trials 31-40,32.112792066452386
morehead_multiclamp_local,Morehead multi-clamp,Ryan Morehead multi-size clamp data,,,Local multi-size clamp MATLAB files,15304560,data_MultiSizeClamp_15304560.mat,msc_15304560_s11,15.0,mean aligned trials 301-500 after baseline correction using aligned trials 31-40,21.074693053136112
morehead_multiclamp_local,Morehead multi-clamp,Ryan Morehead multi-size clamp data,,,Local multi-size clamp MATLAB files,15304560,data_MultiSizeClamp_15304560.mat,msc_15304560_s12,15.0,mean aligned trials 301-500 after baseline correction using aligned trials 31-40,26.0940135581949
morehead_multiclamp_local,Morehead multi-clamp,Ryan Morehead multi-size clamp data,,,Local multi-size clamp MATLAB files,15304560,data_MultiSizeClamp_15304560.mat,msc_15304560_s13,15.0,mean aligned trials 301-500 after baseline correction using aligned trials 31-40,14.722963924814643
morehead_multiclamp_local,Morehead multi-clamp,Ryan Morehead multi-size clamp data,,,Local multi-size clamp MATLAB files,15304560,data_MultiSizeClamp_15304560.mat,msc_15304560_s14,15.0,mean aligned trials 301-500 after baseline correction using aligned trials 31-40,19.136378895800046
morehead_multiclamp_local,Morehead multi-clamp,Ryan Morehead multi-size clamp data,,,Local multi-size clamp MATLAB files,15304560,data_MultiSizeClamp_15304560.mat,msc_15304560_s15,15.0,mean aligned trials 301-500 after baseline correction using aligned trials 31-40,56.35433592645129
morehead_multiclamp_local,Morehead multi-clamp,Ryan Morehead multi-size clamp data,,,Local multi-size clamp MATLAB files,15304560,data_MultiSizeClamp_15304560.mat,msc_15304560_s16,15.0,mean aligned trials 301-500 after baseline correction using aligned trials 31-40,33.295642040717496
morehead_multiclamp_local,Morehead multi-clamp,Ryan Morehead multi-size clamp data,,,Local multi-size clamp MATLAB files,15304560,data_MultiSizeClamp_15304560.mat,msc_15304560_s17,15.0,mean aligned trials 301-500 after baseline correction using aligned trials 31-40,47.974876752435705
morehead_multiclamp_local,Morehead multi-clamp,Ryan Morehead multi-size clamp data,,,Local multi-size clamp MATLAB files,15304560,data_MultiSizeClamp_15304560.mat,msc_15304560_s18,15.0,mean aligned trials 301-500 after baseline correction using aligned trials 31-40,18.535875737236488
morehead_multiclamp_local,Morehead multi-clamp,Ryan Morehead multi-size clamp data,,,Local multi-size clamp MATLAB files,15304560,data_MultiSizeClamp_15304560.mat,msc_15304560_s19,15.0,mean aligned trials 301-500 after baseline correction using aligned trials 31-40,30.652484618916056
morehead_multiclamp_local,Morehead multi-clamp,Ryan Morehead multi-size clamp data,,,Local multi-size clamp MATLAB files,15304560,data_MultiSizeClamp_15304560.mat,msc_15304560_s20,15.0,mean aligned trials 301-500 after baseline correction using aligned trials 31-40,32.356079500312354
morehead_multiclamp_local,Morehead multi-clamp,Ryan Morehead multi-size clamp data,,,Local multi-size clamp MATLAB files,15304560,data_MultiSizeClamp_15304560.mat,msc_15304560_s21,15.0,mean aligned trials 301-500 after baseline correction using aligned trials 31-40,29.361528315310046
morehead_multiclamp_local,Morehead multi-clamp,Ryan Morehead multi-size clamp data,,,Local multi-size clamp MATLAB files,15304560,data_MultiSizeClamp_15304560.mat,msc_15304560_s01,30.0,mean aligned trials 301-500 after baseline correction using aligned trials 31-40,19.339975625768705
morehead_multiclamp_local,Morehead multi-clamp,Ryan Morehead multi-size clamp data,,,Local multi-size clamp MATLAB files,15304560,data_MultiSizeClamp_15304560.mat,msc_15304560_s02,30.0,mean aligned trials 301-500 after baseline correction using aligned trials 31-40,5.329809279933161
morehead_multiclamp_local,Morehead multi-clamp,Ryan Morehead multi-size clamp data,,,Local multi-size clamp MATLAB files,15304560,data_MultiSizeClamp_15304560.mat,msc_15304560_s03,30.0,mean aligned trials 301-500 after baseline correction using aligned trials 31-40,26.31702540631134
morehead_multiclamp_local,Morehead multi-clamp,Ryan Morehead multi-size clamp data,,,Local multi-size clamp MATLAB files,15304560,data_MultiSizeClamp_15304560.mat,msc_15304560_s04,30.0,mean aligned trials 301-500 after baseline correction using aligned trials 31-40,22.89807061305114
morehead_multiclamp_local,Morehead multi-clamp,Ryan Morehead multi-size clamp data,,,Local multi-size clamp MATLAB files,15304560,data_MultiSizeClamp_15304560.mat,msc_15304560_s05,30.0,mean aligned trials 301-500 after baseline correction using aligned trials 31-40,7.206146177775673
morehead_multiclamp_local,Morehead multi-clamp,Ryan Morehead multi-size clamp data,,,Local multi-size clamp MATLAB files,15304560,data_MultiSizeClamp_15304560.mat,msc_15304560_s06,30.0,mean aligned trials 301-500 after baseline correction using aligned trials 31-40,36.879270393392915
morehead_multiclamp_local,Morehead multi-clamp,Ryan Morehead multi-size clamp data,,,Local multi-size clamp MATLAB files,15304560,data_MultiSizeClamp_15304560.mat,msc_15304560_s07,30.0,mean aligned trials 301-500 after baseline correction using aligned trials 31-40,30.721021156734764
morehead_multiclamp_local,Morehead multi-clamp,Ryan Morehead multi-size clamp data,,,Local multi-size clamp MATLAB files,15304560,data_MultiSizeClamp_15304560.mat,msc_15304560_s08,30.0,mean aligned trials 301-500 after baseline correction using aligned trials 31-40,71.41890072770731
morehead_multiclamp_local,Morehead multi-clamp,Ryan Morehead multi-size clamp data,,,Local multi-size clamp MATLAB files,15304560,data_MultiSizeClamp_15304560.mat,msc_15304560_s09,30.0,mean aligned trials 301-500 after baseline correction using aligned trials 31-40,26.805293270367105
morehead_multiclamp_local,Morehead multi-clamp,Ryan Morehead multi-size clamp data,,,Local multi-size clamp MATLAB files,15304560,data_MultiSizeClamp_15304560.mat,msc_15304560_s10,30.0,mean aligned trials 301-500 after baseline correction using aligned trials 31-40,21.44315951309222
morehead_multiclamp_local,Morehead multi-clamp,Ryan Morehead multi-size clamp data,,,Local multi-size clamp MATLAB files,15304560,data_MultiSizeClamp_15304560.mat,msc_15304560_s11,30.0,mean aligned trials 301-500 after baseline correction using aligned trials 31-40,26.817064058181973
morehead_multiclamp_local,Morehead multi-clamp,Ryan Morehead multi-size clamp data,,,Local multi-size clamp MATLAB files,15304560,data_MultiSizeClamp_15304560.mat,msc_15304560_s12,30.0,mean aligned trials 301-500 after baseline correction using aligned trials 31-40,21.534779075906226
morehead_multiclamp_local,Morehead multi-clamp,Ryan Morehead multi-size clamp data,,,Local multi-size clamp MATLAB files,15304560,data_MultiSizeClamp_15304560.mat,msc_15304560_s13,30.0,mean aligned trials 301-500 after baseline correction using aligned trials 31-40,34.00324389029935
morehead_multiclamp_local,Morehead multi-clamp,Ryan Morehead multi-size clamp data,,,Local multi-size clamp MATLAB files,15304560,data_MultiSizeClamp_15304560.mat,msc_15304560_s14,30.0,mean aligned trials 301-500 after baseline correction using aligned trials 31-40,26.34034160184777
morehead_multiclamp_local,Morehead multi-clamp,Ryan Morehead multi-size clamp data,,,Local multi-size clamp MATLAB files,15304560,data_MultiSizeClamp_15304560.mat,msc_15304560_s15,30.0,mean aligned trials 301-500 after baseline correction using aligned trials 31-40,40.99070558618015
morehead_multiclamp_local,Morehead multi-clamp,Ryan Morehead multi-size clamp data,,,Local multi-size clamp MATLAB files,15304560,data_MultiSizeClamp_15304560.mat,msc_15304560_s16,30.0,mean aligned trials 301-500 after baseline correction using aligned trials 31-40,13.096788095828979
morehead_multiclamp_local,Morehead multi-clamp,Ryan Morehead multi-size clamp data,,,Local multi-size clamp MATLAB files,15304560,data_MultiSizeClamp_15304560.mat,msc_15304560_s17,30.0,mean aligned trials 301-500 after baseline correction using aligned trials 31-40,38.58192772727127
morehead_multiclamp_local,Morehead multi-clamp,Ryan Morehead multi-size clamp data,,,Local multi-size clamp MATLAB files,15304560,data_MultiSizeClamp_15304560.mat,msc_15304560_s18,30.0,mean aligned trials 301-500 after baseline correction using aligned trials 31-40,25.841006744313525
morehead_multiclamp_local,Morehead multi-clamp,Ryan Morehead multi-size clamp data,,,Local multi-size clamp MATLAB files,15304560,data_MultiSizeClamp_15304560.mat,msc_15304560_s19,30.0,mean aligned trials 301-500 after baseline correction using aligned trials 31-40,35.73308305186754
morehead_multiclamp_local,Morehead multi-clamp,Ryan Morehead multi-size clamp data,,,Local multi-size clamp MATLAB files,15304560,data_MultiSizeClamp_15304560.mat,msc_15304560_s20,30.0,mean aligned trials 301-500 after baseline correction using aligned trials 31-40,15.828442416304094
morehead_multiclamp_local,Morehead multi-clamp,Ryan Morehead multi-size clamp data,,,Local multi-size clamp MATLAB files,15304560,data_MultiSizeClamp_15304560.mat,msc_15304560_s21,30.0,mean aligned trials 301-500 after baseline correction using aligned trials 31-40,42.09333246274764
morehead_multiclamp_local,Morehead multi-clamp,Ryan Morehead multi-size clamp data,,,Local multi-size clamp MATLAB files,15304560,data_MultiSizeClamp_15304560.mat,msc_15304560_s01,45.0,mean aligned trials 301-500 after baseline correction using aligned trials 31-40,24.82206100179181
morehead_multiclamp_local,Morehead multi-clamp,Ryan Morehead multi-size clamp data,,,Local multi-size clamp MATLAB files,15304560,data_MultiSizeClamp_15304560.mat,msc_15304560_s02,45.0,mean aligned trials 301-500 after baseline correction using aligned trials 31-40,12.945604849420828
morehead_multiclamp_local,Morehead multi-clamp,Ryan Morehead multi-size clamp data,,,Local multi-size clamp MATLAB files,15304560,data_MultiSizeClamp_15304560.mat,msc_15304560_s03,45.0,mean aligned trials 301-500 after baseline correction using aligned trials 31-40,65.14292355816754
morehead_multiclamp_local,Morehead multi-clamp,Ryan Morehead multi-size clamp data,,,Local multi-size clamp MATLAB files,15304560,data_MultiSizeClamp_15304560.mat,msc_15304560_s04,45.0,mean aligned trials 301-500 after baseline correction using aligned trials 31-40,24.44023964823713
morehead_multiclamp_local,Morehead multi-clamp,Ryan Morehead multi-size clamp data,,,Local multi-size clamp MATLAB files,15304560,data_MultiSizeClamp_15304560.mat,msc_15304560_s05,45.0,mean aligned trials 301-500 after baseline correction using aligned trials 31-40,16.259166036501654
morehead_multiclamp_local,Morehead multi-clamp,Ryan Morehead multi-size clamp data,,,Local multi-size clamp MATLAB files,15304560,data_MultiSizeClamp_15304560.mat,msc_15304560_s06,45.0,mean aligned trials 301-500 after baseline correction using aligned trials 31-40,23.233377710684408
morehead_multiclamp_local,Morehead multi-clamp,Ryan Morehead multi-size clamp data,,,Local multi-size clamp MATLAB files,15304560,data_MultiSizeClamp_15304560.mat,msc_15304560_s07,45.0,mean aligned trials 301-500 after baseline correction using aligned trials 31-40,34.640309515518766
morehead_multiclamp_local,Morehead multi-clamp,Ryan Morehead multi-size clamp data,,,Local multi-size clamp MATLAB files,15304560,data_MultiSizeClamp_15304560.mat,msc_15304560_s08,45.0,mean aligned trials 301-500 after baseline correction using aligned trials 31-40,28.46796874839547
morehead_multiclamp_local,Morehead multi-clamp,Ryan Morehead multi-size clamp data,,,Local multi-size clamp MATLAB files,15304560,data_MultiSizeClamp_15304560.mat,msc_15304560_s09,45.0,mean aligned trials 301-500 after baseline correction using aligned trials 31-40,16.30181229490292
morehead_multiclamp_local,Morehead multi-clamp,Ryan Morehead multi-size clamp data,,,Local multi-size clamp MATLAB files,15304560,data_MultiSizeClamp_15304560.mat,msc_15304560_s10,45.0,mean aligned trials 301-500 after baseline correction using aligned trials 31-40,18.206111184463488
morehead_multiclamp_local,Morehead multi-clamp,Ryan Morehead multi-size clamp data,,,Local multi-size clamp MATLAB files,15304560,data_MultiSizeClamp_15304560.mat,msc_15304560_s11,45.0,mean aligned trials 301-500 after baseline correction using aligned trials 31-40,19.695852038095584
morehead_multiclamp_local,Morehead multi-clamp,Ryan Morehead multi-size clamp data,,,Local multi-size clamp MATLAB files,15304560,data_MultiSizeClamp_15304560.mat,msc_15304560_s12,45.0,mean aligned trials 301-500 after baseline correction using aligned trials 31-40,24.371646879926956
morehead_multiclamp_local,Morehead multi-clamp,Ryan Morehead multi-size clamp data,,,Local multi-size clamp MATLAB files,15304560,data_MultiSizeClamp_15304560.mat,msc_15304560_s13,45.0,mean aligned trials 301-500 after baseline correction using aligned trials 31-40,18.189979284596237
morehead_multiclamp_local,Morehead multi-clamp,Ryan Morehead multi-size clamp data,,,Local multi-size clamp MATLAB files,15304560,data_MultiSizeClamp_15304560.mat,msc_15304560_s14,45.0,mean aligned trials 301-500 after baseline correction using aligned trials 31-40,15.144262016516942
morehead_multiclamp_local,Morehead multi-clamp,Ryan Morehead multi-size clamp data,,,Local multi-size clamp MATLAB files,15304560,data_MultiSizeClamp_15304560.mat,msc_15304560_s15,45.0,mean aligned trials 301-500 after baseline correction using aligned trials 31-40,42.0392015703858
morehead_multiclamp_local,Morehead multi-clamp,Ryan Morehead multi-size clamp data,,,Local multi-size clamp MATLAB files,15304560,data_MultiSizeClamp_15304560.mat,msc_15304560_s16,45.0,mean aligned trials 301-500 after baseline correction using aligned trials 31-40,35.75963977281831
morehead_multiclamp_local,Morehead multi-clamp,Ryan Morehead multi-size clamp data,,,Local multi-size clamp MATLAB files,15304560,data_MultiSizeClamp_15304560.mat,msc_15304560_s17,45.0,mean aligned trials 301-500 after baseline correction using aligned trials 31-40,35.92791144084447
morehead_multiclamp_local,Morehead multi-clamp,Ryan Morehead multi-size clamp data,,,Local multi-size clamp MATLAB files,15304560,data_MultiSizeClamp_15304560.mat,msc_15304560_s18,45.0,mean aligned trials 301-500 after baseline correction using aligned trials 31-40,13.342130308805642
morehead_multiclamp_local,Morehead multi-clamp,Ryan Morehead multi-size clamp data,,,Local multi-size clamp MATLAB files,15304560,data_MultiSizeClamp_15304560.mat,msc_15304560_s19,45.0,mean aligned trials 301-500 after baseline correction using aligned trials 31-40,24.569371211365425
morehead_multiclamp_local,Morehead multi-clamp,Ryan Morehead multi-size clamp data,,,Local multi-size clamp MATLAB files,15304560,data_MultiSizeClamp_15304560.mat,msc_15304560_s20,45.0,mean aligned trials 301-500 after baseline correction using aligned trials 31-40,23.823014835922933
morehead_multiclamp_local,Morehead multi-clamp,Ryan Morehead multi-size clamp data,,,Local multi-size clamp MATLAB files,15304560,data_MultiSizeClamp_15304560.mat,msc_15304560_s21,45.0,mean aligned trials 301-500 after baseline correction using aligned trials 31-40,45.149748387635434
morehead_multiclamp_local,Morehead multi-clamp,Ryan Morehead multi-size clamp data,,,Local multi-size clamp MATLAB files,15304560,data_MultiSizeClamp_15304560.mat,msc_15304560_s01,60.0,mean aligned trials 301-500 after baseline correction using aligned trials 31-40,20.992585810452724
morehead_multiclamp_local,Morehead multi-clamp,Ryan Morehead multi-size clamp data,,,Local multi-size clamp MATLAB files,15304560,data_MultiSizeClamp_15304560.mat,msc_15304560_s02,60.0,mean aligned trials 301-500 after baseline correction using aligned trials 31-40,4.729233336250124
morehead_multiclamp_local,Morehead multi-clamp,Ryan Morehead multi-size clamp data,,,Local multi-size clamp MATLAB files,15304560,data_MultiSizeClamp_15304560.mat,msc_15304560_s03,60.0,mean aligned trials 301-500 after baseline correction using aligned trials 31-40,12.395971131186514
morehead_multiclamp_local,Morehead multi-clamp,Ryan Morehead multi-size clamp data,,,Local multi-size clamp MATLAB files,15304560,data_MultiSizeClamp_15304560.mat,msc_15304560_s04,60.0,mean aligned trials 301-500 after baseline correction using aligned trials 31-40,19.043640499595337
morehead_multiclamp_local,Morehead multi-clamp,Ryan Morehead multi-size clamp data,,,Local multi-size clamp MATLAB files,15304560,data_MultiSizeClamp_15304560.mat,msc_15304560_s05,60.0,mean aligned trials 301-500 after baseline correction using aligned trials 31-40,23.489731515609908
morehead_multiclamp_local,Morehead multi-clamp,Ryan Morehead multi-size clamp data,,,Local multi-size clamp MATLAB files,15304560,data_MultiSizeClamp_15304560.mat,msc_15304560_s06,60.0,mean aligned trials 301-500 after baseline correction using aligned trials 31-40,18.074424603288435
morehead_multiclamp_local,Morehead multi-clamp,Ryan Morehead multi-size clamp data,,,Local multi-size clamp MATLAB files,15304560,data_MultiSizeClamp_15304560.mat,msc_15304560_s07,60.0,mean aligned trials 301-500 after baseline correction using aligned trials 31-40,28.23345518409151
morehead_multiclamp_local,Morehead multi-clamp,Ryan Morehead multi-size clamp data,,,Local multi-size clamp MATLAB files,15304560,data_MultiSizeClamp_15304560.mat,msc_15304560_s08,60.0,mean aligned trials 301-500 after baseline correction using aligned trials 31-40,30.2412067867322
morehead_multiclamp_local,Morehead multi-clamp,Ryan Morehead multi-size clamp data,,,Local multi-size clamp MATLAB files,15304560,data_MultiSizeClamp_15304560.mat,msc_15304560_s09,60.0,mean aligned trials 301-500 after baseline correction using aligned trials 31-40,7.105340410558582
morehead_multiclamp_local,Morehead multi-clamp,Ryan Morehead multi-size clamp data,,,Local multi-size clamp MATLAB files,15304560,data_MultiSizeClamp_15304560.mat,msc_15304560_s10,60.0,mean aligned trials 301-500 after baseline correction using aligned trials 31-40,10.108253620893842
morehead_multiclamp_local,Morehead multi-clamp,Ryan Morehead multi-size clamp data,,,Local multi-size clamp MATLAB files,15304560,data_MultiSizeClamp_15304560.mat,msc_15304560_s11,60.0,mean aligned trials 301-500 after baseline correction using aligned trials 31-40,25.19769989092078
morehead_multiclamp_local,Morehead multi-clamp,Ryan Morehead multi-size clamp data,,,Local multi-size clamp MATLAB files,15304560,data_MultiSizeClamp_15304560.mat,msc_15304560_s12,60.0,mean aligned trials 301-500 after baseline correction using aligned trials 31-40,18.060733013130317
morehead_multiclamp_local,Morehead multi-clamp,Ryan Morehead multi-size clamp data,,,Local multi-size clamp MATLAB files,15304560,data_MultiSizeClamp_15304560.mat,msc_15304560_s13,60.0,mean aligned trials 301-500 after baseline correction using aligned trials 31-40,11.210170258339275
morehead_multiclamp_local,Morehead multi-clamp,Ryan Morehead multi-size clamp data,,,Local multi-size clamp MATLAB files,15304560,data_MultiSizeClamp_15304560.mat,msc_15304560_s14,60.0,mean aligned trials 301-500 after baseline correction using aligned trials 31-40,19.337765303564165
morehead_multiclamp_local,Morehead multi-clamp,Ryan Morehead multi-size clamp data,,,Local multi-size clamp MATLAB files,15304560,data_MultiSizeClamp_15304560.mat,msc_15304560_s15,60.0,mean aligned trials 301-500 after baseline correction using aligned trials 31-40,19.64211467331363
morehead_multiclamp_local,Morehead multi-clamp,Ryan Morehead multi-size clamp data,,,Local multi-size clamp MATLAB files,15304560,data_MultiSizeClamp_15304560.mat,msc_15304560_s16,60.0,mean aligned trials 301-500 after baseline correction using aligned trials 31-40,29.68282704829588
morehead_multiclamp_local,Morehead multi-clamp,Ryan Morehead multi-size clamp data,,,Local multi-size clamp MATLAB files,15304560,data_MultiSizeClamp_15304560.mat,msc_15304560_s17,60.0,mean aligned trials 301-500 after baseline correction using aligned trials 31-40,42.18498589486349
morehead_multiclamp_local,Morehead multi-clamp,Ryan Morehead multi-size clamp data,,,Local multi-size clamp MATLAB files,15304560,data_MultiSizeClamp_15304560.mat,msc_15304560_s18,60.0,mean aligned trials 301-500 after baseline correction using aligned trials 31-40,18.434589938788683
morehead_multiclamp_local,Morehead multi-clamp,Ryan Morehead multi-size clamp data,,,Local multi-size clamp MATLAB files,15304560,data_MultiSizeClamp_15304560.mat,msc_15304560_s19,60.0,mean aligned trials 301-500 after baseline correction using aligned trials 31-40,20.22156414338529
morehead_multiclamp_local,Morehead multi-clamp,Ryan Morehead multi-size clamp data,,,Local multi-size clamp MATLAB files,15304560,data_MultiSizeClamp_15304560.mat,msc_15304560_s20,60.0,mean aligned trials 301-500 after baseline correction using aligned trials 31-40,21.623841022826625
morehead_multiclamp_local,Morehead multi-clamp,Ryan Morehead multi-size clamp data,,,Local multi-size clamp MATLAB files,15304560,data_MultiSizeClamp_15304560.mat,msc_15304560_s21,60.0,mean aligned trials 301-500 after baseline correction using aligned trials 31-40,36.36075806731497
morehead_multiclamp_local,Morehead multi-clamp,Ryan Morehead multi-size clamp data,,,Local multi-size clamp MATLAB files,7080100110,data_MultiSizeClamp_7080100110.mat,msc_7080100110_s01,70.0,mean aligned trials 301-500 after baseline correction using aligned trials 31-40,10.957293897711857
morehead_multiclamp_local,Morehead multi-clamp,Ryan Morehead multi-size clamp data,,,Local multi-size clamp MATLAB files,7080100110,data_MultiSizeClamp_7080100110.mat,msc_7080100110_s02,70.0,mean aligned trials 301-500 after baseline correction using aligned trials 31-40,40.46947472656834
morehead_multiclamp_local,Morehead multi-clamp,Ryan Morehead multi-size clamp data,,,Local multi-size clamp MATLAB files,7080100110,data_MultiSizeClamp_7080100110.mat,msc_7080100110_s03,70.0,mean aligned trials 301-500 after baseline correction using aligned trials 31-40,7.576006895341716
morehead_multiclamp_local,Morehead multi-clamp,Ryan Morehead multi-size clamp data,,,Local multi-size clamp MATLAB files,7080100110,data_MultiSizeClamp_7080100110.mat,msc_7080100110_s04,70.0,mean aligned trials 301-500 after baseline correction using aligned trials 31-40,24.735109600563366
morehead_multiclamp_local,Morehead multi-clamp,Ryan Morehead multi-size clamp data,,,Local multi-size clamp MATLAB files,7080100110,data_MultiSizeClamp_7080100110.mat,msc_7080100110_s05,70.0,mean aligned trials 301-500 after baseline correction using aligned trials 31-40,18.731716331696916
morehead_multiclamp_local,Morehead multi-clamp,Ryan Morehead multi-size clamp data,,,Local multi-size clamp MATLAB files,7080100110,data_MultiSizeClamp_7080100110.mat,msc_7080100110_s06,70.0,mean aligned trials 301-500 after baseline correction using aligned trials 31-40,16.83050818281292
morehead_multiclamp_local,Morehead multi-clamp,Ryan Morehead multi-size clamp data,,,Local multi-size clamp MATLAB files,7080100110,data_MultiSizeClamp_7080100110.mat,msc_7080100110_s07,70.0,mean aligned trials 301-500 after baseline correction using aligned trials 31-40,16.509478855257054
morehead_multiclamp_local,Morehead multi-clamp,Ryan Morehead multi-size clamp data,,,Local multi-size clamp MATLAB files,7080100110,data_MultiSizeClamp_7080100110.mat,msc_7080100110_s08,70.0,mean aligned trials 301-500 after baseline correction using aligned trials 31-40,19.799194186371988
morehead_multiclamp_local,Morehead multi-clamp,Ryan Morehead multi-size clamp data,,,Local multi-size clamp MATLAB files,7080100110,data_MultiSizeClamp_7080100110.mat,msc_7080100110_s09,70.0,mean aligned trials 301-500 after baseline correction using aligned trials 31-40,12.924965786188311
morehead_multiclamp_local,Morehead multi-clamp,Ryan Morehead multi-size clamp data,,,Local multi-size clamp MATLAB files,7080100110,data_MultiSizeClamp_7080100110.mat,msc_7080100110_s10,70.0,mean aligned trials 301-500 after baseline correction using aligned trials 31-40,23.927432770194446
morehead_multiclamp_local,Morehead multi-clamp,Ryan Morehead multi-size clamp data,,,Local multi-size clamp MATLAB files,7080100110,data_MultiSizeClamp_7080100110.mat,msc_7080100110_s11,70.0,mean aligned trials 301-500 after baseline correction using aligned trials 31-40,18.243249706076572
morehead_multiclamp_local,Morehead multi-clamp,Ryan Morehead multi-size clamp data,,,Local multi-size clamp MATLAB files,7080100110,data_MultiSizeClamp_7080100110.mat,msc_7080100110_s12,70.0,mean aligned trials 301-500 after baseline correction using aligned trials 31-40,17.712227226180485
morehead_multiclamp_local,Morehead multi-clamp,Ryan Morehead multi-size clamp data,,,Local multi-size clamp MATLAB files,7080100110,data_MultiSizeClamp_7080100110.mat,msc_7080100110_s13,70.0,mean aligned trials 301-500 after baseline correction using aligned trials 31-40,17.277960224165213
morehead_multiclamp_local,Morehead multi-clamp,Ryan Morehead multi-size clamp data,,,Local multi-size clamp MATLAB files,7080100110,data_MultiSizeClamp_7080100110.mat,msc_7080100110_s14,70.0,mean aligned trials 301-500 after baseline correction using aligned trials 31-40,24.519276061991427
morehead_multiclamp_local,Morehead multi-clamp,Ryan Morehead multi-size clamp data,,,Local multi-size clamp MATLAB files,7080100110,data_MultiSizeClamp_7080100110.mat,msc_7080100110_s15,70.0,mean aligned trials 301-500 after baseline correction using aligned trials 31-40,13.41241851576189
morehead_multiclamp_local,Morehead multi-clamp,Ryan Morehead multi-size clamp data,,,Local multi-size clamp MATLAB files,7080100110,data_MultiSizeClamp_7080100110.mat,msc_7080100110_s16,70.0,mean aligned trials 301-500 after baseline correction using aligned trials 31-40,12.781291013195812
morehead_multiclamp_local,Morehead multi-clamp,Ryan Morehead multi-size clamp data,,,Local multi-size clamp MATLAB files,7080100110,data_MultiSizeClamp_7080100110.mat,msc_7080100110_s17,70.0,mean aligned trials 301-500 after baseline correction using aligned trials 31-40,17.544385044514524
morehead_multiclamp_local,Morehead multi-clamp,Ryan Morehead multi-size clamp data,,,Local multi-size clamp MATLAB files,7080100110,data_MultiSizeClamp_7080100110.mat,msc_7080100110_s18,70.0,mean aligned trials 301-500 after baseline correction using aligned trials 31-40,32.30886034505233
morehead_multiclamp_local,Morehead multi-clamp,Ryan Morehead multi-size clamp data,,,Local multi-size clamp MATLAB files,7080100110,data_MultiSizeClamp_7080100110.mat,msc_7080100110_s01,80.0,mean aligned trials 301-500 after baseline correction using aligned trials 31-40,7.190441243250843
morehead_multiclamp_local,Morehead multi-clamp,Ryan Morehead multi-size clamp data,,,Local multi-size clamp MATLAB files,7080100110,data_MultiSizeClamp_7080100110.mat,msc_7080100110_s02,80.0,mean aligned trials 301-500 after baseline correction using aligned trials 31-40,25.391610115273725
morehead_multiclamp_local,Morehead multi-clamp,Ryan Morehead multi-size clamp data,,,Local multi-size clamp MATLAB files,7080100110,data_MultiSizeClamp_7080100110.mat,msc_7080100110_s03,80.0,mean aligned trials 301-500 after baseline correction using aligned trials 31-40,-5.2000176260036355
morehead_multiclamp_local,Morehead multi-clamp,Ryan Morehead multi-size clamp data,,,Local multi-size clamp MATLAB files,7080100110,data_MultiSizeClamp_7080100110.mat,msc_7080100110_s04,80.0,mean aligned trials 301-500 after baseline correction using aligned trials 31-40,24.799006027762683
morehead_multiclamp_local,Morehead multi-clamp,Ryan Morehead multi-size clamp data,,,Local multi-size clamp MATLAB files,7080100110,data_MultiSizeClamp_7080100110.mat,msc_7080100110_s05,80.0,mean aligned trials 301-500 after baseline correction using aligned trials 31-40,10.792694274769365
morehead_multiclamp_local,Morehead multi-clamp,Ryan Morehead multi-size clamp data,,,Local multi-size clamp MATLAB files,7080100110,data_MultiSizeClamp_7080100110.mat,msc_7080100110_s06,80.0,mean aligned trials 301-500 after baseline correction using aligned trials 31-40,16.407922782557
morehead_multiclamp_local,Morehead multi-clamp,Ryan Morehead multi-size clamp data,,,Local multi-size clamp MATLAB files,7080100110,data_MultiSizeClamp_7080100110.mat,msc_7080100110_s07,80.0,mean aligned trials 301-500 after baseline correction using aligned trials 31-40,10.160476387975526
morehead_multiclamp_local,Morehead multi-clamp,Ryan Morehead multi-size clamp data,,,Local multi-size clamp MATLAB files,7080100110,data_MultiSizeClamp_7080100110.mat,msc_7080100110_s08,80.0,mean aligned trials 301-500 after baseline correction using aligned trials 31-40,15.960136933106687
morehead_multiclamp_local,Morehead multi-clamp,Ryan Morehead multi-size clamp data,,,Local multi-size clamp MATLAB files,7080100110,data_MultiSizeClamp_7080100110.mat,msc_7080100110_s09,80.0,mean aligned trials 301-500 after baseline correction using aligned trials 31-40,8.02051527053014
morehead_multiclamp_local,Morehead multi-clamp,Ryan Morehead multi-size clamp data,,,Local multi-size clamp MATLAB files,7080100110,data_MultiSizeClamp_7080100110.mat,msc_7080100110_s10,80.0,mean aligned trials 301-500 after baseline correction using aligned trials 31-40,19.11793855826906
morehead_multiclamp_local,Morehead multi-clamp,Ryan Morehead multi-size clamp data,,,Local multi-size clamp MATLAB files,7080100110,data_MultiSizeClamp_7080100110.mat,msc_7080100110_s11,80.0,mean aligned trials 301-500 after baseline correction using aligned trials 31-40,15.263784187545777
morehead_multiclamp_local,Morehead multi-clamp,Ryan Morehead multi-size clamp data,,,Local multi-size clamp MATLAB files,7080100110,data_MultiSizeClamp_7080100110.mat,msc_7080100110_s12,80.0,mean aligned trials 301-500 after baseline correction using aligned trials 31-40,10.244504154091452
morehead_multiclamp_local,Morehead multi-clamp,Ryan Morehead multi-size clamp data,,,Local multi-size clamp MATLAB files,7080100110,data_MultiSizeClamp_7080100110.mat,msc_7080100110_s13,80.0,mean aligned trials 301-500 after baseline correction using aligned trials 31-40,22.38843127146099
morehead_multiclamp_local,Morehead multi-clamp,Ryan Morehead multi-size clamp data,,,Local multi-size clamp MATLAB files,7080100110,data_MultiSizeClamp_7080100110.mat,msc_7080100110_s14,80.0,mean aligned trials 301-500 after baseline correction using aligned trials 31-40,3.896498343487732
morehead_multiclamp_local,Morehead multi-clamp,Ryan Morehead multi-size clamp data,,,Local multi-size clamp MATLAB files,7080100110,data_MultiSizeClamp_7080100110.mat,msc_7080100110_s15,80.0,mean aligned trials 301-500 after baseline correction using aligned trials 31-40,9.533251929989891
morehead_multiclamp_local,Morehead multi-clamp,Ryan Morehead multi-size clamp data,,,Local multi-size clamp MATLAB files,7080100110,data_MultiSizeClamp_7080100110.mat,msc_7080100110_s16,80.0,mean aligned trials 301-500 after baseline correction using aligned trials 31-40,3.090071466747145
morehead_multiclamp_local,Morehead multi-clamp,Ryan Morehead multi-size clamp data,,,Local multi-size clamp MATLAB files,7080100110,data_MultiSizeClamp_7080100110.mat,msc_7080100110_s17,80.0,mean aligned trials 301-500 after baseline correction using aligned trials 31-40,8.130534561457488
morehead_multiclamp_local,Morehead multi-clamp,Ryan Morehead multi-size clamp data,,,Local multi-size clamp MATLAB files,7080100110,data_MultiSizeClamp_7080100110.mat,msc_7080100110_s18,80.0,mean aligned trials 301-500 after baseline correction using aligned trials 31-40,23.087644481162453
morehead_multiclamp_local,Morehead multi-clamp,Ryan Morehead multi-size clamp data,,,Local multi-size clamp MATLAB files,7080100110,data_MultiSizeClamp_7080100110.mat,msc_7080100110_s01,100.0,mean aligned trials 301-500 after baseline correction using aligned trials 31-40,6.315667374010046
morehead_multiclamp_local,Morehead multi-clamp,Ryan Morehead multi-size clamp data,,,Local multi-size clamp MATLAB files,7080100110,data_MultiSizeClamp_7080100110.mat,msc_7080100110_s02,100.0,mean aligned trials 301-500 after baseline correction using aligned trials 31-40,21.883597182461425
morehead_multiclamp_local,Morehead multi-clamp,Ryan Morehead multi-size clamp data,,,Local multi-size clamp MATLAB files,7080100110,data_MultiSizeClamp_7080100110.mat,msc_7080100110_s03,100.0,mean aligned trials 301-500 after baseline correction using aligned trials 31-40,14.885993281802607
morehead_multiclamp_local,Morehead multi-clamp,Ryan Morehead multi-size clamp data,,,Local multi-size clamp MATLAB files,7080100110,data_MultiSizeClamp_7080100110.mat,msc_7080100110_s04,100.0,mean aligned trials 301-500 after baseline correction using aligned trials 31-40,8.400743864666978
morehead_multiclamp_local,Morehead multi-clamp,Ryan Morehead multi-size clamp data,,,Local multi-size clamp MATLAB files,7080100110,data_MultiSizeClamp_7080100110.mat,msc_7080100110_s05,100.0,mean aligned trials 301-500 after baseline correction using aligned trials 31-40,7.3679033451299185
morehead_multiclamp_local,Morehead multi-clamp,Ryan Morehead multi-size clamp data,,,Local multi-size clamp MATLAB files,7080100110,data_MultiSizeClamp_7080100110.mat,msc_7080100110_s06,100.0,mean aligned trials 301-500 after baseline correction using aligned trials 31-40,13.180476059401016
morehead_multiclamp_local,Morehead multi-clamp,Ryan Morehead multi-size clamp data,,,Local multi-size clamp MATLAB files,7080100110,data_MultiSizeClamp_7080100110.mat,msc_7080100110_s07,100.0,mean aligned trials 301-500 after baseline correction using aligned trials 31-40,-2.122861972174756
morehead_multiclamp_local,Morehead multi-clamp,Ryan Morehead multi-size clamp data,,,Local multi-size clamp MATLAB files,7080100110,data_MultiSizeClamp_7080100110.mat,msc_7080100110_s08,100.0,mean aligned trials 301-500 after baseline correction using aligned trials 31-40,3.974215406828001
morehead_multiclamp_local,Morehead multi-clamp,Ryan Morehead multi-size clamp data,,,Local multi-size clamp MATLAB files,7080100110,data_MultiSizeClamp_7080100110.mat,msc_7080100110_s09,100.0,mean aligned trials 301-500 after baseline correction using aligned trials 31-40,8.624905081343988
morehead_multiclamp_local,Morehead multi-clamp,Ryan Morehead multi-size clamp data,,,Local multi-size clamp MATLAB files,7080100110,data_MultiSizeClamp_7080100110.mat,msc_7080100110_s10,100.0,mean aligned trials 301-500 after baseline correction using aligned trials 31-40,17.43223860574703
morehead_multiclamp_local,Morehead multi-clamp,Ryan Morehead multi-size clamp data,,,Local multi-size clamp MATLAB files,7080100110,data_MultiSizeClamp_7080100110.mat,msc_7080100110_s11,100.0,mean aligned trials 301-500 after baseline correction using aligned trials 31-40,11.075939499163201
morehead_multiclamp_local,Morehead multi-clamp,Ryan Morehead multi-size clamp data,,,Local multi-size clamp MATLAB files,7080100110,data_MultiSizeClamp_7080100110.mat,msc_7080100110_s12,100.0,mean aligned trials 301-500 after baseline correction using aligned trials 31-40,14.666790589556838
morehead_multiclamp_local,Morehead multi-clamp,Ryan Morehead multi-size clamp data,,,Local multi-size clamp MATLAB files,7080100110,data_MultiSizeClamp_7080100110.mat,msc_7080100110_s13,100.0,mean aligned trials 301-500 after baseline correction using aligned trials 31-40,5.213675737753696
morehead_multiclamp_local,Morehead multi-clamp,Ryan Morehead multi-size clamp data,,,Local multi-size clamp MATLAB files,7080100110,data_MultiSizeClamp_7080100110.mat,msc_7080100110_s14,100.0,mean aligned trials 301-500 after baseline correction using aligned trials 31-40,19.35715378004735
morehead_multiclamp_local,Morehead multi-clamp,Ryan Morehead multi-size clamp data,,,Local multi-size clamp MATLAB files,7080100110,data_MultiSizeClamp_7080100110.mat,msc_7080100110_s15,100.0,mean aligned trials 301-500 after baseline correction using aligned trials 31-40,5.547899010480179
morehead_multiclamp_local,Morehead multi-clamp,Ryan Morehead multi-size clamp data,,,Local multi-size clamp MATLAB files,7080100110,data_MultiSizeClamp_7080100110.mat,msc_7080100110_s16,100.0,mean aligned trials 301-500 after baseline correction using aligned trials 31-40,13.025769797245573
morehead_multiclamp_local,Morehead multi-clamp,Ryan Morehead multi-size clamp data,,,Local multi-size clamp MATLAB files,7080100110,data_MultiSizeClamp_7080100110.mat,msc_7080100110_s17,100.0,mean aligned trials 301-500 after baseline correction using aligned trials 31-40,1.046999898790564
morehead_multiclamp_local,Morehead multi-clamp,Ryan Morehead multi-size clamp data,,,Local multi-size clamp MATLAB files,7080100110,data_MultiSizeClamp_7080100110.mat,msc_7080100110_s18,100.0,mean aligned trials 301-500 after baseline correction using aligned trials 31-40,27.644288300690423
morehead_multiclamp_local,Morehead multi-clamp,Ryan Morehead multi-size clamp data,,,Local multi-size clamp MATLAB files,7080100110,data_MultiSizeClamp_7080100110.mat,msc_7080100110_s01,110.0,mean aligned trials 301-500 after baseline correction using aligned trials 31-40,0.42767082030460285
morehead_multiclamp_local,Morehead multi-clamp,Ryan Morehead multi-size clamp data,,,Local multi-size clamp MATLAB files,7080100110,data_MultiSizeClamp_7080100110.mat,msc_7080100110_s02,110.0,mean aligned trials 301-500 after baseline correction using aligned trials 31-40,20.21402310199427
morehead_multiclamp_local,Morehead multi-clamp,Ryan Morehead multi-size clamp data,,,Local multi-size clamp MATLAB files,7080100110,data_MultiSizeClamp_7080100110.mat,msc_7080100110_s03,110.0,mean aligned trials 301-500 after baseline correction using aligned trials 31-40,-0.8851403646971596
morehead_multiclamp_local,Morehead multi-clamp,Ryan Morehead multi-size clamp data,,,Local multi-size clamp MATLAB files,7080100110,data_MultiSizeClamp_7080100110.mat,msc_7080100110_s04,110.0,mean aligned trials 301-500 after baseline correction using aligned trials 31-40,23.36401587438075
morehead_multiclamp_local,Morehead multi-clamp,Ryan Morehead multi-size clamp data,,,Local multi-size clamp MATLAB files,7080100110,data_MultiSizeClamp_7080100110.mat,msc_7080100110_s05,110.0,mean aligned trials 301-500 after baseline correction using aligned trials 31-40,6.225397878378469
morehead_multiclamp_local,Morehead multi-clamp,Ryan Morehead multi-size clamp data,,,Local multi-size clamp MATLAB files,7080100110,data_MultiSizeClamp_7080100110.mat,msc_7080100110_s06,110.0,mean aligned trials 301-500 after baseline correction using aligned trials 31-40,9.15974813286827
morehead_multiclamp_local,Morehead multi-clamp,Ryan Morehead multi-size clamp data,,,Local multi-size clamp MATLAB files,7080100110,data_MultiSizeClamp_7080100110.mat,msc_7080100110_s07,110.0,mean aligned trials 301-500 after baseline correction using aligned trials 31-40,1.3185297830886566
morehead_multiclamp_local,Morehead multi-clamp,Ryan Morehead multi-size clamp data,,,Local multi-size clamp MATLAB files,7080100110,data_MultiSizeClamp_7080100110.mat,msc_7080100110_s08,110.0,mean aligned trials 301-500 after baseline correction using aligned trials 31-40,8.766850642267931
morehead_multiclamp_local,Morehead multi-clamp,Ryan Morehead multi-size clamp data,,,Local multi-size clamp MATLAB files,7080100110,data_MultiSizeClamp_7080100110.mat,msc_7080100110_s09,110.0,mean aligned trials 301-500 after baseline correction using aligned trials 31-40,8.23775713253399
morehead_multiclamp_local,Morehead multi-clamp,Ryan Morehead multi-size clamp data,,,Local multi-size clamp MATLAB files,7080100110,data_MultiSizeClamp_7080100110.mat,msc_7080100110_s10,110.0,mean aligned trials 301-500 after baseline correction using aligned trials 31-40,28.985042232619936
morehead_multiclamp_local,Morehead multi-clamp,Ryan Morehead multi-size clamp data,,,Local multi-size clamp MATLAB files,7080100110,data_MultiSizeClamp_7080100110.mat,msc_7080100110_s11,110.0,mean aligned trials 301-500 after baseline correction using aligned trials 31-40,3.8949002212198165
morehead_multiclamp_local,Morehead multi-clamp,Ryan Morehead multi-size clamp data,,,Local multi-size clamp MATLAB files,7080100110,data_MultiSizeClamp_7080100110.mat,msc_7080100110_s12,110.0,mean aligned trials 301-500 after baseline correction using aligned trials 31-40,7.211522858594543
morehead_multiclamp_local,Morehead multi-clamp,Ryan Morehead multi-size clamp data,,,Local multi-size clamp MATLAB files,7080100110,data_MultiSizeClamp_7080100110.mat,msc_7080100110_s13,110.0,mean aligned trials 301-500 after baseline correction using aligned trials 31-40,9.264629889476982
morehead_multiclamp_local,Morehead multi-clamp,Ryan Morehead multi-size clamp data,,,Local multi-size clamp MATLAB files,7080100110,data_MultiSizeClamp_7080100110.mat,msc_7080100110_s14,110.0,mean aligned trials 301-500 after baseline correction using aligned trials 31-40,9.026537130442907
morehead_multiclamp_local,Morehead multi-clamp,Ryan Morehead multi-size clamp data,,,Local multi-size clamp MATLAB files,7080100110,data_MultiSizeClamp_7080100110.mat,msc_7080100110_s15,110.0,mean aligned trials 301-500 after baseline correction using aligned trials 31-40,-1.518709429937272
morehead_multiclamp_local,Morehead multi-clamp,Ryan Morehead multi-size clamp data,,,Local multi-size clamp MATLAB files,7080100110,data_MultiSizeClamp_7080100110.mat,msc_7080100110_s16,110.0,mean aligned trials 301-500 after baseline correction using aligned trials 31-40,4.957704558293513
morehead_multiclamp_local,Morehead multi-clamp,Ryan Morehead multi-size clamp data,,,Local multi-size clamp MATLAB files,7080100110,data_MultiSizeClamp_7080100110.mat,msc_7080100110_s17,110.0,mean aligned trials 301-500 after baseline correction using aligned trials 31-40,14.091994225603546
morehead_multiclamp_local,Morehead multi-clamp,Ryan Morehead multi-size clamp data,,,Local multi-size clamp MATLAB files,7080100110,data_MultiSizeClamp_7080100110.mat,msc_7080100110_s18,110.0,mean aligned trials 301-500 after baseline correction using aligned trials 31-40,14.490503430432549
morehead_multiclamp_local,Morehead multi-clamp,Ryan Morehead multi-size clamp data,,,Local multi-size clamp MATLAB files,125135145165,data_MultiSizeClamp_125135145165.mat,msc_125135145165_s01,125.0,mean aligned trials 301-500 after baseline correction using aligned trials 31-40,7.741851249249877
morehead_multiclamp_local,Morehead multi-clamp,Ryan Morehead multi-size clamp data,,,Local multi-size clamp MATLAB files,125135145165,data_MultiSizeClamp_125135145165.mat,msc_125135145165_s02,125.0,mean aligned trials 301-500 after baseline correction using aligned trials 31-40,1.9296867428845643
morehead_multiclamp_local,Morehead multi-clamp,Ryan Morehead multi-size clamp data,,,Local multi-size clamp MATLAB files,125135145165,data_MultiSizeClamp_125135145165.mat,msc_125135145165_s03,125.0,mean aligned trials 301-500 after baseline correction using aligned trials 31-40,10.140432580719601
morehead_multiclamp_local,Morehead multi-clamp,Ryan Morehead multi-size clamp data,,,Local multi-size clamp MATLAB files,125135145165,data_MultiSizeClamp_125135145165.mat,msc_125135145165_s04,125.0,mean aligned trials 301-500 after baseline correction using aligned trials 31-40,13.087267492515572
morehead_multiclamp_local,Morehead multi-clamp,Ryan Morehead multi-size clamp data,,,Local multi-size clamp MATLAB files,125135145165,data_MultiSizeClamp_125135145165.mat,msc_125135145165_s01,135.0,mean aligned trials 301-500 after baseline correction using aligned trials 31-40,5.371360637748084
morehead_multiclamp_local,Morehead multi-clamp,Ryan Morehead multi-size clamp data,,,Local multi-size clamp MATLAB files,125135145165,data_MultiSizeClamp_125135145165.mat,msc_125135145165_s02,135.0,mean aligned trials 301-500 after baseline correction using aligned trials 31-40,8.436890633346176
morehead_multiclamp_local,Morehead multi-clamp,Ryan Morehead multi-size clamp data,,,Local multi-size clamp MATLAB files,125135145165,data_MultiSizeClamp_125135145165.mat,msc_125135145165_s03,135.0,mean aligned trials 301-500 after baseline correction using aligned trials 31-40,0.4087618475681215
morehead_multiclamp_local,Morehead multi-clamp,Ryan Morehead multi-size clamp data,,,Local multi-size clamp MATLAB files,125135145165,data_MultiSizeClamp_125135145165.mat,msc_125135145165_s04,135.0,mean aligned trials 301-500 after baseline correction using aligned trials 31-40,6.036558842221631
morehead_multiclamp_local,Morehead multi-clamp,Ryan Morehead multi-size clamp data,,,Local multi-size clamp MATLAB files,125135145165,data_MultiSizeClamp_125135145165.mat,msc_125135145165_s01,145.0,mean aligned trials 301-500 after baseline correction using aligned trials 31-40,13.366867031557662
morehead_multiclamp_local,Morehead multi-clamp,Ryan Morehead multi-size clamp data,,,Local multi-size clamp MATLAB files,125135145165,data_MultiSizeClamp_125135145165.mat,msc_125135145165_s02,145.0,mean aligned trials 301-500 after baseline correction using aligned trials 31-40,5.375487562047835
morehead_multiclamp_local,Morehead multi-clamp,Ryan Morehead multi-size clamp data,,,Local multi-size clamp MATLAB files,125135145165,data_MultiSizeClamp_125135145165.mat,msc_125135145165_s03,145.0,mean aligned trials 301-500 after baseline correction using aligned trials 31-40,19.03822361881713
morehead_multiclamp_local,Morehead multi-clamp,Ryan Morehead multi-size clamp data,,,Local multi-size clamp MATLAB files,125135145165,data_MultiSizeClamp_125135145165.mat,msc_125135145165_s04,145.0,mean aligned trials 301-500 after baseline correction using aligned trials 31-40,-7.388936450221653
morehead_multiclamp_local,Morehead multi-clamp,Ryan Morehead multi-size clamp data,,,Local multi-size clamp MATLAB files,125135145165,data_MultiSizeClamp_125135145165.mat,msc_125135145165_s01,165.0,mean aligned trials 301-500 after baseline correction using aligned trials 31-40,4.416825316719214
morehead_multiclamp_local,Morehead multi-clamp,Ryan Morehead multi-size clamp data,,,Local multi-size clamp MATLAB files,125135145165,data_MultiSizeClamp_125135145165.mat,msc_125135145165_s02,165.0,mean aligned trials 301-500 after baseline correction using aligned trials 31-40,10.894089487609465
morehead_multiclamp_local,Morehead multi-clamp,Ryan Morehead multi-size clamp data,,,Local multi-size clamp MATLAB files,125135145165,data_MultiSizeClamp_125135145165.mat,msc_125135145165_s03,165.0,mean aligned trials 301-500 after baseline correction using aligned trials 31-40,-6.248613661711261
morehead_multiclamp_local,Morehead multi-clamp,Ryan Morehead multi-size clamp data,,,Local multi-size clamp MATLAB files,125135145165,data_MultiSizeClamp_125135145165.mat,msc_125135145165_s04,165.0,mean aligned trials 301-500 after baseline correction using aligned trials 31-40,31.451489735515747
