age,browser_version,computer,consent_time,gender,hand,height_px,monitor,pointer,ppid_session_dataname,px_ratio,width_px
54.0,"Firefox, 118",Desktop,10/12/2023 1:42:56 PM,Male,Left,1024,External Monitor,Mouse,485655207419_s001_participant_details,1,1280
41.0,"Chrome, 118",Laptop,10/13/2023 1:06:44 PM,Male,Right,723,Laptop Monitor,Mouse,239901129854_s001_participant_details,1.5,1286
69.0,"Chrome, 117",Laptop,10/13/2023 1:08:52 PM,Male,Right,864,Laptop Monitor,Trackpad,146859203465_s001_participant_details,1.25,1536
62.0,"Chrome, 117",Laptop,10/12/2023 1:53:13 PM,Male,Right,864,Laptop Monitor,Mouse,65172413131_s001_participant_details,1.25,1536
40.0,"Chrome, 117",Laptop,10/12/2023 1:42:15 PM,Female,Right,720,Laptop Monitor,Trackpad,359167709713_s001_participant_details,1.5,1280
31.0,"Chrome, 118",Laptop,10/13/2023 1:02:40 PM,Male,Right,1080,External Monitor,Mouse,830310877645_s001_participant_details,1,1920
62.0,"Chrome, 117",Laptop,10/13/2023 1:05:43 PM,Female,Right,1200,Laptop Monitor,Mouse,19706308376_s001_participant_details,2,1920
69.0,"Opera, undefined",Laptop,10/12/2023 1:51:17 PM,Male,Right,720,Laptop Monitor,Trackpad,141579159069_s001_participant_details,1.5,1280
56.0,"Chrome, 103",Laptop,10/12/2023 1:50:27 PM,Male,Right,800,Laptop Monitor,Mouse,86995724355_s001_participant_details,2,1280
27.0,"Chrome, 117",Laptop,10/13/2023 1:12:13 PM,Female,Right,768,Laptop Monitor,Trackpad,608781518181_s001_participant_details,1,1366
63.0,"Chrome, 117",Desktop,10/13/2023 1:06:35 PM,Male,Right,768,External Monitor,Mouse,230769543210_s001_participant_details,1,1366
53.0,"Firefox, 115",Laptop,10/12/2023 8:02:06 AM,Male,Right,768,Laptop Monitor,Trackpad,455088283633_s001_participant_details,1,1366
37.0,"Chrome, 118",Laptop,10/13/2023 1:06:00 PM,Female,Right,900,Laptop Monitor,Trackpad,214072812348_s001_participant_details,1,1440
51.0,"Chrome, 114",Laptop,10/13/2023 1:09:17 PM,Female,Right,768,Laptop Monitor,Mouse,754786406643_s001_participant_details,1,1366
49.0,"Chrome, 117",Desktop,10/13/2023 1:07:06 PM,Male,Right,962,External Monitor,Mouse,929164172383_s001_participant_details,1.25,1544
26.0,"Chrome, 118",Laptop,10/13/2023 1:06:56 PM,Female,Left,768,Laptop Monitor,Trackpad,606417353264_s001_participant_details,1,1366
41.0,"Firefox, 117",Laptop,10/13/2023 1:05:37 PM,Male,Right,864,Laptop Monitor,Mouse,35938706947_s001_participant_details,1.25,1536
29.0,"Chrome, 117",Laptop,10/13/2023 1:06:46 PM,Female,Right,720,Laptop Monitor,Trackpad,208917626878_s001_participant_details,1.5,1280
38.0,"Safari, 15",Laptop,10/13/2023 1:10:43 PM,Male,Right,900,Laptop Monitor,Trackpad,131377047859_s001_participant_details,2,1440
50.0,"Chrome, 118",Laptop,10/12/2023 1:45:46 PM,Female,Right,768,Laptop Monitor,Mouse,568911038571_s001_participant_details,1,1366
44.0,"Chrome, 117",Laptop,10/13/2023 1:04:43 PM,Male,Right,768,Laptop Monitor,Trackpad,750626990804_s001_participant_details,0.6666666865348816,1366
31.0,"Chrome, 117",Desktop,10/13/2023 1:03:19 PM,Female,Right,1080,External Monitor,Mouse,569270235486_s001_participant_details,0.8999999761581421,1920
30.0,"Chrome, 117",Laptop,10/13/2023 1:10:24 PM,Female,Right,900,Laptop Monitor,Trackpad,333479267545_s001_participant_details,2.5,1440
31.0,"Chrome, 117",Laptop,10/12/2023 1:52:16 PM,Female,Right,900,Laptop Monitor,Trackpad,18545178463_s001_participant_details,1,1600
53.0,"Firefox, 118",Laptop,10/13/2023 1:03:54 PM,Female,Right,864,Laptop Monitor,Trackpad,260547727346_s001_participant_details,1.25,1536
36.0,"Chrome, 117",Desktop,10/13/2023 1:01:42 PM,Male,Right,1080,External Monitor,Mouse,753638975787_s001_participant_details,1,1920
63.0,"Firefox, 115",Laptop,10/12/2023 1:52:42 PM,Female,Right,800,Laptop Monitor,Trackpad,497830706648_s001_participant_details,1,1280
28.0,"Chrome, 117",Laptop,10/13/2023 1:02:54 PM,Female,Right,864,Laptop Monitor,Mouse,774480707012_s001_participant_details,1.25,1536
55.0,"Chrome, 118",Desktop,10/13/2023 1:05:20 PM,Male,Right,900,External Monitor,Mouse,263992263004_s001_participant_details,1,1440
49.0,"Chrome, 118",Laptop,10/12/2023 8:58:23 AM,Male,Right,768,Laptop Monitor,Mouse,372902434784_s001_participant_details,1,1366
36.0,"Chrome, 117",Laptop,10/13/2023 1:03:58 PM,Male,Right,865,Laptop Monitor,Mouse,572670224355_s001_participant_details,1.25,1537
44.0,"Firefox, 118",Desktop,10/12/2023 1:44:32 PM,Male,Right,1080,External Monitor,Mouse,824588129762_s001_participant_details,1,1920
22.0,"Chrome, 118",Desktop,10/13/2023 1:02:23 PM,Male,Right,1080,External Monitor,Mouse,883556332206_s001_participant_details,1,1920
28.0,"Chrome, 118",Laptop,10/13/2023 1:07:12 PM,Female,Left,854,Laptop Monitor,Trackpad,906737203476_s001_participant_details,1.5,1280
50.0,"Chrome, 116",Laptop,10/13/2023 1:02:34 PM,Male,Right,800,Laptop Monitor,Trackpad,837611209368_s001_participant_details,1,1280
58.0,"Chrome, 117",Laptop,10/13/2023 1:05:59 PM,Female,Right,864,Laptop Monitor,Trackpad,81991281593_s001_participant_details,1.25,1536
25.0,"Chrome, 117",Laptop,10/13/2023 1:01:51 PM,Male,Right,864,Laptop Monitor,Mouse,748730017803_s001_participant_details,1.25,1536
21.0,"Chrome, 117",Laptop,10/13/2023 1:03:55 PM,Male,Right,864,Laptop Monitor,Mouse,804624028969_s001_participant_details,1.25,1536
69.0,"Firefox, 118",Desktop,10/12/2023 2:02:41 PM,Female,Right,774,External Monitor,Mouse,769001317210_s001_participant_details,1.3953488372093024,1376
49.0,"Chrome, 117",Desktop,10/12/2023 1:36:51 PM,Male,Right,1080,External Monitor,Mouse,890093759633_s001_participant_details,1,1920
39.0,"Chrome, 117",Laptop,10/12/2023 1:44:22 PM,Male,Right,768,Laptop Monitor,Mouse,314153794897_s001_participant_details,1,1366
30.0,"Chrome, 118",Laptop,10/13/2023 1:05:34 PM,Male,Left,774,Laptop Monitor,Trackpad,292629866395_s001_participant_details,1,1369
30.0,"Chrome, 117",Desktop,10/13/2023 1:55:56 PM,Female,Right,1260,External Monitor,Mouse,448933199979_s001_participant_details,2,2240
50.0,"Chrome, 117",Laptop,10/13/2023 1:06:42 PM,Male,Right,912,Laptop Monitor,Mouse,96435749437_s001_participant_details,2,1368
56.0,"Firefox, 118",Laptop,10/13/2023 1:05:00 PM,Male,Right,720,Laptop Monitor,Mouse,78828420490_s001_participant_details,1.5,1280
50.0,"Chrome, 117",Laptop,10/13/2023 1:04:47 PM,Male,Right,900,Laptop Monitor,Trackpad,924573419382_s001_participant_details,2,1440
62.0,"Chrome, 117",Laptop,10/13/2023 1:09:11 PM,Male,Right,720,Laptop Monitor,Trackpad,837816405575_s001_participant_details,1.5,1280
45.0,"Chrome, 116",Laptop,10/13/2023 1:05:17 PM,Female,Right,761,Laptop Monitor,Trackpad,529103524750_s001_participant_details,1.0500409603118896,1219
67.0,"Chrome, 103",Laptop,10/13/2023 1:10:30 PM,Male,Right,768,Laptop Monitor,Trackpad,607647950528_s001_participant_details,1,1366
65.0,"Firefox, 118",Desktop,10/13/2023 1:07:34 PM,Female,Right,1080,External Monitor,Mouse,688420796301_s001_participant_details,1,1920
44.0,"Chrome, 117",Desktop,10/13/2023 5:06:25 AM,Female,Left,1080,External Monitor,Mouse,448455020785_s001_participant_details,1,1920
37.0,"Chrome, 117",Desktop,10/13/2023 1:06:28 PM,Female,Right,1260,External Monitor,Mouse,666880505392_s001_participant_details,2,2240
55.0,"Chrome, 117",Desktop,10/13/2023 1:09:08 PM,Male,Right,1080,External Monitor,Mouse,486883807927_s001_participant_details,1,1920
31.0,"Chrome, 118",Desktop,10/13/2023 1:04:39 PM,Male,Right,1440,External Monitor,Mouse,31763185048_s001_participant_details,1,2560
51.0,"Chrome, 118",Desktop,10/13/2023 1:04:14 PM,Male,Right,1080,External Monitor,Mouse,62472867313_s001_participant_details,1,1920
39.0,"Chrome, 117",Laptop,10/13/2023 1:06:09 PM,Female,Right,864,Laptop Monitor,Trackpad,267836473416_s001_participant_details,1.25,1536
26.0,"Chrome, 118",Laptop,10/18/2023 1:02:08 PM,Male,Right,1000,Laptop Monitor,Trackpad,875036525540_s001_participant_details,2,1500
45.0,"Chrome, 117",Laptop,10/13/2023 1:04:30 PM,Male,Left,768,Laptop Monitor,Mouse,193100401433_s001_participant_details,1,1366
35.0,"Chrome, 117",Desktop,10/12/2023 1:52:18 PM,Female,Right,1080,External Monitor,Mouse,156593167223_s001_participant_details,1,1920
37.0,"Chrome, 117",Laptop,10/12/2023 1:40:37 PM,Female,Right,720,Laptop Monitor,Trackpad,850329221459_s001_participant_details,1.5,1280
56.0,"Chrome, 117",Desktop,10/13/2023 1:05:46 PM,Male,Right,768,Laptop Monitor,Mouse,349368817172_s001_participant_details,1,1366
45.0,"Chrome, 118",Laptop,10/13/2023 1:04:40 PM,Female,Right,768,Laptop Monitor,Mouse,996553590521_s001_participant_details,1,1366
99.0,"Firefox, 118",Desktop,10/12/2023 9:22:49 AM,Male,Right,1080,External Monitor,Mouse,mwarb_s001_participant_details,1,1920
74.0,"Chrome, 117",Desktop,10/13/2023 1:06:12 PM,Male,Right,1080,External Monitor,Mouse,46445406973_s001_participant_details,1,1920
34.0,"Safari, 13",Laptop,10/13/2023 1:04:26 PM,Female,Right,900,Laptop Monitor,Trackpad,177578993607_s001_participant_details,2,1440
28.0,"Chrome, 117",Laptop,10/12/2023 1:35:31 PM,Male,Right,960,Laptop Monitor,Trackpad,500659405486_s001_participant_details,2,1440
46.0,"Chrome, 117",Laptop,10/13/2023 1:05:43 PM,Male,Left,720,Laptop Monitor,Trackpad,577084825607_s001_participant_details,1.5,1280
49.0,"Chrome, 117",Laptop,10/12/2023 1:55:21 PM,Female,Right,864,Laptop Monitor,Mouse,781632843660_s001_participant_details,1.25,1536
63.0,"Chrome, 109",Desktop,10/18/2023 8:02:03 AM,Female,Right,820,External Monitor,Mouse,409510251833_s001_participant_details,1.25,1024
40.0,"Chrome, 116",Laptop,10/13/2023 1:05:57 PM,Female,Right,800,Laptop Monitor,Trackpad,871249367017_s001_participant_details,2,1280
36.0,"Chrome, 117",Desktop,10/13/2023 1:04:22 PM,Male,Right,900,External Monitor,Mouse,49237847328_s001_participant_details,1,1600
43.0,"Chrome, 109",Laptop,10/13/2023 1:04:39 PM,Male,Right,768,Laptop Monitor,Trackpad,252662312705_s001_participant_details,1,1366
48.0,"Chrome, 117",Desktop,10/13/2023 1:07:31 PM,Male,Right,1080,External Monitor,Mouse,933626258280_s001_participant_details,1,1920
37.0,"Chrome, 117",Laptop,10/13/2023 1:06:36 PM,Male,Right,960,Laptop Monitor,Mouse,801419172901_s001_participant_details,1.25,1536
37.0,"Chrome, 117",Laptop,10/13/2023 1:04:18 PM,Male,Right,720,Laptop Monitor,Trackpad,478219331707_s001_participant_details,1.5,1280
28.0,"Chrome, 117",Laptop,10/12/2023 1:50:28 PM,Female,Right,1112,Laptop Monitor,Trackpad,342998198233_s001_participant_details,2,1710
23.0,"Chrome, 118",Laptop,10/12/2023 2:05:19 PM,Male,Right,900,Laptop Monitor,Trackpad,711049351608_s001_participant_details,2,1440
35.0,"Chrome, 118",Laptop,10/13/2023 1:16:51 PM,Male,Right,1080,External Monitor,Mouse,353520557284_s001_participant_details,1,1920
37.0,"Chrome, 117",Laptop,10/13/2023 1:06:58 PM,Female,Right,720,Laptop Monitor,Trackpad,905631664907_s001_participant_details,1.5,1280
46.0,"Chrome, 117",Laptop,10/13/2023 1:05:45 PM,Male,Left,768,Laptop Monitor,Mouse,925397637533_s001_participant_details,1,1366
22.0,"Chrome, 117",Desktop,10/12/2023 1:53:50 PM,Male,Right,1080,External Monitor,Mouse,813273714622_s001_participant_details,1,1920
39.0,"Chrome, 117",Laptop,10/13/2023 1:03:09 PM,Male,Right,864,Laptop Monitor,Trackpad,516834058798_s001_participant_details,1.25,1536
40.0,"Chrome, 116",Laptop,10/12/2023 1:47:22 PM,Female,Right,900,Laptop Monitor,Trackpad,394487149082_s001_participant_details,1,1440
40.0,"Firefox, 118",Laptop,10/12/2023 1:53:16 PM,Female,Right,900,Laptop Monitor,Trackpad,560719192726_s001_participant_details,2,1440
58.0,"Chrome, 117",Laptop,10/13/2023 1:09:21 PM,Female,Right,768,Laptop Monitor,Mouse,555482115829_s001_participant_details,1.100000023841858,1366
49.0,"Chrome, 117",Desktop,10/12/2023 1:46:39 PM,Female,Right,900,Laptop Monitor,Trackpad,559884942136_s001_participant_details,2,1600
35.0,"Chrome, 117",Laptop,10/13/2023 1:10:25 PM,Female,Left,768,Laptop Monitor,Trackpad,290656034369_s001_participant_details,1,1366
30.0,"Chrome, 118",Laptop,10/12/2023 1:22:43 PM,Female,Right,720,Laptop Monitor,Mouse,129138256656_s001_participant_details,1.3499999046325684,1280
22.0,"Chrome, 117",Laptop,10/13/2023 1:06:04 PM,Female,Right,768,Laptop Monitor,Trackpad,871067946078_s001_participant_details,1,1366
31.0,"Chrome, 117",Laptop,10/12/2023 1:50:21 PM,Female,Right,900,Laptop Monitor,Trackpad,314751828555_s001_participant_details,1,1440
53.0,"Chrome, 117",Desktop,10/13/2023 1:08:37 PM,Female,Right,1080,External Monitor,Mouse,456157590029_s001_participant_details,1,1920
23.0,"Chrome, 117",Desktop,10/13/2023 1:03:28 PM,Male,Right,720,External Monitor,Mouse,418817504309_s001_participant_details,1.5,1280
23.0,"Chrome, 118",Desktop,10/13/2023 1:04:26 PM,Male,Right,1080,External Monitor,Mouse,812418627319_s001_participant_details,1,1920
28.0,"Chrome, 118",Desktop,10/13/2023 1:01:33 PM,Female,Right,1080,External Monitor,Mouse,735366842709_s001_participant_details,1,1920
40.0,"Firefox, 118",Laptop,10/13/2023 1:05:16 PM,Male,Right,900,Laptop Monitor,Trackpad,164780952734_s001_participant_details,1,1600
25.0,"Chrome, 117",Laptop,10/13/2023 6:55:43 PM,Male,Right,1050,Laptop Monitor,Mouse,588954061502_s001_participant_details,1,1680
53.0,"Chrome, 117",Desktop,10/13/2023 1:05:16 PM,Female,Right,1019,External Monitor,Mouse,952949011931_s001_participant_details,1.059999942779541,1812
37.0,"Chrome, 118",Laptop,10/13/2023 1:03:24 PM,Male,Right,864,Laptop Monitor,Mouse,58796474477_s001_participant_details,1.25,1536
39.0,"Chrome, 117",Laptop,10/12/2023 1:44:59 PM,Female,Right,900,Laptop Monitor,Trackpad,47219052677_s001_participant_details,2,1440
35.0,"Chrome, 117",Laptop,10/13/2023 1:07:22 PM,Female,Right,1080,Laptop Monitor,Mouse,12978613609_s001_participant_details,1,1920
19.0,"Firefox, 118",Desktop,10/13/2023 1:06:36 PM,Male,Right,1080,External Monitor,Mouse,595595653867_s001_participant_details,1,1920
30.0,"Chrome, 117",Laptop,10/13/2023 1:03:43 PM,Female,Right,768,Laptop Monitor,Trackpad,93308798968_s001_participant_details,1,1366
31.0,"Chrome, 116",Laptop,10/13/2023 1:07:05 PM,Female,Right,982,Laptop Monitor,Trackpad,232846173923_s001_participant_details,2,1512
23.0,"Chrome, 117",Laptop,10/12/2023 1:54:59 PM,Female,Right,900,Laptop Monitor,Trackpad,375371629837_s001_participant_details,2,1440
29.0,"Chrome, 117",Laptop,10/12/2023 2:05:29 PM,Male,Right,800,Laptop Monitor,Trackpad,326328627765_s001_participant_details,2,1280
25.0,"Chrome, 117",Laptop,10/13/2023 1:09:20 PM,Male,Right,864,Laptop Monitor,Mouse,701099609956_s001_participant_details,1.25,1536
36.0,"Firefox, 118",Laptop,10/13/2023 1:03:31 PM,Male,Right,900,Laptop Monitor,Trackpad,114463583799_s001_participant_details,2,1440
29.0,"Chrome, 117",Desktop,10/18/2023 12:59:28 PM,Female,Right,1080,External Monitor,Mouse,842916191322_s001_participant_details,1,1920
35.0,"Chrome, 117",Desktop,10/13/2023 1:10:30 PM,Male,Right,1080,External Monitor,Mouse,163796231616_s001_participant_details,1,1920
26.0,"Safari, 16",Laptop,10/13/2023 1:05:31 PM,Male,Right,900,Laptop Monitor,Trackpad,589106590719_s001_participant_details,2,1440
19.0,"Chrome, 117",Laptop,10/12/2023 1:46:33 PM,Female,Right,864,Laptop Monitor,Trackpad,621998446062_s001_participant_details,1.25,1536
51.0,"Chrome, 117",Desktop,10/13/2023 1:04:10 PM,Male,Right,1080,External Monitor,Mouse,689640711294_s001_participant_details,1,1920
35.0,"Chrome, 117",Laptop,10/13/2023 1:03:44 PM,Female,Right,900,Laptop Monitor,Trackpad,854985350975_s001_participant_details,2,1440
43.0,"Chrome, 117",Laptop,10/12/2023 1:30:38 PM,Female,Right,720,Laptop Monitor,Mouse,312810119008_s001_participant_details,1.5,1280
57.0,"Chrome, 117",Laptop,10/13/2023 1:04:47 PM,Female,Right,768,Laptop Monitor,Trackpad,863832141505_s001_participant_details,1,1366
31.0,"Chrome, 117",Laptop,10/12/2023 8:52:16 AM,Male,Right,1080,Laptop Monitor,Mouse,554310866631_s001_participant_details,1,1920
26.0,"Chrome, 118",Desktop,10/12/2023 1:46:35 PM,Male,Right,1080,External Monitor,Mouse,340447094989_s001_participant_details,1,1920
56.0,"Firefox, 118",Desktop,10/13/2023 1:21:22 PM,Male,Right,900,External Monitor,Mouse,288731469074_s001_participant_details,1.2,1600
26.0,"Chrome, 117",Laptop,10/13/2023 1:06:32 PM,Female,Right,768,Laptop Monitor,Trackpad,879490296822_s001_participant_details,1,1366
55.0,"Chrome, 117",Laptop,10/13/2023 1:11:09 PM,Male,Right,864,Laptop Monitor,Trackpad,952593450434_s001_participant_details,1.25,1536
50.0,"Chrome, 115",Laptop,10/13/2023 1:56:43 PM,Female,Right,1080,Laptop Monitor,Mouse,843157436931_s001_participant_details,1,1920
20.0,"Chrome, 117",Laptop,10/12/2023 1:55:57 PM,Female,Right,720,Laptop Monitor,Mouse,295092569896_s001_participant_details,1.5,1280
61.0,"Firefox, 115",Desktop,10/13/2023 1:04:56 PM,male,Right,1080,External Monitor,Mouse,398109816713_s001_participant_details,1,1920
38.0,"Chrome, 118",Laptop,10/13/2023 1:06:59 PM,Male,Right,1080,External Monitor,Mouse,311455185525_s001_participant_details,1,1920
50.0,"Safari, 16",Laptop,10/12/2023 1:48:53 PM,Female,Right,900,Laptop Monitor,Trackpad,395156049868_s001_participant_details,2,1440
58.0,"Chrome, 117",Laptop,10/13/2023 1:05:19 PM,Female,Right,768,Laptop Monitor,Trackpad,549661439377_s001_participant_details,1,1366
67.0,"Chrome, 118",Desktop,10/13/2023 1:06:23 PM,Male,Left,1086,External Monitor,Mouse,720964792417_s001_participant_details,1,1925
30.0,"Chrome, 118",Laptop,10/13/2023 1:05:47 PM,Female,Right,864,Laptop Monitor,Mouse,767939159879_s001_participant_details,1.25,1536
24.0,"Chrome, 117",Desktop,10/13/2023 1:03:19 PM,Male,Left,1080,External Monitor,Mouse,311279476853_s001_participant_details,1,1920
30.0,"Chrome, 117",Laptop,10/13/2023 1:14:58 PM,Female,Right,1080,External Monitor,Mouse,57334981393_s001_participant_details,1,1920
26.0,"Chrome, 117",Laptop,10/13/2023 1:05:38 PM,Male,Right,1159,Laptop Monitor,Mouse,786308519775_s001_participant_details,0.6666666865348816,2049
64.0,"Chrome, 117",Laptop,10/13/2023 1:13:39 PM,Female,Right,768,Laptop Monitor,Trackpad,628253346774_s001_participant_details,1,1366
31.0,"Chrome, 117",Desktop,10/12/2023 2:06:18 PM,Male,Right,1080,External Monitor,Mouse,993857921566_s001_participant_details,1,1920
44.0,"Chrome, 117",Laptop,10/12/2023 1:35:40 PM,Female,Right,768,Laptop Monitor,Trackpad,466315876226_s001_participant_details,1,1366
56.0,"Chrome, 117",Laptop,10/12/2023 1:56:31 PM,Female,Right,1080,Laptop Monitor,Trackpad,914010886568_s001_participant_details,1.5,1920
40.0,"Chrome, 117",Desktop,10/13/2023 1:08:56 PM,Male,Right,912,Laptop Monitor,Trackpad,75524589512_s001_participant_details,2,1368
49.0,"Chrome, 117",Desktop,10/13/2023 1:03:01 PM,Female,Right,1080,External Monitor,Mouse,868766423314_s001_participant_details,1,1920
22.0,"Chrome, 117",Laptop,10/13/2023 3:50:41 PM,Female,Right,864,Laptop Monitor,Trackpad,535793054616_s001_participant_details,1.25,1536
58.0,"Chrome, 118",Laptop,10/13/2023 1:02:38 PM,Female,Right,768,Laptop Monitor,Trackpad,477302741259_s001_participant_details,1,1366
35.0,"Firefox, 117",Laptop,10/13/2023 1:04:08 PM,Female,Right,864,Laptop Monitor,Trackpad,400006499374_s001_participant_details,1.25,1536
36.0,"Chrome, 117",Laptop,10/13/2023 1:09:29 PM,Male,Right,1080,External Monitor,Mouse,801640937104_s001_participant_details,1,1920
34.0,"Chrome, 118",Laptop,10/12/2023 1:52:05 PM,Male,Left,768,Laptop Monitor,Mouse,499781516147_s001_participant_details,1,1366
50.0,"Firefox, 120",Laptop,10/18/2023 1:40:00 PM,Male,Right,720,Laptop Monitor,Mouse,529356644721_s001_participant_details,1.5,1280
22.0,"Chrome, 117",Laptop,10/12/2023 1:49:19 PM,Male,Right,982,Laptop Monitor,Trackpad,281449537957_s001_participant_details,2,1512
37.0,"Chrome, 117",Laptop,10/13/2023 1:09:07 PM,Male,Left,720,Laptop Monitor,Trackpad,641972036799_s001_participant_details,1.5,1280
22.0,"Chrome, 117",Laptop,10/12/2023 1:48:16 PM,Female,Right,720,Laptop Monitor,Trackpad,856257066596_s001_participant_details,1.5,1280
56.0,"Chrome, 117",Desktop,10/12/2023 1:51:14 PM,Male,Right,1024,External Monitor,Mouse,23243432166_s001_participant_details,1,1280
25.0,"Chrome, 117",Desktop,10/13/2023 1:09:40 PM,Male,Right,1080,External Monitor,Mouse,557130941888_s001_participant_details,1,1920
32.0,"Firefox, 115",Laptop,10/13/2023 1:07:07 PM,Male,Right,792,Laptop Monitor,Trackpad,715109926881_s001_participant_details,1.3636363636363635,1188
64.0,"Chrome, 117",Laptop,10/12/2023 1:56:23 PM,Female,Right,900,Laptop Monitor,Trackpad,841781280934_s001_participant_details,2,1440
56.0,"Chrome, 117",Desktop,10/13/2023 1:04:52 PM,Male,Right,1050,External Monitor,Mouse,503219471313_s001_participant_details,1,1680
40.0,"Chrome, 117",Laptop,10/13/2023 1:02:56 PM,Female,Right,720,Laptop Monitor,Mouse,822205019881_s001_participant_details,1.5,1280
31.0,"Chrome, 117",Laptop,10/13/2023 1:03:15 PM,Male,Right,864,Laptop Monitor,Trackpad,238396474858_s001_participant_details,1.25,1536
46.0,"Chrome, 118",Laptop,10/13/2023 1:08:56 PM,Male,Right,768,Laptop Monitor,Trackpad,530361538287_s001_participant_details,1,1366
37.0,"Chrome, 117",Laptop,10/18/2023 1:02:14 PM,Male,Right,956,Laptop Monitor,Trackpad,75254959287_s001_participant_details,2,1470
40.0,"Chrome, 117",Laptop,10/13/2023 1:03:33 PM,Male,Right,864,Laptop Monitor,Mouse,75201456900_s001_participant_details,1.25,1536
34.0,"Chrome, 117",Laptop,10/13/2023 1:17:02 PM,Male,Right,864,Laptop Monitor,Mouse,761518668150_s001_participant_details,1.25,1536
52.0,"Chrome, 117",Desktop,10/13/2023 1:03:44 PM,Male,Right,1080,External Monitor,Mouse,712406286736_s001_participant_details,1,1920
32.0,"Firefox, 118",Desktop,10/12/2023 7:53:34 AM,Female,Right,1440,External Monitor,Mouse,524084624601_s001_participant_details,1,2560
37.0,"Chrome, 117",Laptop,10/13/2023 1:06:47 PM,Female,Right,864,Laptop Monitor,Trackpad,898031750461_s001_participant_details,1.25,1536
21.0,"Chrome, 117",Desktop,10/13/2023 1:13:11 PM,Male,Right,1080,External Monitor,Mouse,108424307545_s001_participant_details,1,1920
25.0,"Opera, undefined",Desktop,10/13/2023 1:03:59 PM,Female,Right,1440,External Monitor,Mouse,437488567084_s001_participant_details,1,2560
37.0,"Chrome, 118",Laptop,10/13/2023 1:06:45 PM,Female,Right,768,Laptop Monitor,Mouse,653112237341_s001_participant_details,1,1373
41.0,"Firefox, 118",Laptop,10/13/2023 1:04:49 PM,Male,Right,864,Laptop Monitor,Trackpad,313978052698_s001_participant_details,1.25,1536
48.0,"Chrome, 117",Laptop,10/12/2023 1:28:51 PM,Female,Right,864,External Monitor,Mouse,764955634018_s001_participant_details,1.25,1536
34.0,"Chrome, 118",Desktop,10/13/2023 1:11:42 PM,Male,Right,1440,External Monitor,Mouse,982415887992_s001_participant_details,1.5,2560
39.0,"Chrome, 117",Laptop,10/12/2023 1:56:11 PM,Female,Right,768,Laptop Monitor,Trackpad,758610083023_s001_participant_details,1,1366
49.0,"Chrome, 118",Laptop,10/13/2023 1:07:14 PM,Male,Right,768,Laptop Monitor,Mouse,466064047068_s001_participant_details,1,1366
53.0,"Chrome, 117",Desktop,10/13/2023 1:56:45 PM,Female,Right,1080,External Monitor,Mouse,823480761377_s001_participant_details,1,1920
52.0,"Chrome, 117",Laptop,10/13/2023 1:10:22 PM,Female,Right,900,Laptop Monitor,Trackpad,587319151731_s001_participant_details,2,1440
68.0,"Chrome, 117",Desktop,10/13/2023 1:05:56 PM,Female,Right,1080,External Monitor,Mouse,65927738090_s001_participant_details,1.100000023841858,1920
31.0,"Chrome, 117",Desktop,10/13/2023 1:07:07 PM,Female,Right,1080,External Monitor,Mouse,70501195034_s001_participant_details,1,1920
31.0,"Chrome, 117",Laptop,10/13/2023 1:02:58 PM,Male,Right,864,Laptop Monitor,Mouse,488179284147_s001_participant_details,1.25,1536
43.0,"Chrome, 117",Laptop,10/12/2023 1:51:40 PM,Female,Right,1080,Laptop Monitor,Trackpad,92512405244_s001_participant_details,2,1920
49.0,"Safari, 17",Desktop,10/13/2023 1:06:49 PM,Male,Right,1440,External Monitor,Mouse,563003797782_s001_participant_details,1,3440
36.0,"Chrome, 117",Desktop,10/13/2023 1:09:16 PM,Male,Right,1152,External Monitor,Mouse,713283016113_s001_participant_details,2,2048
29.0,"Chrome, 117",Laptop,10/13/2023 2:02:53 PM,Female,Right,864,Laptop Monitor,Trackpad,720725221093_s001_participant_details,1.25,1536
30.0,"Chrome, 117",Laptop,10/13/2023 1:19:25 PM,Female,Right,720,Laptop Monitor,Mouse,175094375154_s001_participant_details,1.5,1280
49.0,"Safari, 17",Laptop,10/13/2023 1:07:53 PM,Male,Right,956,Laptop Monitor,Trackpad,782467008568_s001_participant_details,2,1470
60.0,"Chrome, 117",Desktop,10/13/2023 1:07:42 PM,Male,Left,1080,External Monitor,Mouse,542684882646_s001_participant_details,1,1920
31.0,"Chrome, 117",Desktop,10/12/2023 1:32:22 PM,Female,Right,1080,External Monitor,Mouse,286533593898_s001_participant_details,1,1920
59.0,"Firefox, 118",Laptop,10/18/2023 1:00:40 PM,Male,Right,800,Laptop Monitor,Trackpad,679935650900_s001_participant_details,2,1280
42.0,"Chrome, 117",Laptop,10/13/2023 1:14:46 PM,Female,Right,864,Laptop Monitor,Mouse,232699431944_s001_participant_details,1.25,1536
37.0,"Firefox, 118",Laptop,10/13/2023 1:04:52 PM,Female,Right,1067,Laptop Monitor,Trackpad,554797971853_s001_participant_details,1.5,1707
37.0,"Chrome, 117",Desktop,10/13/2023 9:41:13 AM,Male,Right,2160,External Monitor,Mouse,37013057852_s001_participant_details,1,3840
54.0,"Chrome, 117",Laptop,10/13/2023 1:07:19 PM,Male,Left,720,Laptop Monitor,Trackpad,163470105268_s001_participant_details,1.5,1280
40.0,"Chrome, 115",Laptop,10/12/2023 1:40:37 PM,Female,Right,900,Laptop Monitor,Trackpad,780990068335_s001_participant_details,2,1440
64.0,"Chrome, 117",Laptop,10/12/2023 8:50:17 AM,Male,Right,900,Laptop Monitor,Trackpad,965287376195_s001_participant_details,2,1440
23.0,"Chrome, 118",Laptop,10/12/2023 2:05:08 PM,Male,Right,1080,Laptop Monitor,Mouse,942594251362_s001_participant_details,1,1920
58.0,"Chrome, 117",Laptop,10/12/2023 1:51:57 PM,Female,Right,768,Laptop Monitor,Mouse,244346351129_s001_participant_details,1,1366
32.0,"Chrome, 116",Laptop,10/12/2023 1:40:25 PM,Female,Right,864,Laptop Monitor,Trackpad,413611575961_s001_participant_details,1.25,1536
29.0,"Chrome, 117",Desktop,10/13/2023 1:10:40 PM,Male,Right,1080,External Monitor,Mouse,757535461336_s001_participant_details,1,1920
37.0,"Chrome, 117",Laptop,10/13/2023 1:09:08 PM,Male,Right,864,Laptop Monitor,Mouse,593610742595_s001_participant_details,1.25,1536
33.0,"Chrome, 116",Desktop,10/12/2023 1:53:46 PM,Female,Right,1080,External Monitor,Mouse,211178143741_s001_participant_details,1,1920
25.0,"Opera, undefined",Desktop,10/13/2023 1:19:49 PM,Male,Right,1080,External Monitor,Mouse,306810469599_s001_participant_details,1,1920
34.0,"Chrome, 117",Laptop,10/13/2023 1:01:43 PM,Male,Left,900,Laptop Monitor,Trackpad,430337224388_s001_participant_details,2,1440
48.0,"Chrome, 118",Laptop,10/13/2023 1:05:36 PM,Male,Right,720,Laptop Monitor,Trackpad,808518082136_s001_participant_details,1.5,1280
44.0,"Chrome, 117",Laptop,10/12/2023 1:53:20 PM,Female,Right,768,Laptop Monitor,Trackpad,91524953255_s001_participant_details,1,1366
34.0,"Firefox, 118",Laptop,10/13/2023 1:14:53 PM,Male,Right,720,Laptop Monitor,Mouse,475080016767_s001_participant_details,1.25,1280
39.0,"Chrome, 116",Laptop,10/13/2023 1:05:07 PM,Male,Right,730,Laptop Monitor,Trackpad,502597156213_s001_participant_details,1.0507692098617554,1300
52.0,"Chrome, 117",Desktop,10/13/2023 1:04:47 PM,Male,Right,720,External Monitor,Mouse,290626679547_s001_participant_details,3,1280
43.0,"Safari, 17",Desktop,10/12/2023 1:29:44 PM,Male,Left,1440,External Monitor,Mouse,881636635866_s001_participant_details,1,2560
36.0,"Chrome, 109",Desktop,10/12/2023 1:47:18 PM,Female,Right,864,External Monitor,Mouse,911029371665_s001_participant_details,1.25,1536
42.0,"Chrome, 117",Laptop,10/13/2023 1:15:02 PM,Male,Left,1050,Laptop Monitor,Trackpad,283817955758_s001_participant_details,2,1680
40.0,"Chrome, 118",Laptop,10/13/2023 1:03:44 PM,Female,Right,768,Laptop Monitor,Trackpad,881354056065_s001_participant_details,1,1366
30.0,"Chrome, 118",Laptop,10/13/2023 1:02:26 PM,Male,Right,864,Laptop Monitor,Mouse,244418469024_s001_participant_details,1.25,1536
42.0,"Chrome, 117",Laptop,10/13/2023 1:05:29 PM,Female,Right,768,Laptop Monitor,Mouse,472660400671_s001_participant_details,1,1366
51.0,"Chrome, 117",Laptop,10/12/2023 1:59:32 PM,Male,Right,864,Laptop Monitor,Mouse,450325436890_s001_participant_details,1.25,1536
73.0,"Chrome, 117",Laptop,10/13/2023 1:03:45 PM,Male,Right,768,Laptop Monitor,Mouse,245556890498_s001_participant_details,1,1360
64.0,"Chrome, 116",Laptop,10/13/2023 1:05:59 PM,Male,Right,900,Laptop Monitor,Trackpad,263123473152_s001_participant_details,1,1440
20.0,"Chrome, 117",Laptop,10/13/2023 1:03:42 PM,Male,Right,864,Laptop Monitor,Trackpad,676818776410_s001_participant_details,1.25,1536
51.0,"Chrome, 117",Laptop,10/13/2023 1:02:32 PM,Female,Right,864,Laptop Monitor,Mouse,327893696958_s001_participant_details,1.25,1536
22.0,"Chrome, 117",Laptop,10/12/2023 1:48:14 PM,Male,Right,1120,Laptop Monitor,Trackpad,993634722428_s001_participant_details,2,1792
36.0,"Chrome, 117",Laptop,10/13/2023 1:04:53 PM,Female,Right,900,Laptop Monitor,Trackpad,660482772393_s001_participant_details,2,1440
44.0,"Chrome, 116",Desktop,10/12/2023 1:49:40 PM,Female,Left,1440,External Monitor,Mouse,571510386420_s001_participant_details,2,2560
47.0,"Chrome, 117",Desktop,10/12/2023 1:52:06 PM,Female,Right,1080,External Monitor,Mouse,654411478666_s001_participant_details,1,1920
43.0,"Chrome, 118",Laptop,10/13/2023 1:03:57 PM,Female,Right,900,Laptop Monitor,Trackpad,510743529302_s001_participant_details,1,1600
47.0,"Chrome, 117",Laptop,10/12/2023 1:41:38 PM,Female,Right,768,Laptop Monitor,Mouse,482715387130_s001_participant_details,1,1366
50.0,"Chrome, 118",Desktop,10/13/2023 1:31:59 PM,Male,Right,1050,External Monitor,Mouse,712610918562_s001_participant_details,1,1680
38.0,"Chrome, 118",Desktop,10/13/2023 1:13:45 PM,Male,Right,800,External Monitor,Mouse,242302735568_s001_participant_details,1.5,1280
33.0,"Chrome, 117",Laptop,10/13/2023 1:09:23 PM,Male,Right,768,Laptop Monitor,Mouse,836667074589_s001_participant_details,1,1366
33.0,"Chrome, 118",Laptop,10/13/2023 1:06:39 PM,Male,Right,768,Laptop Monitor,Mouse,698323606979_s001_participant_details,1,1366
28.0,"Chrome, 117",Desktop,10/12/2023 1:50:23 PM,Male,Left,1086,External Monitor,Mouse,665972822112_s001_participant_details,1,1920
63.0,"Chrome, 117",Laptop,10/18/2023 1:04:29 PM,Female,Right,768,Laptop Monitor,Trackpad,666909089777_s001_participant_details,1,1366
43.0,"Chrome, 117",Laptop,10/13/2023 1:04:24 PM,Female,Right,768,Laptop Monitor,Trackpad,537187849171_s001_participant_details,1,1366
31.0,"Chrome, 117",Laptop,10/13/2023 1:02:50 PM,Male,Right,1050,Laptop Monitor,Trackpad,749603402102_s001_participant_details,2,1680
29.0,"Chrome, 117",Laptop,10/13/2023 2:58:42 PM,Male,Right,864,External Monitor,Mouse,978960614418_s001_participant_details,1.25,1536
35.0,"Chrome, 117",Laptop,10/12/2023 1:48:40 PM,Female,Right,768,Laptop Monitor,Mouse,300018938491_s001_participant_details,1,1366
30.0,"Chrome, 117",Desktop,10/12/2023 1:52:29 PM,Female,Right,1260,External Monitor,Mouse,498719011200_s001_participant_details,2,2240
28.0,"Chrome, 117",Laptop,10/13/2023 1:01:49 PM,Female,Right,864,Laptop Monitor,Mouse,730041648726_s001_participant_details,1.25,1536
43.0,"Firefox, 118",Desktop,10/13/2023 1:56:17 PM,Male,Right,1080,External Monitor,Mouse,630191511008_s001_participant_details,1,1920
26.0,"Safari, 15",Laptop,10/13/2023 1:08:23 PM,Female,Right,900,Laptop Monitor,Trackpad,401611892739_s001_participant_details,1,1440
49.0,"Chrome, 118",Laptop,10/13/2023 1:09:08 PM,Female,Right,720,Laptop Monitor,Trackpad,347401194740_s001_participant_details,1.5,1280
31.0,"Chrome, 117",Laptop,10/13/2023 1:12:51 PM,Male,Right,864,Laptop Monitor,Mouse,968425765400_s001_participant_details,1.25,1536
29.0,"Chrome, 117",Laptop,10/13/2023 1:07:21 PM,Female,Right,864,Laptop Monitor,Trackpad,368230630876_s001_participant_details,1.25,1536
30.0,"Chrome, 117",Laptop,10/13/2023 1:16:46 PM,Male,Right,768,Laptop Monitor,Mouse,821109032956_s001_participant_details,1,1366
36.0,"Firefox, 118",Desktop,10/13/2023 1:03:02 PM,Male,Right,1080,External Monitor,Mouse,747798201628_s001_participant_details,1,1920
43.0,"Chrome, 117",Desktop,10/13/2023 1:05:10 PM,Male,Right,965,External Monitor,Mouse,479445978766_s001_participant_details,3.3600001335144043,1715
40.0,"Chrome, 117",Laptop,10/13/2023 1:09:19 PM,Male,Right,720,Laptop Monitor,Trackpad,794821160379_s001_participant_details,1.5,1280
36.0,"Chrome, 117",Laptop,10/13/2023 1:12:50 PM,Male,Right,864,Laptop Monitor,Trackpad,314581190701_s001_participant_details,1.25,1536
38.0,"Chrome, 116",Desktop,10/13/2023 1:05:29 PM,Female,Right,1440,External Monitor,Mouse,668861049227_s001_participant_details,1,2560
50.0,"Chrome, 119",Desktop,10/13/2023 1:11:15 PM,Male,Right,627,External Monitor,Mouse,214060187805_s001_participant_details,1.5524998903274536,1114
55.0,"Chrome, 117",Laptop,10/13/2023 1:08:05 PM,Male,Right,720,Laptop Monitor,Trackpad,866262106690_s001_participant_details,1.5,1280
31.0,"Firefox, 118",Desktop,10/12/2023 2:05:33 PM,Male,Right,864,External Monitor,Mouse,607190310023_s001_participant_details,2.5,1638
46.0,"Chrome, 117",Laptop,10/13/2023 1:18:31 PM,Male,Right,960,Laptop Monitor,Mouse,376660312758_s001_participant_details,1.25,1536
36.0,"Chrome, 117",Laptop,10/13/2023 1:15:55 PM,Male,Right,1080,Laptop Monitor,Mouse,334186456864_s001_participant_details,1,1920
30.0,"Chrome, 117",Laptop,10/12/2023 1:49:50 PM,Female,Right,720,Laptop Monitor,Trackpad,876915090018_s001_participant_details,1.5,1280
22.0,"Chrome, 118",Laptop,10/13/2023 1:06:23 PM,Female,Right,720,Laptop Monitor,Mouse,836360013578_s001_participant_details,1.5,1280
21.0,"Chrome, 117",Desktop,10/13/2023 1:04:55 PM,Male,Right,1080,External Monitor,Mouse,625553694320_s001_participant_details,1,1920
42.0,"Chrome, 116",Desktop,10/13/2023 1:05:32 PM,Female,Right,1440,External Monitor,Mouse,287971476791_s001_participant_details,1,2560
25.0,"Chrome, 116",Laptop,10/18/2023 1:01:55 PM,Male,Right,956,Laptop Monitor,Trackpad,219666297547_s001_participant_details,2,1470
20.0,"Chrome, 118",Desktop,10/13/2023 1:02:22 PM,Male,Right,1080,External Monitor,Mouse,406984957400_s001_participant_details,1,1920
34.0,"Chrome, 117",Laptop,10/13/2023 1:05:58 PM,Male,Right,1080,External Monitor,Mouse,529569773934_s001_participant_details,1,1920
39.0,"Chrome, 117",Laptop,10/13/2023 1:10:07 PM,Male,Right,912,Laptop Monitor,Mouse,285770176909_s001_participant_details,1,1366
32.0,"Firefox, 118",Desktop,10/12/2023 8:45:37 AM,Male,Right,1080,External Monitor,Mouse,915339582134_s001_participant_details,1,1920
40.0,"Firefox, 118",Laptop,10/12/2023 1:53:14 PM,Female,Right,864,Laptop Monitor,Trackpad,496473497245_s001_participant_details,1.25,1536
44.0,"Chrome, 117",Laptop,10/12/2023 1:41:45 PM,Female,Right,720,Laptop Monitor,Trackpad,804262401536_s001_participant_details,1.5,1280
43.0,"Chrome, 117",Desktop,10/13/2023 1:01:15 PM,Male,Right,1440,External Monitor,Mouse,115921796998_s001_participant_details,1.5,2560
59.0,"Chrome, 103",Laptop,10/13/2023 1:02:13 PM,Female,Right,900,Laptop Monitor,Trackpad,366977208759_s001_participant_details,1,1440
35.0,"Chrome, 117",Laptop,10/12/2023 2:20:19 PM,Male,Right,768,Laptop Monitor,Mouse,610091723036_s001_participant_details,1,1366
61.0,"Chrome, 117",Laptop,10/13/2023 1:03:04 PM,Male,Right,864,Laptop Monitor,Mouse,277495261980_s001_participant_details,1.25,1536
57.0,"Chrome, 117",Laptop,10/13/2023 1:04:25 PM,Female,Left,864,Laptop Monitor,Trackpad,543766975635_s001_participant_details,1.25,1536
67.0,"Chrome, 117",Desktop,10/12/2023 1:38:51 PM,Female,Right,900,External Monitor,Mouse,412116680061_s001_participant_details,1,1440
28.0,"Firefox, 118",Laptop,10/18/2023 1:02:59 PM,Male,Right,1080,External Monitor,Mouse,482947064097_s001_participant_details,1,1920
31.0,"Firefox, 115",Laptop,10/12/2023 1:42:17 PM,Female,Right,1050,Laptop Monitor,Trackpad,379667443456_s001_participant_details,2,1680
35.0,"Chrome, 117",Laptop,10/12/2023 1:47:26 PM,Male,Right,1080,Laptop Monitor,Trackpad,853101398795_s001_participant_details,1,1920
19.0,"Chrome, 118",Laptop,10/13/2023 1:04:38 PM,Female,Right,864,Laptop Monitor,Mouse,132102677831_s001_participant_details,1.25,1536
31.0,"Chrome, 118",Laptop,10/13/2023 1:03:22 PM,Female,Right,864,Laptop Monitor,Mouse,67981741856_s001_participant_details,1.25,1536
44.0,"Chrome, 117",Laptop,10/13/2023 1:06:12 PM,Female,Right,800,Laptop Monitor,Trackpad,726770222419_s001_participant_details,2,1280
36.0,"Chrome, 117",Laptop,10/13/2023 1:07:36 PM,Female,Right,900,Laptop Monitor,Trackpad,994716872461_s001_participant_details,2,1600
23.0,"Chrome, 117",Laptop,10/12/2023 8:55:22 AM,Female,Right,900,Laptop Monitor,Trackpad,667250633006_s001_participant_details,2,1440
41.0,"Chrome, 114",Laptop,10/13/2023 1:04:55 PM,Female,Right,900,Laptop Monitor,Trackpad,435751852346_s001_participant_details,1,1440
62.0,"Chrome, 118",Laptop,10/13/2023 1:07:02 PM,Male,Left,768,Laptop Monitor,Mouse,52190313348_s001_participant_details,1,1366
48.0,"Chrome, 117",Laptop,10/13/2023 1:05:13 PM,Female,Right,864,Laptop Monitor,Mouse,611182001186_s001_participant_details,1.25,1536
21.0,"Chrome, 110",Laptop,10/12/2023 1:31:33 PM,Male,Right,768,Laptop Monitor,Mouse,426775530911_s001_participant_details,1,1366
27.0,"Chrome, 117",Desktop,10/13/2023 1:04:23 PM,Male,Right,1080,External Monitor,Mouse,416004814207_s001_participant_details,1,1920
37.0,"Chrome, 118",Laptop,10/13/2023 1:07:52 PM,Male,Left,1080,External Monitor,Mouse,310154362348_s001_participant_details,1,1920
52.0,"Chrome, 117",Desktop,10/13/2023 1:03:31 PM,Male,Right,1050,External Monitor,Mouse,16847613267_s001_participant_details,1.100000023841858,1680
43.0,"Chrome, 117",Laptop,10/13/2023 1:04:39 PM,Female,Right,768,Laptop Monitor,Trackpad,696330509847_s001_participant_details,1,1366
30.0,"Chrome, 118",Desktop,10/13/2023 1:14:24 PM,Male,Right,864,External Monitor,Mouse,326031055534_s001_participant_details,1.25,1536
48.0,"Chrome, 117",Laptop,10/12/2023 1:32:59 PM,Female,Right,864,Laptop Monitor,Trackpad,270836319308_s001_participant_details,1.25,1536
27.0,"Firefox, 112",Desktop,10/13/2023 3:35:18 PM,Male,Right,1728,External Monitor,Mouse,831461226101_s001_participant_details,1.25,3072
51.0,"Chrome, 117",Laptop,10/12/2023 1:51:52 PM,Female,Right,768,Laptop Monitor,Trackpad,515614103525_s001_participant_details,1,1366
21.0,"Chrome, 117",Laptop,10/13/2023 1:07:32 PM,Male,Right,720,Laptop Monitor,Mouse,740180686814_s001_participant_details,1.5,1280
54.0,"Chrome, 117",Laptop,10/13/2023 1:09:27 PM,Male,Left,768,Laptop Monitor,Mouse,530454018851_s001_participant_details,1,1366
27.0,"Chrome, 116",Laptop,10/12/2023 1:33:42 PM,Male,Right,900,Laptop Monitor,Mouse,204680910799_s001_participant_details,1,1600
24.0,"Chrome, 117",Laptop,10/12/2023 1:51:33 PM,Male,Right,1000,External Monitor,Mouse,703684205887_s001_participant_details,2,1500
36.0,"Chrome, 103",Laptop,10/13/2023 1:06:14 PM,Female,Right,768,Laptop Monitor,Trackpad,594008709769_s001_participant_details,1,1366
44.0,"Chrome, 117",Laptop,10/13/2023 1:04:08 PM,Male,Right,865,External Monitor,Mouse,886873365845_s001_participant_details,1.25,1536
51.0,"Chrome, 117",Laptop,10/13/2023 1:04:52 PM,Female,Right,768,Laptop Monitor,Trackpad,439513294491_s001_participant_details,1,1366
38.0,"Chrome, 117",Laptop,10/13/2023 1:56:53 PM,Male,Right,864,Laptop Monitor,Trackpad,199718243908_s001_participant_details,1.25,1536
48.0,"Chrome, 118",Laptop,10/13/2023 1:13:28 PM,Male,Right,720,Laptop Monitor,Mouse,427979396888_s001_participant_details,1.5,1280
31.0,"Chrome, 118",Laptop,10/13/2023 1:06:34 PM,Male,Left,864,Laptop Monitor,Trackpad,624015980400_s001_participant_details,1.25,1536
55.0,"Chrome, 117",Desktop,10/13/2023 1:04:34 PM,Male,Right,768,External Monitor,Mouse,56767792906_s001_participant_details,1,1366
63.0,"Chrome, 118",Laptop,10/12/2023 1:50:20 PM,Female,Right,768,Laptop Monitor,Mouse,995622965740_s001_participant_details,1,1366
53.0,"Chrome, 118",Desktop,10/12/2023 2:01:03 PM,Female,Right,618,Laptop Monitor,Mouse,894596827216_s001_participant_details,1.75,1098
47.0,"Chrome, 117",Laptop,10/13/2023 1:08:22 PM,Male,Right,720,Laptop Monitor,Trackpad,353267429629_s001_participant_details,1.5,1280
73.0,"Chrome, 117",Desktop,10/13/2023 1:10:00 PM,Female,Right,1050,External Monitor,Mouse,140384659403_s001_participant_details,1,1680
19.0,"Chrome, 117",Laptop,10/12/2023 1:36:23 PM,Male,Left,900,Laptop Monitor,Trackpad,660965892719_s001_participant_details,2,1440
63.0,"Chrome, 118",Laptop,10/12/2023 1:51:25 PM,Female,Right,864,Laptop Monitor,Trackpad,709011816186_s001_participant_details,1.25,1536
31.0,"Firefox, 118",Desktop,10/12/2023 1:44:00 PM,Male,Right,800,External Monitor,Mouse,664917210582_s001_participant_details,1.5,1280
47.0,"Chrome, 117",Laptop,10/13/2023 1:06:16 PM,Male,Left,768,Laptop Monitor,Mouse,631329533178_s001_participant_details,1,1366
35.0,"Chrome, 117",Laptop,10/12/2023 1:35:25 PM,Male,Right,800,Laptop Monitor,Trackpad,69378932239_s001_participant_details,2,1280
66.0,"Chrome, 109",Desktop,10/13/2023 1:07:21 PM,Male,Right,1024,External Monitor,Mouse,804923957446_s001_participant_details,1,1280
21.0,"Chrome, 117",Laptop,10/13/2023 1:03:32 PM,Female,Right,864,Laptop Monitor,Trackpad,823657240718_s001_participant_details,1.25,1536
18.0,"Firefox, 118",Laptop,10/13/2023 1:07:51 PM,Male,Right,768,Laptop Monitor,Trackpad,501492992509_s001_participant_details,1,1366
43.0,"Chrome, 118",Desktop,10/13/2023 1:07:41 PM,Female,Left,1440,External Monitor,Mouse,284887481713_s001_participant_details,1.5,2560
32.0,"Chrome, 117",Laptop,10/13/2023 1:52:21 PM,Male,Right,864,Laptop Monitor,Trackpad,694313736399_s001_participant_details,1.25,1536
38.0,"Chrome, 116",Desktop,10/13/2023 1:07:12 PM,Female,Right,982,External Monitor,Mouse,264130884315_s001_participant_details,2,1512
26.0,"Chrome, 117",Laptop,10/13/2023 1:02:19 PM,Female,Right,768,Laptop Monitor,Trackpad,891532907728_s001_participant_details,1,1366
50.0,"Firefox, 118",Laptop,10/13/2023 1:05:21 PM,Male,Right,810,Laptop Monitor,Mouse,737828750163_s001_participant_details,1.3333333333333333,1440
38.0,"Chrome, 117",Laptop,10/12/2023 1:39:43 PM,Female,Right,720,Laptop Monitor,Trackpad,706570674898_s001_participant_details,1.5,1280
26.0,"Chrome, 116",Laptop,10/12/2023 1:48:56 PM,Female,Right,900,Laptop Monitor,Trackpad,678681607125_s001_participant_details,2,1440
36.0,"Chrome, 117",Laptop,10/13/2023 1:01:54 PM,Male,Left,1080,Laptop Monitor,Trackpad,205160485114_s001_participant_details,1,1920
23.0,"Chrome, 117",Laptop,10/13/2023 1:11:39 PM,Female,Right,1003,Laptop Monitor,Trackpad,466178274480_s001_participant_details,1.5,1504
31.0,"Chrome, 117",Desktop,10/12/2023 2:02:18 PM,Male,Right,1080,External Monitor,Mouse,3512277966_s001_participant_details,1,1920
61.0,"Chrome, 118",Desktop,10/12/2023 1:39:01 PM,Male,Right,864,External Monitor,Mouse,538891392759_s001_participant_details,1.25,1536
25.0,"Chrome, 117",Desktop,10/12/2023 1:51:55 PM,Male,Right,1080,External Monitor,Mouse,514699809951_s001_participant_details,1,1920
55.0,"Chrome, 117",Laptop,10/13/2023 1:04:56 PM,Female,Right,720,Laptop Monitor,Trackpad,272993694525_s001_participant_details,1.5,1280
40.0,"Chrome, 118",Laptop,10/13/2023 1:06:54 PM,Female,Right,768,Laptop Monitor,Trackpad,245267280377_s001_participant_details,1,1366
27.0,"Chrome, 117",Laptop,10/12/2023 1:52:23 PM,Female,Right,768,Laptop Monitor,Trackpad,206032965332_s001_participant_details,1,1366
47.0,"Chrome, 118",Desktop,10/13/2023 1:07:26 PM,Female,Right,1024,External Monitor,Mouse,934420693200_s001_participant_details,1,1280
63.0,"Chrome, 118",Laptop,10/13/2023 1:06:44 PM,Female,Right,864,Laptop Monitor,Mouse,234950867248_s001_participant_details,1.25,1536
25.0,"Chrome, 118",Desktop,10/13/2023 1:02:25 PM,Male,Right,1080,External Monitor,Mouse,186217949958_s001_participant_details,1,1920
33.0,"Firefox, 118",Laptop,10/13/2023 1:10:12 PM,Female,Right,768,Laptop Monitor,Trackpad,326018211431_s001_participant_details,1,1366
22.0,"Firefox, 117",Laptop,10/12/2023 1:49:53 PM,Female,Right,864,Laptop Monitor,Trackpad,230918759014_s001_participant_details,1.25,1536
39.0,"Chrome, 116",Laptop,10/13/2023 1:06:36 PM,Male,Right,800,Laptop Monitor,Mouse,488543499493_s001_participant_details,1,1280
46.0,"Chrome, 117",Laptop,10/13/2023 1:08:52 PM,Female,Right,1080,Laptop Monitor,Mouse,91531718848_s001_participant_details,1.25,1920
32.0,"Chrome, 117",Laptop,10/12/2023 1:49:01 PM,Male,Right,864,Laptop Monitor,Trackpad,750330077949_s001_participant_details,1.25,1536
21.0,"Chrome, 118",Laptop,10/12/2023 1:39:02 PM,Male,Right,720,Laptop Monitor,Mouse,616859448142_s001_participant_details,1.5,1280
28.0,"Chrome, 117",Laptop,10/13/2023 1:09:16 PM,Female,Right,720,Laptop Monitor,Mouse,408276378177_s001_participant_details,1.5,1280
27.0,"Chrome, 118",Desktop,10/13/2023 8:07:05 AM,Female,Right,1080,External Monitor,Mouse,87299142964_s001_participant_details,1,1920
29.0,"Chrome, 109",Laptop,10/13/2023 1:05:40 PM,Female,Right,768,Laptop Monitor,Trackpad,491837100125_s001_participant_details,1,1366
32.0,"Opera, undefined",Laptop,10/13/2023 1:02:28 PM,Male,Right,1080,External Monitor,Mouse,857258294243_s001_participant_details,1,1920
33.0,"Chrome, 117",Desktop,10/13/2023 1:04:22 PM,Male,Right,1080,External Monitor,Mouse,698855060851_s001_participant_details,1,1920
27.0,"Chrome, 117",Desktop,10/13/2023 1:07:25 PM,Female,Right,1080,External Monitor,Mouse,879327289061_s001_participant_details,1,1920
56.0,"Firefox, 115",Laptop,10/13/2023 1:10:17 PM,Male,Right,768,Laptop Monitor,Trackpad,564938298193_s001_participant_details,1,1366
33.0,"Chrome, 117",Laptop,10/13/2023 1:11:10 PM,Female,Right,768,Laptop Monitor,Trackpad,251308053499_s001_participant_details,1,1366
51.0,"Chrome, 117",Laptop,10/12/2023 1:52:53 PM,Female,Right,768,Laptop Monitor,Trackpad,374362493632_s001_participant_details,1.100000023841858,1366
60.0,"Chrome, 117",Laptop,10/13/2023 2:02:54 PM,Female,Right,768,Laptop Monitor,Trackpad,982309131650_s001_participant_details,1,1366
60.0,"Chrome, 118",Laptop,10/13/2023 1:04:47 PM,Male,Right,864,Laptop Monitor,Mouse,123183469520_s001_participant_details,1.25,1536
31.0,"Firefox, 118",Laptop,10/12/2023 1:52:16 PM,Male,Right,720,Laptop Monitor,Trackpad,890450031962_s001_participant_details,1.5,1280
73.0,"Chrome, 117",Desktop,10/12/2023 1:47:36 PM,Female,Right,1080,External Monitor,Mouse,363396258093_s001_participant_details,1,1920
35.0,"Chrome, 118",Laptop,10/12/2023 1:48:04 PM,Female,Right,1080,Laptop Monitor,Mouse,453578034881_s001_participant_details,1,1920
25.0,"Firefox, 117",Laptop,10/13/2023 4:37:03 PM,Male,Right,2100,Laptop Monitor,Trackpad,383627469185_s001_participant_details,1,3360
59.0,"Chrome, 117",Laptop,10/13/2023 1:07:38 PM,Female,Left,615,Laptop Monitor,Trackpad,625957949785_s001_participant_details,1.25,1093
61.0,"Chrome, 117",Laptop,10/13/2023 1:21:26 PM,Male,Right,720,Laptop Monitor,Mouse,519645490683_s001_participant_details,1.3499999046325684,1280
38.0,"Chrome, 117",Laptop,10/13/2023 1:06:20 PM,Male,Right,1080,External Monitor,Mouse,132760789943_s001_participant_details,1,1920
59.0,"Chrome, 118",Desktop,10/13/2023 1:08:12 PM,Male,Right,1080,External Monitor,Mouse,522924106102_s001_participant_details,1,1920
28.0,"Firefox, 118",Desktop,10/12/2023 1:51:43 PM,Male,Right,1080,External Monitor,Mouse,852150209946_s001_participant_details,1,1920
54.0,"Chrome, 118",Laptop,10/13/2023 1:48:47 PM,Male,Right,768,Laptop Monitor,Mouse,399793741991_s001_participant_details,1,1360
47.0,"Chrome, 117",Desktop,10/13/2023 1:15:20 PM,Male,Right,900,External Monitor,Mouse,761679645860_s001_participant_details,1.2000000476837158,1600
35.0,"Firefox, 118",Desktop,10/18/2023 1:34:58 PM,Male,Left,768,External Monitor,Mouse,219942741794_s001_participant_details,1,1366
51.0,"Chrome, 117",Desktop,10/12/2023 1:50:08 PM,Male,Right,864,External Monitor,Mouse,928185260389_s001_participant_details,1.25,1536
35.0,"Chrome, 117",Laptop,10/12/2023 1:52:08 PM,Female,Right,864,Laptop Monitor,Trackpad,624326525488_s001_participant_details,1.25,1536
34.0,"Chrome, 115",Laptop,10/13/2023 1:03:13 PM,Female,Right,900,Laptop Monitor,Trackpad,756482156459_s001_participant_details,1,1440
21.0,"Chrome, 117",Laptop,10/13/2023 1:32:44 PM,Female,Right,768,Laptop Monitor,Trackpad,760820905212_s001_participant_details,1,1366
42.0,"Chrome, 117",Laptop,10/13/2023 1:08:56 PM,Female,Right,800,Laptop Monitor,Trackpad,498265361879_s001_participant_details,1.5,1280
41.0,"Chrome, 117",Laptop,10/13/2023 1:04:44 PM,Female,Right,768,Laptop Monitor,Mouse,863045202801_s001_participant_details,1,1366
60.0,"Chrome, 117",Laptop,10/12/2023 1:44:44 PM,Female,Right,1067,Laptop Monitor,Mouse,575425482820_s001_participant_details,1.5,1707
30.0,"Chrome, 117",Desktop,10/13/2023 1:03:12 PM,Male,Right,1080,External Monitor,Mouse,211445384891_s001_participant_details,1,1920
36.0,"Chrome, 117",Laptop,10/12/2023 1:53:01 PM,Male,Right,1000,Laptop Monitor,Trackpad,42404767125_s001_participant_details,2,1500
32.0,"Chrome, 117",Laptop,10/13/2023 1:04:52 PM,Female,Right,768,Laptop Monitor,Mouse,690112326992_s001_participant_details,1.100000023841858,1366
42.0,"Firefox, 118",Laptop,10/12/2023 1:46:49 PM,Female,Right,1080,Laptop Monitor,Mouse,662896639900_s001_participant_details,1,1920
28.0,"Chrome, 117",Laptop,10/12/2023 1:49:45 PM,Male,Right,864,Laptop Monitor,Trackpad,707165035419_s001_participant_details,1.25,1536
30.0,"Chrome, 117",Laptop,10/13/2023 1:11:24 PM,Male,Right,864,Laptop Monitor,Mouse,554483397398_s001_participant_details,1.25,1536
57.0,"Chrome, 117",Laptop,10/13/2023 1:06:56 PM,Male,Right,768,Laptop Monitor,Mouse,520643238443_s001_participant_details,1,1366
50.0,"Chrome, 117",Laptop,10/13/2023 1:03:17 PM,Female,Right,864,Laptop Monitor,Mouse,644298611907_s001_participant_details,1.25,1536
36.0,"Chrome, 117",Laptop,10/13/2023 1:03:46 PM,Female,Right,864,Laptop Monitor,Trackpad,6196976173_s001_participant_details,1.25,1536
39.0,"Chrome, 117",Desktop,10/13/2023 1:15:48 PM,Male,Right,1080,External Monitor,Mouse,132109080906_s001_participant_details,0.800000011920929,1920
26.0,"Chrome, 118",Desktop,10/13/2023 1:02:52 PM,Male,Right,1080,External Monitor,Mouse,950401282636_s001_participant_details,1,1920
38.0,"Chrome, 117",Laptop,10/13/2023 1:56:33 PM,Female,Right,864,Laptop Monitor,Trackpad,340899273753_s001_participant_details,1.25,1536
56.0,"Chrome, 118",Laptop,10/13/2023 3:39:11 PM,Female,Right,864,Laptop Monitor,Trackpad,119388378225_s001_participant_details,1.25,1536
49.0,"Chrome, 117",Laptop,10/13/2023 1:04:17 PM,Male,Right,864,Laptop Monitor,Mouse,787634621141_s001_participant_details,1.25,1536
47.0,"Chrome, 103",Laptop,10/13/2023 1:05:05 PM,Female,Right,800,Laptop Monitor,Trackpad,922666165279_s001_participant_details,2,1280
29.0,"Chrome, 117",Laptop,10/13/2023 1:09:16 PM,Male,Right,1080,Laptop Monitor,Trackpad,248674978269_s001_participant_details,1,1920
32.0,"Firefox, 118",Laptop,10/13/2023 1:08:05 PM,Male,Right,1080,Laptop Monitor,Mouse,299489942844_s001_participant_details,1,1920
34.0,"Chrome, 117",Desktop,10/13/2023 1:13:44 PM,Male,Right,1080,External Monitor,Mouse,266126640839_s001_participant_details,1,1920
55.0,"Chrome, 117",Laptop,10/13/2023 1:10:27 PM,Female,Right,864,Laptop Monitor,Trackpad,549389360938_s001_participant_details,1.25,1536
18.0,"Chrome, 117",Desktop,10/13/2023 1:06:52 PM,Male,Right,1080,External Monitor,Mouse,803522135131_s001_participant_details,1,1920
58.0,"Chrome, 117",Desktop,10/12/2023 1:50:52 PM,Female,Right,1080,External Monitor,Trackpad,747682140674_s001_participant_details,1,1920
26.0,"Chrome, 118",Laptop,10/13/2023 1:07:29 PM,Female,Right,864,Laptop Monitor,Mouse,618976041208_s001_participant_details,1.25,1536
21.0,"Chrome, 117",Desktop,10/13/2023 1:34:56 PM,Male,Right,1080,External Monitor,Mouse,381467347498_s001_participant_details,1,1920
26.0,"Chrome, 117",Laptop,10/13/2023 1:03:21 PM,Female,Right,864,Laptop Monitor,Trackpad,865611255867_s001_participant_details,1.25,1536
27.0,"Chrome, 117",Laptop,10/13/2023 1:05:23 PM,Male,Right,1050,Laptop Monitor,Trackpad,81350229447_s001_participant_details,2,1680
30.0,"Chrome, 117",Desktop,10/13/2023 1:02:31 PM,Male,Right,1080,External Monitor,Mouse,108547605108_s001_participant_details,1,1920
28.0,"Chrome, 117",Laptop,10/13/2023 1:07:58 PM,Female,Left,864,Laptop Monitor,Mouse,836677602492_s001_participant_details,1.25,1536
54.0,"Chrome, 117",Desktop,10/12/2023 1:53:31 PM,Female,Right,1050,Laptop Monitor,Trackpad,609066119184_s001_participant_details,2,1680
30.0,"Chrome, 117",Laptop,10/13/2023 1:09:17 PM,Male,Right,960,Laptop Monitor,Mouse,441084582125_s001_participant_details,2.5,1536
38.0,"Chrome, 117",Laptop,10/13/2023 1:27:57 PM,Female,Right,720,Laptop Monitor,Trackpad,75729007134_s001_participant_details,1.5,1280
27.0,"Chrome, 117",Desktop,10/13/2023 1:08:03 PM,Male,Right,960,External Monitor,Mouse,247101632412_s001_participant_details,2.25,1707
43.0,"Chrome, 118",Laptop,10/18/2023 1:02:02 PM,Male,Right,1080,Laptop Monitor,Mouse,591787668410_s001_participant_details,1,1920
66.0,"Chrome, 117",Laptop,10/13/2023 1:07:32 PM,Female,Right,667,Laptop Monitor,Mouse,789176471764_s001_participant_details,1.6200001239776611,1186
40.0,"Chrome, 117",Desktop,10/13/2023 1:08:17 PM,Male,Right,1440,External Monitor,Mouse,964304241118_s001_participant_details,1,2560
53.0,"Firefox, 118",Laptop,10/13/2023 1:14:15 PM,Male,Left,1080,External Monitor,Mouse,183824516134_s001_participant_details,1,1920
51.0,"Chrome, 118",Laptop,10/13/2023 1:04:21 PM,Male,Right,864,Laptop Monitor,Mouse,851634270977_s001_participant_details,1.25,1536
40.0,"Chrome, 117",Laptop,10/13/2023 1:08:20 PM,Female,Right,768,Laptop Monitor,Trackpad,211914503015_s001_participant_details,1,1366
29.0,"Chrome, 108",Laptop,10/13/2023 1:02:26 PM,Male,Right,900,Laptop Monitor,Trackpad,254253289429_s001_participant_details,2,1440
52.0,"Chrome, 117",Laptop,10/13/2023 1:11:24 PM,Female,Right,768,Laptop Monitor,Mouse,478867326164_s001_participant_details,1,1366
69.0,"Chrome, 117",Laptop,10/13/2023 1:04:38 PM,Male,Right,768,Laptop Monitor,Trackpad,657277573598_s001_participant_details,1,1366
23.0,"Chrome, 117",Desktop,10/12/2023 1:51:10 PM,Female,Right,1440,External Monitor,Mouse,307390059111_s001_participant_details,1,2560
38.0,"Chrome, 117",Laptop,10/13/2023 1:09:32 PM,Male,Left,900,Laptop Monitor,Trackpad,47769424039_s001_participant_details,2,1440
62.0,"Chrome, 118",Laptop,10/13/2023 1:14:56 PM,Male,Right,864,Laptop Monitor,Mouse,329580827848_s001_participant_details,1.25,1536
19.0,"Safari, 16",Desktop,10/12/2023 1:49:02 PM,Female,Right,956,Laptop Monitor,Mouse,94212257303_s001_participant_details,2,1470
35.0,"Firefox, 119",Desktop,10/13/2023 2:08:43 PM,Male,Right,1080,External Monitor,Mouse,479406978469_s001_participant_details,1,1920
79.0,"Opera, undefined",Laptop,10/13/2023 1:05:32 PM,Female,Right,561,Laptop Monitor,Mouse,526302751153_s001_participant_details,1.027500033378601,998
50.0,"Chrome, 117",Laptop,10/13/2023 1:06:24 PM,Male,Right,720,Laptop Monitor,Mouse,809600020525_s001_participant_details,1.5,1280
29.0,"Chrome, 117",Desktop,10/18/2023 1:02:24 PM,Female,Right,768,Laptop Monitor,Trackpad,777654116973_s001_participant_details,1,1366
31.0,"Chrome, 117",Laptop,10/13/2023 1:09:47 PM,Female,Right,1080,Laptop Monitor,Mouse,303616114193_s001_participant_details,1,1920
38.0,"Chrome, 117",Desktop,10/12/2023 1:47:52 PM,Female,Right,1080,External Monitor,Mouse,84703686414_s001_participant_details,1,1920
62.0,"Firefox, 118",Desktop,10/13/2023 1:05:30 PM,Female,Right,720,External Monitor,Mouse,998236395651_s001_participant_details,1.5,1280
64.0,"Chrome, 117",Laptop,10/12/2023 1:51:53 PM,Male,Right,768,Laptop Monitor,Trackpad,643459252314_s001_participant_details,1,1366
50.0,"Chrome, 118",Laptop,10/13/2023 8:13:50 AM,Male,Right,768,Laptop Monitor,Mouse,320314205950_s001_participant_details,1,1366
40.0,"Chrome, 117",Desktop,10/13/2023 1:14:33 PM,Male,Right,900,External Monitor,Mouse,826145207043_s001_participant_details,1,1440
56.0,"Chrome, 109",Laptop,10/13/2023 1:08:52 PM,Female,Right,768,Laptop Monitor,Trackpad,785879140021_s001_participant_details,1,1366
27.0,"Chrome, 117",Laptop,10/12/2023 1:41:28 PM,Male,Right,1080,External Monitor,Trackpad,491690849186_s001_participant_details,1,1920
60.0,"Firefox, 118",Laptop,10/13/2023 2:06:40 PM,Male,Right,1080,Laptop Monitor,Mouse,650598146952_s001_participant_details,1,1920
34.0,"Chrome, 117",Desktop,10/13/2023 1:55:09 PM,Male,Left,1080,External Monitor,Mouse,89758134912_s001_participant_details,1,1920
23.0,"Chrome, 117",Laptop,10/13/2023 1:06:08 PM,Male,Right,768,Laptop Monitor,Trackpad,627511081285_s001_participant_details,1,1366
31.0,"Chrome, 118",Desktop,10/13/2023 1:02:28 PM,Male,Left,1080,External Monitor,Mouse,261405949946_s001_participant_details,1,1920
22.0,"Chrome, 118",Desktop,10/13/2023 1:04:22 PM,Male,Right,1440,External Monitor,Mouse,170080221025_s001_participant_details,1.5,2560
51.0,"Chrome, 117",Desktop,10/13/2023 1:09:32 PM,Female,Right,1080,External Monitor,Mouse,104274630779_s001_participant_details,1,1920
61.0,"Chrome, 118",Laptop,10/18/2023 1:05:24 PM,Female,Right,768,Laptop Monitor,Mouse,261654776288_s001_participant_details,1,1366
65.0,"Chrome, 117",Laptop,10/13/2023 1:13:51 PM,Female,Right,768,Laptop Monitor,Trackpad,390771680977_s001_participant_details,1,1366
41.0,"Firefox, 118",Desktop,10/13/2023 1:14:10 PM,Male,Right,1080,External Monitor,Mouse,415114416275_s001_participant_details,1,1920
54.0,"Chrome, 117",Laptop,10/13/2023 1:20:38 PM,Male,Right,768,Laptop Monitor,Mouse,366712725954_s001_participant_details,1,1366
35.0,"Safari, 13",Laptop,10/12/2023 1:53:08 PM,Female,Right,900,Laptop Monitor,Trackpad,507283287821_s001_participant_details,1,1440
30.0,"Chrome, 117",Laptop,10/12/2023 1:45:07 PM,Female,Right,900,Laptop Monitor,Trackpad,577336943708_s001_participant_details,2,1440
58.0,"Chrome, 117",Laptop,10/13/2023 1:05:37 PM,Male,Right,768,External Monitor,Mouse,139654613099_s001_participant_details,1,1366
34.0,"Chrome, 117",Laptop,10/12/2023 1:47:18 PM,Female,Right,768,Laptop Monitor,Trackpad,788534438470_s001_participant_details,1,1366
59.0,"Chrome, 117",Laptop,10/13/2023 1:09:02 PM,Female,Right,615,Laptop Monitor,Trackpad,830764988902_s001_participant_details,1.25,1093
61.0,"Chrome, 116",Laptop,10/13/2023 1:07:04 PM,Male,Right,864,Laptop Monitor,Mouse,220885766670_s001_participant_details,1.25,1536
39.0,"Chrome, 117",Desktop,10/12/2023 1:36:09 PM,Female,Right,1080,External Monitor,Mouse,818668159889_s001_participant_details,1,1920
57.0,"Chrome, 117",Laptop,10/13/2023 1:05:31 PM,Female,Right,1080,External Monitor,Mouse,74249908328_s001_participant_details,1,1920
31.0,"Chrome, 117",Laptop,10/13/2023 1:10:27 PM,Female,Right,768,Laptop Monitor,Trackpad,928426922298_s001_participant_details,1,1366
25.0,"Chrome, 117",Laptop,10/13/2023 1:07:08 PM,Male,Left,768,Laptop Monitor,Mouse,73180105537_s001_participant_details,1,1366
52.0,"Chrome, 117",Desktop,10/12/2023 1:54:40 PM,Female,Right,1440,External Monitor,Mouse,526591815054_s001_participant_details,2,2560
21.0,"Chrome, 118",Laptop,10/13/2023 1:03:14 PM,Male,Right,912,Laptop Monitor,Mouse,525743780657_s001_participant_details,2,1368
57.0,"Chrome, 117",Laptop,10/13/2023 1:05:16 PM,Male,Right,864,Laptop Monitor,Trackpad,716171277686_s001_participant_details,1.25,1536
29.0,"Chrome, 117",Laptop,10/13/2023 1:02:30 PM,Male,Right,982,Laptop Monitor,Trackpad,71419700048_s001_participant_details,2,1512
61.0,"Chrome, 117",Laptop,10/13/2023 1:04:09 PM,Female,Left,900,Laptop Monitor,Trackpad,1721418462_s001_participant_details,1,1600
30.0,"Chrome, 117",Laptop,10/13/2023 1:04:53 PM,Male,Right,1080,Laptop Monitor,Mouse,825555997667_s001_participant_details,1,1920
27.0,"Chrome, 117",Laptop,10/12/2023 1:39:12 PM,Female,Right,1152,External Monitor,Mouse,826551196165_s001_participant_details,1.25,2048
30.0,"Chrome, 117",Laptop,10/13/2023 1:03:07 PM,Female,Right,864,Laptop Monitor,Mouse,965587163344_s001_participant_details,1.25,1536
35.0,"Firefox, 118",Desktop,10/12/2023 1:43:24 PM,Male,Left,1080,External Monitor,Mouse,432379164500_s001_participant_details,1,1920
31.0,"Firefox, 95",Desktop,10/13/2023 1:03:31 PM,Male,Right,1080,External Monitor,Mouse,708731377264_s001_participant_details,1,1920
65.0,"Chrome, 118",Laptop,10/13/2023 1:03:15 PM,Female,Right,864,Laptop Monitor,Mouse,797606508946_s001_participant_details,1.25,1536
32.0,"Chrome, 116",Laptop,10/13/2023 1:08:20 PM,Male,Left,900,Laptop Monitor,Trackpad,828356987563_s001_participant_details,2,1440
33.0,"Safari, 16",Laptop,10/12/2023 1:31:39 PM,Female,Left,900,Laptop Monitor,Trackpad,802470273105_s001_participant_details,2,1440
26.0,"Chrome, 117",Laptop,10/13/2023 2:09:35 PM,Male,Right,768,Laptop Monitor,Mouse,460031946655_s001_participant_details,0.6666666865348816,1366
34.0,"Chrome, 117",Laptop,10/12/2023 1:42:38 PM,Female,Left,854,External Monitor,Trackpad,737582583446_s001_participant_details,1.5,1280
32.0,"Chrome, 116",Laptop,10/13/2023 1:06:18 PM,Female,Right,720,Laptop Monitor,Trackpad,526791953481_s001_participant_details,1.5,1280
62.0,"Chrome, 117",Desktop,10/13/2023 1:03:50 PM,Female,Right,900,External Monitor,Mouse,942895571934_s001_participant_details,1.2000000476837158,1600
73.0,"Firefox, 118",Laptop,10/13/2023 1:06:47 PM,Male,Left,900,Laptop Monitor,Trackpad,917476948583_s001_participant_details,1,1600
40.0,"Chrome, 118",Laptop,10/13/2023 1:06:18 PM,Female,Right,864,Laptop Monitor,Mouse,549097653944_s001_participant_details,1.25,1536
47.0,"Chrome, 117",Laptop,10/13/2023 2:14:49 PM,Female,Right,864,Laptop Monitor,Mouse,158240405377_s001_participant_details,1.25,1536
56.0,"Chrome, 117",Laptop,10/13/2023 1:16:21 PM,Male,Right,1000,Laptop Monitor,Trackpad,814708099700_s001_participant_details,2,1500
29.0,"Chrome, 114",Laptop,10/12/2023 1:56:08 PM,Male,Right,800,Laptop Monitor,Mouse,211349502438_s001_participant_details,1,1280
31.0,"Chrome, 117",Laptop,10/13/2023 1:03:21 PM,Male,Right,720,Laptop Monitor,Trackpad,759023618418_s001_participant_details,1.5,1280
23.0,"Chrome, 117",Laptop,10/13/2023 1:11:14 PM,Male,Right,960,Laptop Monitor,Trackpad,914192695869_s001_participant_details,1.5,1707
28.0,"Chrome, 118",Laptop,10/12/2023 1:55:41 PM,Female,Right,768,Laptop Monitor,Trackpad,258433481445_s001_participant_details,1,1366
48.0,"Chrome, 117",Laptop,10/13/2023 1:03:22 PM,Female,Right,768,Laptop Monitor,Trackpad,381056854035_s001_participant_details,1,1366
41.0,"Chrome, 117",Desktop,10/12/2023 1:35:02 PM,Female,Right,720,Laptop Monitor,Trackpad,142243756214_s001_participant_details,1.5,1280
40.0,"Chrome, 117",Laptop,10/13/2023 1:07:48 PM,Female,Right,768,Laptop Monitor,Mouse,311518904287_s001_participant_details,1,1366
62.0,"Chrome, 117",Laptop,10/13/2023 1:08:34 PM,Female,Right,720,Laptop Monitor,Trackpad,994898098986_s001_participant_details,1.5,1280
35.0,"Chrome, 117",Laptop,10/13/2023 1:07:13 PM,Male,Right,720,Laptop Monitor,Mouse,357323471689_s001_participant_details,1.5,1280
38.0,"Firefox, 118",Laptop,10/12/2023 8:48:15 AM,Male,Right,1080,Laptop Monitor,Mouse,99897861946_s001_participant_details,1,1920
20.0,"Chrome, 118",Desktop,10/13/2023 1:05:01 PM,Male,Right,1080,External Monitor,Mouse,945312269032_s001_participant_details,1,1920
29.0,"Chrome, 120",Laptop,10/13/2023 3:13:27 PM,Male,Right,1050,Laptop Monitor,Trackpad,672964076977_s001_participant_details,1.3333333730697632,1680
54.0,"Chrome, 118",Laptop,10/13/2023 1:04:26 PM,Female,Right,768,Laptop Monitor,Mouse,385475812479_s001_participant_details,0.8999999761581421,1366
61.0,"Chrome, 117",Laptop,10/13/2023 1:04:36 PM,Female,Right,768,Laptop Monitor,Mouse,724549951264_s001_participant_details,0.800000011920929,1366
40.0,"Chrome, 117",Laptop,10/13/2023 4:10:45 PM,Female,Right,854,Laptop Monitor,Trackpad,466829519253_s001_participant_details,1.5,1280
40.0,"Chrome, 117",Laptop,10/13/2023 1:05:50 PM,Female,Right,900,Laptop Monitor,Trackpad,669404158834_s001_participant_details,1,1600
39.0,"Chrome, 117",Laptop,10/13/2023 1:01:42 PM,Male,Right,1080,External Monitor,Mouse,686622809385_s001_participant_details,1,1920
34.0,"Chrome, 117",Laptop,10/12/2023 1:52:03 PM,Female,Right,864,Laptop Monitor,Trackpad,60516332508_s001_participant_details,1.25,1536
62.0,"Chrome, 117",Desktop,10/13/2023 1:06:09 PM,Male,Right,1080,External Monitor,Mouse,645686800824_s001_participant_details,1.25,1920
69.0,"Chrome, 118",Laptop,10/13/2023 1:04:44 PM,Male,Right,1080,External Monitor,Mouse,25723101804_s001_participant_details,1,1920
38.0,"Chrome, 117",Laptop,10/13/2023 1:13:57 PM,Male,Right,720,Laptop Monitor,Mouse,496151081984_s001_participant_details,1.5,1280
54.0,"Firefox, 118",Laptop,10/13/2023 1:07:20 PM,Female,Right,1080,Laptop Monitor,Mouse,72586384601_s001_participant_details,1,1920
21.0,"Chrome, 115",Laptop,10/12/2023 1:25:59 PM,Female,Right,981,Laptop Monitor,Mouse,354701472446_s001_participant_details,1.1002864837646484,1745
37.0,"Chrome, 117",Laptop,10/12/2023 1:51:58 PM,Female,Right,768,Laptop Monitor,Trackpad,490372725762_s001_participant_details,1,1366
35.0,"Chrome, 117",Laptop,10/12/2023 1:53:53 PM,Female,Right,864,Laptop Monitor,Trackpad,894260352710_s001_participant_details,1.25,1536
22.0,"Chrome, 118",Desktop,10/13/2023 1:02:20 PM,Male,Left,1080,External Monitor,Mouse,527790458407_s001_participant_details,1,1920
24.0,"Chrome, 117",Desktop,10/13/2023 1:03:06 PM,Male,Right,1152,External Monitor,Mouse,451075873570_s001_participant_details,1.25,2048
33.0,"Chrome, 117",Desktop,10/12/2023 1:47:05 PM,Female,Right,1080,External Monitor,Mouse,424813729943_s001_participant_details,1,1920
38.0,"Firefox, 118",Desktop,10/12/2023 1:33:23 PM,Male,Right,1080,External Monitor,Mouse,942172447685_s001_participant_details,1,1920
45.0,"Opera, undefined",Laptop,10/12/2023 1:36:39 PM,Male,Right,864,Laptop Monitor,Mouse,172440417576_s001_participant_details,1.25,1536
49.0,"Chrome, 117",Laptop,10/13/2023 1:05:07 PM,Female,Right,768,Laptop Monitor,Mouse,33616929547_s001_participant_details,1,1366
27.0,"Chrome, 118",Desktop,10/13/2023 1:03:00 PM,Male,Right,1080,External Monitor,Mouse,554783556843_s001_participant_details,1,1920
39.0,"Chrome, 117",Laptop,10/13/2023 1:05:24 PM,Female,Right,768,Laptop Monitor,Trackpad,263290655799_s001_participant_details,1,1366
32.0,"Chrome, 117",Laptop,10/13/2023 1:01:35 PM,Female,Right,900,Laptop Monitor,Trackpad,810153302503_s001_participant_details,2,1440
39.0,"Chrome, 117",Laptop,10/12/2023 1:50:29 PM,Female,Right,900,Laptop Monitor,Trackpad,425971333170_s001_participant_details,2,1440
41.0,"Chrome, 118",Desktop,10/12/2023 1:55:07 PM,Male,Left,1080,External Monitor,Mouse,372881010640_s001_participant_details,1,1920
58.0,"Firefox, 88",Laptop,10/13/2023 1:06:58 PM,Male,Left,800,Laptop Monitor,Trackpad,479103788267_s001_participant_details,1,1280
44.0,"Chrome, 118",Laptop,10/13/2023 1:06:34 PM,Male,Right,768,Laptop Monitor,Trackpad,558537738863_s001_participant_details,1,1366
37.0,"Chrome, 118",Desktop,10/13/2023 1:08:04 PM,Male,Right,1080,External Monitor,Mouse,484121365239_s001_participant_details,1,1920
57.0,"Chrome, 118",Desktop,10/13/2023 2:10:08 PM,Female,Right,768,External Monitor,Mouse,149687730008_s001_participant_details,1,1366
29.0,"Firefox, 118",Laptop,10/13/2023 1:06:52 PM,Male,Right,1080,Laptop Monitor,Mouse,37822414888_s001_participant_details,1,1920
41.0,"Chrome, 118",Desktop,10/13/2023 1:03:22 PM,Male,Right,1080,External Monitor,Mouse,671348925214_s001_participant_details,1,1920
46.0,"Chrome, 118",Desktop,10/13/2023 1:01:52 PM,Male,Right,1080,External Monitor,Mouse,370640644570_s001_participant_details,2,1920
59.0,"Chrome, 117",Desktop,10/13/2023 1:04:11 PM,Female,Right,864,Laptop Monitor,Mouse,945346587337_s001_participant_details,1.25,1536
54.0,"Chrome, 117",Laptop,10/12/2023 1:33:44 PM,Female,Right,864,Laptop Monitor,Trackpad,134751847945_s001_participant_details,1.25,1536
31.0,"Chrome, 117",Laptop,10/13/2023 1:11:15 PM,Female,Left,864,Laptop Monitor,Mouse,749614232918_s001_participant_details,1.25,1536
56.0,"Chrome, 117",Laptop,10/13/2023 1:18:16 PM,Female,Right,864,Laptop Monitor,Trackpad,141351339407_s001_participant_details,1.25,1536
50.0,"Chrome, 117",Laptop,10/12/2023 1:57:19 PM,Female,Right,720,Laptop Monitor,Trackpad,68466946249_s001_participant_details,1.5,1280
52.0,"Chrome, 118",Desktop,10/13/2023 1:03:23 PM,Male,Right,1080,External Monitor,Mouse,897928518708_s001_participant_details,1,1920
46.0,"Chrome, 117",Desktop,10/12/2023 1:37:11 PM,Male,Right,1080,Laptop Monitor,Mouse,852626928128_s001_participant_details,1,1920
33.0,"Chrome, 117",Desktop,10/13/2023 1:05:10 PM,Male,Right,1440,External Monitor,Mouse,986917736241_s001_participant_details,1,3440
40.0,"Firefox, 118",Laptop,10/13/2023 1:09:00 PM,Female,Right,684,Laptop Monitor,Mouse,536445911973_s001_participant_details,1.5789473684210527,1216
53.0,"Chrome, 117",Laptop,10/13/2023 1:03:18 PM,Male,Right,770,Laptop Monitor,Mouse,450251729693_s001_participant_details,1,1374
26.0,"Chrome, 118",Laptop,10/13/2023 1:26:44 PM,Female,Right,864,Laptop Monitor,Mouse,455411954782_s001_participant_details,1.25,1536
47.0,"Chrome, 117",Laptop,10/13/2023 1:05:55 PM,Male,Right,864,Laptop Monitor,Trackpad,157286867732_s001_participant_details,1.25,1536
43.0,"Chrome, 117",Laptop,10/13/2023 1:08:48 PM,Male,Right,720,Laptop Monitor,Mouse,637138033052_s001_participant_details,1.5,1280
62.0,"Firefox, 118",Laptop,10/13/2023 1:04:06 PM,Female,Right,900,Laptop Monitor,Trackpad,11866547632_s001_participant_details,2,1440
33.0,"Chrome, 118",Laptop,10/12/2023 1:56:07 PM,Male,Left,864,Laptop Monitor,Trackpad,710075415438_s001_participant_details,1.25,1536
21.0,"Chrome, 116",Laptop,10/12/2023 2:15:55 PM,Male,Right,768,Laptop Monitor,Trackpad,154695465695_s001_participant_details,1,1366
33.0,"Chrome, 103",Laptop,10/13/2023 1:05:17 PM,Male,Right,768,Laptop Monitor,Trackpad,395056795561_s001_participant_details,0.800000011920929,1366
55.0,"Chrome, 117",Laptop,10/13/2023 1:04:28 PM,Male,Left,1080,Laptop Monitor,Mouse,822554411599_s001_participant_details,1,1920
27.0,"Chrome, 117",Laptop,10/13/2023 1:06:35 PM,Male,Right,768,Laptop Monitor,Trackpad,38639956153_s001_participant_details,1,1366
42.0,"Chrome, 117",Laptop,10/13/2023 1:56:14 PM,Male,Right,720,Laptop Monitor,Mouse,698263481259_s001_participant_details,1.5,1280
